recno	iso_date	date	district	district_land	name	name_raw	land	section	first_parcel	parcels	aliases	land_count	orig_count	named_anchor	area_section	stage	stage_index	track	implementer	planner	auto_fixes	review_flags	project_id	is_current	anchor_recno
777	2019-07-24	108/7/24	中山區	中山區	擬訂臺北市中山區中山段一小段246地號等2筆土地都市更新事業計畫案	擬訂臺北市中山區中山段一小段246地號等2筆土地都市更新事業計畫案	臺北市中山區中山段一小段246、269地號等2筆土地	中山段一小段	246	246|269		2				擬訂	0	事業計畫	忠泰建設股份有限公司	園皓都市規劃有限公司			中山區-中山段一小段-246地號等2筆	true	777
991	2017-04-13	106/4/13	中山區	中山區	變更(第二次)臺北市中山區中山段一小段254地號等13筆土地都市更新權利變換計畫(含釐正圖冊)案	變更(第二次)臺北市中山區中山段一小段254地號等13筆土地都市更新權利變換計畫(含釐正圖冊)案	臺北市中山區中山段一小段254、255、256、257、258、259、260、261、262、263、264、265、266地號等13筆土地	中山段一小段	254	254|255|256|257|258|259|260|261|262|263|264|265|266		13				變更(第二次)	2	權利變換	聖得福建設開發股份有限公司	協和都市更新股份有限公司			中山區-中山段一小段-254地號等13筆	true	991
1037	2016-08-23	105/8/23	中山區	中山區	變更臺北市中山區中山段一小段254地號等13筆土地都市更新事業計畫及權利變換計畫案	變更臺北市中山區中山段一小段254地號等13筆土地都市更新事業計畫及權利變換計畫案	臺北市中山區中山段一小段254、255、256、257、258、259、260、261、262、263、264、265、266地號等13筆土地	中山段一小段	254	254|255|256|257|258|259|260|261|262|263|264|265|266		13				變更	1	事業計畫、權利變換	聖得福建設開發股份有限公司	協和都市更新股份有限公司			中山區-中山段一小段-254地號等13筆	false	991
1219	2012-08-27	101/8/27	中山區	中山區	擬訂臺北市中山區中山段一小段254地號等13筆土地都市更新事業計畫及權利變換計畫案	擬訂臺北市中山區中山段一小段254地號等13筆土地都市更新事業計畫及權利變換計畫案	臺北市中山區中山段一小段254、255、256、257、258、259、260、261、262、263、264、265、266地號等13筆土地	中山段一小段	254	254|255|256|257|258|259|260|261|262|263|264|265|266		13				擬訂	0	事業計畫、權利變換	聖得福建設開發股份有限公司	協和都市更新股份有限公司			中山區-中山段一小段-254地號等13筆	false	991
475	2022-03-22	111/3/22	中山區	中山區	擬訂臺北市中山區中山段一小段450地號等12筆土地都市更新事業概要案	擬訂臺北市中山區中山段一小段450地號等12筆土地都市更新事業概要案	臺北市中山區中山段一小段450、451、452、453、455、456、457、458、459、460、461、462地號等12筆土地	中山段一小段	450	450|451|452|453|455|456|457|458|459|460|461|462		12				擬訂	0	事業概要	鍾慶中	建福都更股份有限公司			中山區-中山段一小段-450地號等12筆	true	475
905	2018-04-17	107/4/17	中山區	中山區	變更(第二次)臺北市中山區中山段一小段614地號等6筆土地都市更新事業計畫案	變更(第二次)臺北市中山區中山段一小段614地號等6筆土地都市更新事業計畫案	臺北市中山區中山段一小段614、615、616、617、618、及620地號等6筆土地	中山段一小段	614	614|615|616|617|618		6				變更(第二次)	2	事業計畫	臺北市中山區中山段一小段614地號等6筆土地都市更新會	國土不動產顧問股份有限公司			中山區-中山段一小段-614地號等6筆	true	905
1096	2015-06-16	104/6/16	中山區	中山區	變更臺北市中山區中山段一小段614地號等6筆土地都市更新事業計畫案	變更臺北市中山區中山段一小段614地號等6筆土地都市更新事業計畫案	臺北市中山區中山段一小段614、615、616、617、618、620地號等6筆土地	中山段一小段	614	614|615|616|617|618|620		6				變更	1	事業計畫	臺北市中山區中山段一小段614地號等6筆土地都市更新會	逢達不動產開發顧問有限公司			中山區-中山段一小段-614地號等6筆	false	905
1205	2013-01-02	102/1/2	中山區	中山區	擬訂臺北市中山區中山段一小段614地號等6筆土地都市更新事業計畫案	擬訂臺北市中山區中山段一小段614地號等6筆土地都市更新事業計畫案	臺北市中山區中山段一小段614、615、616、617、618、620等6筆土地	中山段一小段	614	614|615|616|617|618		6				擬訂	0	事業計畫	臺北市中山區中山段一小段614地號等6筆土地都市更新會	逢達不動產開發顧問有限公司			中山區-中山段一小段-614地號等6筆	false	905
566	2021-05-13	110/5/13	中山區	中山區	變更臺北市中山區中山段一小段639地號等12筆土地都市更新事業計畫及擬訂權利變換計畫案	變更臺北市中山區中山段一小段639地號等12筆土地都市更新事業計畫及擬訂權利變換計畫案	臺北市中山區中山段一小段639、640、641、642、643、644、645、646、652、653、654、655地號等12筆	中山段一小段	639	639|640|641|642|643|644|645|646|652|653|654|655		12				變更	1	事業計畫、權利變換	耕薪都市更新股份有限公司	耕磊都市規劃股份有限公司			中山區-中山段一小段-639地號等12筆	true	566
859	2018-10-09	107/10/9	中山區	中山區	擬訂臺北市中山區中山段一小段639地號等12筆土地都市更新事業計畫案	擬訂臺北市中山區中山段一小段639地號等12筆土地都市更新事業計畫案	臺北市中山區中山段一小段639、640、641、642、643、644、645、646、652、653、654、655地號等12筆土地	中山段一小段	639	639|640|641|642|643|644|645|646|652|653|654|655		12				擬訂	0	事業計畫	耕薪都市更新股份有限公司	耕磊都市規劃股份有限公司			中山區-中山段一小段-639地號等12筆	false	566
1225	2012-06-04	101/6/4	中山區	中山區	擬訂臺北市中山區中山段一小段665地號等9筆土地都市更新事業計畫案	擬訂臺北市中山區中山段一小段665地號等9筆土地都市更新事業計畫案	臺北市中山區中山段一小段665、668、669、670、670-1、670-2、670-3、670-4、671-1地號等9筆土地	中山段一小段	665	665|668|669|670|670-1|670-2|670-3|670-4|671-1		9				擬訂	0	事業計畫	興益發建設企業股份有限公司	梁正芳建築師事務所			中山區-中山段一小段-665地號等9筆	true	1225
339	2023-04-25	112/4/25	中山區	中山區	變更臺北市中山區中山段三小段111地號等10筆土地都市更新事業計畫及權利變換計畫案	變更臺北市中山區中山段三小段111地號等10筆土地都市更新事業計畫及權利變換計畫案	臺北市中山區中山段三小段111、112、113、114、115、116、138、139、140、141地號等10筆土地	中山段三小段	111	111|112|113|114|115|116|138|139|140|141		10				變更	1	事業計畫、權利變換	璞真建設股份有限公司	冠霖不動產顧問股份有限公司			中山區-中山段三小段-111地號等10筆	true	339
594	2021-01-20	110/1/20	中山區	中山區	擬訂臺北市中山區中山段三小段111地號等10筆土地都市更新權利變換計畫案	擬訂臺北市中山區中山段三小段111地號等10筆土地都市更新權利變換計畫案	臺北市中山區中山段三小段111、112、113、114、115、116、138、139、140、141地號等10筆土地	中山段三小段	111	111|112|113|114|115|116|138|139|140|141		10				擬訂	0	權利變換	璞真建設股份有限公司	冠霖不動產顧問股份有限公司			中山區-中山段三小段-111地號等10筆	false	339
766	2019-08-28	108/8/28	中山區	中山區	擬訂臺北市中山區中山段三小段111地號等10筆土地都市更新事業計畫案	擬訂臺北市中山區中山段三小段111地號等10筆土地都市更新事業計畫案	臺北市中山區中山段三小段111、112、113、114、115、116、138、139、140、141地號等10筆土地	中山段三小段	111	111|112|113|114|115|116|138|139|140|141		10				擬訂	0	事業計畫	璞真建設股份有限公司	冠霖不動產顧問股份有限公司			中山區-中山段三小段-111地號等10筆	false	339
876	2018-08-14	107/8/14	中山區	中山區	變更臺北市中山區中山段三小段325地號等9筆土地都市更新事業計畫案	變更臺北市中山區中山段三小段325地號等9筆土地都市更新事業計畫案	臺北市中山區中山段三小段325、326、327、328、329、330、332、333、336地號等9筆土地	中山段三小段	325	325|326|327|328|329|330|332|333|336		9				變更	1	事業計畫	璞永建設股份有限公司	冠霖不動產顧問股份有限公司			中山區-中山段三小段-325地號等9筆	true	876
1022	2016-10-27	105/10/27	中山區	中山區	擬訂臺北市中山區中山段三小段325地號等9筆土地都市更新事業計畫案	擬訂臺北市中山區中山段三小段325地號等9筆土地都市更新事業計畫案	臺北市中山區中山段三小段325、326、327、328、329、330、332、333、336地號等9筆土地	中山段三小段	325	325|326|327|328|329|330|332|333|336		9				擬訂	0	事業計畫	璞永建設股份有限公司	冠霖不動產顧問股份有限公司			中山區-中山段三小段-325地號等9筆	false	876
812	2019-03-19	108/3/19	中山區	中山區	變更臺北市中山區中山段三小段57地號等7筆土地都市更新事業計畫及擬訂權利變換計畫案	變更臺北市中山區中山段三小段57地號等7筆土地都市更新事業計畫及擬訂權利變換計畫案	臺北市中山區中山段三小段57、58、59、60、61、62、71地號等7筆土地	中山段三小段	57	57|58|59|60|61|62|71		7				變更	1	事業計畫、權利變換	富百世建設股份有限公司	冠霖都市更新事業股份有限公司			中山區-中山段三小段-57地號等7筆	true	812
1287	2010-02-23	99/2/23	中山區	中山區	擬訂臺北市中山區中山段三小段57地號等7筆土地都市更新事業計畫案	擬訂臺北市中山區中山段三小段57地號等7筆土地都市更新事業計畫案	臺北市中山區中山段三小段57、58、59、60、61、62、71地號等7筆土地	中山段三小段	57	57|58|59|60|61|62|71		7				擬訂	0	事業計畫	富百世建設股份有限公司	大展資產顧問股份有限公司			中山區-中山段三小段-57地號等7筆	false	812
496	2021-12-29	110/12/29	中山區	中山區	變更(第四次)臺北市中山區中山段三小段812-2地號等15筆土地都市更新權利變換計畫案	變更(第四次)臺北市中山區中山段三小段812-2地號等15筆土地都市更新權利變換計畫案	臺北市中山區中山段三小段812-2、816、817、818、819、819-1、820、820-1、821、822、823、824、825、826、826-1地號等15筆土地	中山段三小段	812-2	812-2|816|817|818|819|819-1|820|820-1|821|822|823|824|825|826|826-1		15				變更(第四次)	4	權利變換	元大建設開發股份有限公司	財團法人都市更新研究發展基金會			中山區-中山段三小段-812-2地號等15筆	true	496
564	2021-06-02	110/6/2	中山區	中山區	變更(第三次)臺北市中山區中山段三小段812-2地號等15筆土地都市更新權利變換計畫案	變更(第三次)臺北市中山區中山段三小段812-2地號等15筆土地都市更新權利變換計畫案	臺北市中山區中山段三小段812-2、816、817、818、819、819-1、820、820-1、821、822、823、824、825、826、826-1地號等15筆土地	中山段三小段	812-2	812-2|816|817|818|819|819-1|820|820-1|821|822|823|824|825|826|826-1		15				變更(第三次)	3	權利變換	元大建設開發股份有限公司	財團法人都市更新研究發展基金會			中山區-中山段三小段-812-2地號等15筆	false	496
576	2021-04-01	110/4/1	中山區	中山區	變更(第二次)臺北市中山區中山段三小段812-2地號等15筆土地都市更新權利變換計畫案	變更(第二次)臺北市中山區中山段三小段812-2地號等15筆土地都市更新權利變換計畫案	臺北市中山區中山段三小段812-2、816、817、818、819、819-1、820、820-1、821、822、823、824、825、826、826-1地號等15筆土地	中山段三小段	812-2	812-2|816|817|818|819|819-1|820|820-1|821|822|823|824|825|826|826-1		15				變更(第二次)	2	權利變換	元大建設開發股份有限公司	財團法人都市更新研究發展基金會			中山區-中山段三小段-812-2地號等15筆	false	496
817	2019-03-07	108/3/7	中山區	中山區	變更臺北市中山區中山段三小段812-2地號等15筆土地都市更新事業計畫及權利變換計畫案	變更臺北市中山區中山段三小段812-2地號等15筆土地都市更新事業計畫及權利變換計畫案	臺北市中山區中山段三小段812-2、816、817、818、819、819-1、820、820-1、821、822、823、824、825、826、826-1地號等15筆土地	中山段三小段	812-2	812-2|816|817|818|819|819-1|820|820-1|821|822|823|824|825|826|826-1		15				變更	1	事業計畫、權利變換	元大建設開發股份有限公司	財團法人都市更新研究發展基金會			中山區-中山段三小段-812-2地號等15筆	false	496
984	2017-05-04	106/5/4	中山區	中山區	擬訂臺北市中山區中山段三小段812-2地號等15筆土地都市更新事業計畫及權利變換計畫案	擬訂臺北市中山區中山段三小段812-2地號等15筆土地都市更新事業計畫及權利變換計畫案	臺北市中山區中山段三小段812-2、816、817、818、819、819-1、820、820-1、821、822、823、824、825、826、826-1地號等15筆土地	中山段三小段	812-2	812-2|816|817|818|819|819-1|820|820-1|821|822|823|824|825|826|826-1		15				擬訂	0	事業計畫、權利變換	元大建設開發股份有限公司	財團法人都市更新研究發展基金會			中山區-中山段三小段-812-2地號等15筆	false	496
234	2024-04-09	113/4/9	中山區	中山區	變更臺北市中山區中山段二小段125地號1筆土地都市更新權利變換計畫案	變更臺北市中山區中山段二小段125地號1筆土地都市更新權利變換計畫案	臺北市中山區中山段二小段1251筆土地	中山段二小段	125			1				變更	1	權利變換	中國建築經理股份有限公司	財團法人都市更新研究發展基金會		地號無法解析(缺少地號清單)	中山區-中山段二小段-125地號等1筆	true	234
478	2022-03-09	111/3/9	中山區	中山區	擬訂臺北市中山區中山段二小段125地號1筆土地都市更新權利變換計畫案	擬訂臺北市中山區中山段二小段125地號1筆土地都市更新權利變換計畫案	臺北市中山區中山段二小段1251筆土地	中山段二小段	125			1				擬訂	0	權利變換	新碩建設股份有限公司	弘傑不動產事業股份有限公司		地號無法解析(缺少地號清單)	中山區-中山段二小段-125地號等1筆-2	true	478
952	2017-10-17	106/10/17	中山區	中山區	擬訂臺北市中山區中山段二小段202地號等12筆土地都市更新事業計畫案	擬訂臺北市中山區中山段二小段202地號等12筆土地都市更新事業計畫案	臺北市中山區中山段二小段202、203、204、205、206、207、216、217、218、219、220及221-3地號等12筆土地	中山段二小段	202	202|203|204|205|206|207|216|217|218|219		12				擬訂	0	事業計畫	忠泰建設股份有限公司	弘傑開發事業股份有限公司			中山區-中山段二小段-202地號等12筆	true	952
688	2020-04-15	109/4/15	中山區	中山區	擬訂臺北市中山區中山段二小段202地號等1筆(原12筆)土地都市更新事業計畫案	擬訂臺北市中山區中山段二小段202地號等1筆(原12筆)土地都市更新事業計畫案	、332-3、333及334地號等59筆土地臺北市中山區中山段二小段202等1筆土地	中山段二小段	202			1	12			擬訂	0	事業計畫	忠泰建設股份有限公司	弘傑開發事業股份有限公司		地號無法解析(缺少地號清單)	中山區-中山段二小段-202地號等1筆	true	688
92	2025-08-14	114/8/14	中山區	中山區	擬訂臺北市中山區中山段二小段221-1地號等12筆土地都市更新事業計畫案	擬訂臺北市中山區中山段二小段221-1地號等12筆土地都市更新事業計畫案	臺北市中山區中山段二小段221-1、241-1、251、252、253、254、255、256、257、258、259、260地號等12筆土地	中山段二小段	221-1	221-1|241-1|251|252|253|254|255|256|257|258|259|260		12				擬訂	0	事業計畫	中國建築經理股份有限公司	圓皓都市規劃有限公司			中山區-中山段二小段-221-1地號等12筆	true	92
187	2024-09-03	113/9/3	中山區	中山區	擬訂臺北市中山區中山段二小段234地號等4筆土地都市更新事業計畫案	擬訂臺北市中山區中山段二小段234地號等4筆土地都市更新事業計畫案	臺北市中山區中山段二小段234、234-1、239、239-1地號等4筆土地	中山段二小段	234	234|234-1|239|239-1		4				擬訂	0	事業計畫	弘傑永續股份有限公司	弘傑開發事業股份有限公司			中山區-中山段二小段-234地號等4筆	true	187
1360	2007-11-20	96/11/20	中山區	中山區	變更臺北市中山區中山段四小段473地號等8筆土地都市更新事業計畫及權利變換計畫案	變更臺北市中山區中山段四小段473地號等8筆土地都市更新事業計畫及權利變換計畫案	臺北市中山區中山段四小段473、473-1、473-2、473-3、473-4、473-5、473-7、473-8地號等8筆土地	中山段四小段	473	473|473-1|473-2|473-3|473-4|473-5|473-7|473-8		8				變更	1	事業計畫、權利變換	允鵬建設股份有限公司	陳傳宗建築師事務所			中山區-中山段四小段-473地號等8筆	true	1360
1394	2005-09-08	94/9/8	中山區	中山區	擬訂臺北市中山區中山段四小段473地號等8筆土地都市更新事業計畫及權利變換計畫案	擬訂臺北市中山區中山段四小段473地號等8筆土地都市更新事業計畫及權利變換計畫案	臺北市中山區中山段四小段473、473-1、473-2、473-3、473-4、473-5、473-7、473-8地號等8筆土地	中山段四小段	473	473|473-1|473-2|473-3|473-4|473-5|473-7|473-8		8				擬訂	0	事業計畫、權利變換	允鵬建設股份有限公司	陳傳宗建築師事務所			中山區-中山段四小段-473地號等8筆	false	1360
805	2019-04-23	108/4/23	中山區	中山區	變更臺北市中山區中山段四小段580地號等8筆土地都市更新事業計畫及擬訂權利變換計畫案	變更臺北市中山區中山段四小段580地號等8筆土地都市更新事業計畫及擬訂權利變換計畫案	臺北市中山區中山段四小段580、581、582、583、584、585、586、587地號等8筆土地	中山段四小段	580	580|581|582|583|584|585|586|587		8				變更	1	事業計畫、權利變換	保強建設開發股份有限公司	安邦工程顧問股份有限公司			中山區-中山段四小段-580地號等8筆	true	805
923	2018-01-09	107/1/9	中山區	中山區	擬訂臺北市中山區中山段四小段580地號等8筆土地都市更新事業計畫案	擬訂臺北市中山區中山段四小段580地號等8筆土地都市更新事業計畫案	臺北市中山區中山段四小段580、581、582、583、584、585、586、587地號等8筆土地	中山段四小段	580	580|581|582|583|584|585|586|587		8				擬訂	0	事業計畫	保強建設開發股份有限公司	安邦工程顧問股份有限公司			中山區-中山段四小段-580地號等8筆	false	805
206	2024-06-20	113/6/20	中山區	中山區	變更(第二次)臺北市中山區北安段一小段14-2地號等6筆土地都市更新權利變換計畫案	變更(第二次)臺北市中山區北安段一小段14-2地號等6筆土地都市更新權利變換計畫案	臺北市中山區北安段一小段14-2、14-5、15-2、15-75、15-81、82-3地號等6筆土地	北安段一小段	14-2	14-2|14-5|15-2|15-75|15-81|82-3		6				變更(第二次)	2	權利變換	震一建設股份有限公司	黃秀莊建築師事務所			中山區-北安段一小段-14-2地號等6筆	true	206
256	2024-01-11	113/1/11	中山區	中山區	變更臺北市中山區北安段一小段14-2地號等6筆土地都市更新權利變換計畫案	變更臺北市中山區北安段一小段14-2地號等6筆土地都市更新權利變換計畫案	臺北市中山區北安段一小段14-2、14-5、15-2、15-75、15-81、82-3地號等6筆土地	北安段一小段	14-2	14-2|14-5|15-2|15-75|15-81|82-3		6				變更	1	權利變換	震一建設股份有限公司	黃秀莊建築師事務所			中山區-北安段一小段-14-2地號等6筆	false	206
950	2017-10-19	106/10/19	中山區	中山區	變更臺北市中山區北安段一小段14-2地號等6筆土地都市更新事業計畫案及擬訂權利變換計畫案	變更臺北市中山區北安段一小段14-2地號等6筆土地都市更新事業計畫案及擬訂權利變換計畫案	臺北市中山區北安段一小段14-2、14-5、15-2、15-75、15-81、82-3地號等6筆土地	北安段一小段	14-2	14-2|14-5|15-2|15-75|15-81|82-3		6				變更	1	事業計畫、權利變換	震一建設股份有限公司	黃秀莊建築師事務所			中山區-北安段一小段-14-2地號等6筆	false	206
1200	2013-01-14	102/1/14	中山區	中山區	擬訂臺北市中山區北安段一小段14-2地號等6筆土地都市更新事業計畫案	擬訂臺北市中山區北安段一小段14-2地號等6筆土地都市更新事業計畫案	臺北市中山區北安段一小段14-2、14-5、15-2、15-75、15-81、82-3地號6筆土地	北安段一小段	14-2	14-2|14-5|15-2|15-75|15-81|82-3		6				擬訂	0	事業計畫	震一建設股份有限公司	緯城土地規劃工程顧問有限公司			中山區-北安段一小段-14-2地號等6筆	false	206
52	2026-02-10	115/2/10	中山區	中山區	變更臺北市中山區北安段一小段165地號等3筆土地都市更新權利變換計畫案	變更臺北市中山區北安段一小段165地號等3筆土地都市更新權利變換計畫案	臺北市中山區北安段一小段165、165-2、165-4地號等3筆土地	北安段一小段	165	165|165-2|165-4		3				變更	1	權利變換	聖得福建設開發股份有限公司	建福都更股份有限公司			中山區-北安段一小段-165地號等3筆	true	52
681	2020-04-30	109/4/30	中山區	中山區	擬訂臺北市中山區北安段一小段165地號等3筆土地都市更新事業計畫及權利變換計畫案	擬訂臺北市中山區北安段一小段165地號等3筆土地都市更新事業計畫及權利變換計畫案	臺北市中山區北安段一小段165、165-2、165-4地號等3筆土地	北安段一小段	165	165|165-2|165-4		3				擬訂	0	事業計畫、權利變換	聖得福建設開發股份有限公司	建福都更股份有限公司			中山區-北安段一小段-165地號等3筆	false	52
7	2026-07-16	115/7/16	中山區	中山區	擬訂臺北市中山區北安段一小段25地號等2筆土地都市更新權利變換計畫案	擬訂臺北市中山區北安段一小段25地號等2筆土地都市更新權利變換計畫案	臺北市中山區北安段一小段25、25-1地號等2筆土地	北安段一小段	25	25|25-1		2				擬訂	0	權利變換	潤泰創新國際股份有限公司	邑相更新規劃股份有限公司			中山區-北安段一小段-25地號等2筆	true	7
716	2020-01-14	109/1/14	中山區	中山區	擬訂臺北市中山區北安段一小段25地號等2筆土地都市更新事業計畫案	擬訂臺北市中山區北安段一小段25地號等2筆土地都市更新事業計畫案	臺北市中山區北安段一小段25、25-1地號等2筆土地	北安段一小段	25	25|25-1		2				擬訂	0	事業計畫	潤泰創新國際股份有限公司	邑相更新規劃股份有限公司			中山區-北安段一小段-25地號等2筆	false	7
238	2024-03-21	113/3/21	中山區	中山區	擬訂臺北市中山區北安段一小段60-1地號等10筆土地都市更新事業計畫案	擬訂臺北市中山區北安段一小段60-1地號等10筆土地都市更新事業計畫案	臺北市中山區北安段一小段60-1、60-2、60-3、60-4、65、65-1、66-2、66-3、66-4、66-5地號等10筆土地	北安段一小段	60-1	60-1|60-2|60-3|60-4|65|65-1|66-2|66-3|66-4|66-5		10				擬訂	0	事業計畫	聖得福建設開發股份有限公司	建福都更股份有限公司			中山區-北安段一小段-60-1地號等10筆	true	238
253	2024-01-31	113/1/31	中山區	中山區	擬訂臺北市中山區北安段一小段60-1地號等10筆土地都市更新事業計畫案	擬訂臺北市中山區北安段一小段60-1地號等10筆土地都市更新事業計畫案	臺北市中山區北安段一小段60-1、60-2、60-3、60-4、65、65-1、66-2、66-3、66-4、66-5地號等10筆土地	北安段一小段	60-1	60-1|60-2|60-3|60-4|65|65-1|66-2|66-3|66-4|66-5		10				擬訂	0	事業計畫	聖得福建設開發股份有限公司	建福都更股份有限公司			中山區-北安段一小段-60-1地號等10筆	false	238
502	2021-12-22	110/12/22	中山區	中山區	變更臺北市中山區北安段三小段818地號等12筆土地都市更新權利變換計畫案	變更臺北市中山區北安段三小段818地號等12筆土地都市更新權利變換計畫案	臺北市中山區北安段三小段818、819、822、823、832、832-1、832-2、832-3、833-7、833-8、833-9及833-10地號等12筆土地	北安段三小段	818	818|819|822|823|832|832-1|832-2|832-3|833-7|833-8		12				變更	1	權利變換	財團法人臺北市都市更新推動中心	弘傑不動產事業股份有限公司			中山區-北安段三小段-818地號等12筆	true	502
844	2018-12-25	107/12/25	中山區	中山區	擬訂臺北市中山區北安段三小段818地號等12筆土地都市更新事業計畫及權利變換計畫案	擬訂臺北市中山區北安段三小段818地號等12筆土地都市更新事業計畫及權利變換計畫案	臺北市中山區北安段三小段818、819、822、823、832、832-1、832-2、832-3、833-7、833-8、833-9及833-10地號等12筆土地	北安段三小段	818	818|819|822|823|832|832-1|832-2|832-3|833-7|833-8		12				擬訂	0	事業計畫、權利變換	財團法人臺北市都市更新推動中心	弘傑不動產事業股份有限公司			中山區-北安段三小段-818地號等12筆	false	502
104	2025-06-17	114/6/17	中山區	中山區	變更(第二次)臺北市中山區北安段三小段877地號等11筆土地都市更新權利變換計畫案	變更(第二次)臺北市中山區北安段三小段877地號等11筆土地都市更新權利變換計畫案	臺北市中山區北安段三小段877、877-1、877-2、877-3、877-4、877-5、878、878-1、878-2、878-3、878-4地號等11筆土地	北安段三小段	877	877|877-1|877-2|877-3|877-4|877-5|878|878-1|878-2|878-3|878-4		11				變更(第二次)	2	權利變換	聖得福建設開發股份有限公司	建福都更股份有限公司			中山區-北安段三小段-877地號等11筆	true	104
141	2025-03-05	114/3/5	中山區	中山區	變更臺北市中山區北安段三小段877地號等11筆土地都市更新權利變換計畫案	變更臺北市中山區北安段三小段877地號等11筆土地都市更新權利變換計畫案	臺北市中山區北安段三小段877、877-1、877-2、877-3、877-4、877-5、878、878-1、878-2、878-3、878-4地號等11筆土地	北安段三小段	877	877|877-1|877-2|877-3|877-4|877-5|878|878-1|878-2|878-3|878-4		11				變更	1	權利變換	聖得福建設開發股份有限公司	建福都更股份有限公司			中山區-北安段三小段-877地號等11筆	false	104
323	2023-06-01	112/6/1	中山區	中山區	變更臺北市中山區北安段三小段877地號等11筆土地都市更新事業計畫案	變更臺北市中山區北安段三小段877地號等11筆土地都市更新事業計畫案	臺北市中山區北安段三小段877、877-1、877-2、877-3、877-4、877-5、878、878-1、878-2、878-3、878-4地號等11筆土地	北安段三小段	877	877|877-1|877-2|877-3|877-4|877-5|878|878-1|878-2|878-3|878-4		11				變更	1	事業計畫	聖得福建設開發股份有限公司	建福都更股份有限公司			中山區-北安段三小段-877地號等11筆	false	104
745	2019-11-06	108/11/6	中山區	中山區	擬訂臺北市中山區北安段三小段877地號等11筆土地都市更新事業計畫及權利變換計畫案	擬訂臺北市中山區北安段三小段877地號等11筆土地都市更新事業計畫及權利變換計畫案	臺北市中山區北安段三小段877、877-1、877-2、877-3、877-4、877-5、878、878-1、878-2、-3、878-3、878-4地號等11筆土地	北安段三小段	877	877|877-1|877-2|877-3|877-4|877-5|878|878-1|878-2|878-3|878-4		11				擬訂	0	事業計畫、權利變換	聖得福建設開發股份有限公司	建福都更股份有限公司			中山區-北安段三小段-877地號等11筆	false	104
347	2023-03-30	112/3/30	中山區	中山區	擬訂臺北市中山區北安段二小段503地號等17筆(原14筆)土地都市更新事業計畫案	擬訂臺北市中山區北安段二小段503地號等17筆(原14筆)土地都市更新事業計畫案	臺北市中山區北安段二小段503、504、505、506、507、548、549、550、551、552、553、720-5、720-14、732、733、734、733-5地號等17筆土地	北安段二小段	503	503|504|505|506|507|548|549|550|551|552|553|720-5|720-14|732|733|734|733-5		17	14			擬訂	0	事業計畫	聖得福建設開發股份有限公司	建福都更股份有限公司			中山區-北安段二小段-503地號等17筆	true	347
462	2022-04-21	111/4/21	中山區	中山區	變更(第四次)臺北市中山區吉林段一小段717地號等24筆土地都市更新權利變換計畫案	變更(第四次)臺北市中山區吉林段一小段717地號等24筆土地都市更新權利變換計畫案	臺北市中山區吉林段一小段717、718、719、720、721、722、723、724、725、726、727、728、729、730、731、732、733、734、737、738、739、740、741、846地號等24筆土地	吉林段一小段	717	717|718|719|720|721|722|723|724|725|726|727|728|729|730|731|732|733|734|737|738|739|740|741|846		24				變更(第四次)	4	權利變換	和典建設股份有限公司	李欣都市更新股份有限公司			中山區-吉林段一小段-717地號等24筆	true	462
523	2021-11-02	110/11/2	中山區	中山區	變更(第三次)臺北市中山區吉林段一小段717地號等24筆土地都市更新權利變換計畫案	變更(第三次)臺北市中山區吉林段一小段717地號等24筆土地都市更新權利變換計畫案	臺北市中山區吉林段一小段717、718、719、720、721、722、723、724、725、726、727、728、729、730、731、732、733、734、737、738、739、740、741、846地號等24筆土地	吉林段一小段	717	717|718|719|720|721|722|723|724|725|726|727|728|729|730|731|732|733|734|737|738|739|740|741|846		24				變更(第三次)	3	權利變換	和典建設股份有限公司	李欣都市更新股份有限公司			中山區-吉林段一小段-717地號等24筆	false	462
756	2019-10-02	108/10/2	中山區	中山區	變更(第二次)臺北市中山區吉林段一小段717地號等24筆土地都市更新權利變換計畫案	變更(第二次)臺北市中山區吉林段一小段717地號等24筆土地都市更新權利變換計畫案	臺北市中山區吉林段一小段717、718、719、720、721、722、723、724、725、726、727、728、729、730、731、732、733、734、737、738、739、740、741、846地號等24筆土地	吉林段一小段	717	717|718|719|720|721|722|723|724|725|726|727|728|729|730|731|732|733|734|737|738|739|740|741|846		24				變更(第二次)	2	權利變換	和典建設股份有限公司	李欣都市更新股份有限公司			中山區-吉林段一小段-717地號等24筆	false	462
907	2018-04-12	107/4/12	中山區	中山區	變更臺北市中山區吉林段一小段717地號等24筆土地都市更新事業計畫及權利變換計畫案	變更臺北市中山區吉林段ㄧ小段717地號等24筆土地都市更新事業計畫及權利變換計畫案	臺北市中山區吉林段ㄧ小段717、718、719、720、721、722、723、724、725、726、727、728、729、730、731、732、733、734、737、738、739、740、741、846地號等24筆土地	吉林段一小段	717	717|718|719|720|721|722|723|724|725|726|727|728|729|730|731|732|733|734|737|738|739|740|741|846		24				變更	1	事業計畫、權利變換	和典建設股份有限公司	李欣都市更新股份有限公司			中山區-吉林段一小段-717地號等24筆	false	462
1217	2012-10-03	101/10/3	中山區	中山區	擬訂臺北市中山區吉林段一小段717地號等24筆土地都市更新事業計畫及權利變換計畫案	擬訂臺北市中山區吉林段一小段717地號等24筆土地都市更新事業計畫及權利變換計畫案	臺北市中山區吉林段一小段717、718、719、720、721、722、723、724、725、726、727、728、729、730、731、732、733、734、737、738、739、740、741、846地號等24筆土地	吉林段一小段	717	717|718|719|720|721|722|723|724|725|726|727|728|729|730|731|732|733|734|737|738|739|740|741|846		24				擬訂	0	事業計畫、權利變換	和旺建設股份有限公司	李欣都市更新股份有限公司			中山區-吉林段一小段-717地號等24筆	false	462
248	2024-02-06	113/2/6	中山區	中山區	擬訂臺北市中山區吉林段一小段780-1地號等2筆土地都市更新事業計畫案	擬訂臺北市中山區吉林段一小段780-1地號等2筆土地都市更新事業計畫案	臺北市中山區吉林段一小段780-1、784地號等2筆土地	吉林段一小段	780-1	780-1|784		2				擬訂	0	事業計畫	聯邦商業銀行股份有限公司	安邦工程顧問股份有限公司			中山區-吉林段一小段-780-1地號等2筆	true	248
535	2021-09-14	110/9/14	中山區	中山區	擬訂臺北市中山區吉林段三小段1021地號等13筆土地都市更新事業計畫及權利變換計畫案	擬訂臺北市中山區吉林段三小段1021地號等13筆土地都市更新事業計畫及權利變換計畫案	臺北市中山區吉林段三小段1021、1024、1025、1026、1027、1028、1029、1030、1031、1032、1033、1034、1035-1地號等13筆土地	吉林段三小段	1021	1021|1024|1025|1026|1027|1028|1029|1030|1031|1032|1033|1034|1035-1		13				擬訂	0	事業計畫、權利變換	茂崴建設股份有限公司	冠霖不動產顧問股份有限公司			中山區-吉林段三小段-1021地號等13筆	true	535
275	2023-11-22	112/11/22	中山區	中山區	擬訂臺北市中山區吉林段三小段801地號等10筆土地都市更新事業計畫案	擬訂臺北市中山區吉林段三小段801地號等10筆土地都市更新事業計畫案	臺北市中山區吉林段三小段801、802、803、804、805、806、807、808、809、810地號等10筆土地	吉林段三小段	801	801|802|803|804|805|806|807|808|809|810		10				擬訂	0	事業計畫	佳元地產股份有限公司	弘傑不動產事業股份有限公司			中山區-吉林段三小段-801地號等10筆	true	275
1173	2013-07-25	102/7/25	中山區	中山區	變更臺北市中山區吉林段三小段811地號等28筆(原35筆)土地都市更新事業計畫及權利變換計畫案	變更臺北市中山區吉林段三小段811地號等28筆(原35筆)土地都市更新事業計畫及權利變換計畫案	臺北市中山區吉林段三小段811、812、813、814814、815、816、817、818、819、820、821、822、823、824、825、825-1、826、826-1、827、827-1、828、830、830、836、837、838、839、840地號等28筆土地	吉林段三小段	811	811|812|813|814814|815|816|817|818|819|820|821|822|823|824|825|825-1|826|826-1|827|827-1|828|830|836|837|838|839|840		28	35			變更	1	事業計畫、權利變換	德運建設股份有限公司	德運建設股份有限公司			中山區-吉林段三小段-811地號等28筆	true	1173
1270	2010-09-02	99/9/2	中山區	中山區	擬訂臺北市中山區吉林段三小段811地號等35筆土地都市更新事業計畫及權利變換計畫案	擬訂臺北市中山區吉林段三小段811地號等35筆土地都市更新事業計畫及權利變換計畫案	臺北市中山區吉林段三小段811、812、813、814814、815、816、817、818、819、820、821、822、823、824、825、825-1、826、826-1、827、827-1、828、830、830、836、837、838、839、840等28筆土地	吉林段三小段	811	811|812|813|814814|815|816|817|818|819|820|821|822|823|824|825|825-1|826|826-1|827|827-1|828|830|836|837|838|839		35				擬訂	0	事業計畫、權利變換	德運建設股份有限公司	德運建設股份有限公司			中山區-吉林段三小段-811地號等28筆	false	1173
105	2025-06-11	114/6/11	中山區	中山區	擬訂臺北市中山區吉林段三小段982-8地號等2筆土地都市更新事業計畫及權利變換計畫案	擬訂臺北市中山區吉林段三小段982-8地號等2筆土地都市更新事業計畫及權利變換計畫案	臺北市中山區吉林段三小段982-8、983地號等2筆土地	吉林段三小段	982-8	982-8|983		2				擬訂	0	事業計畫、權利變換	淞暘建設股份有限公司	弘傑開發事業股份有限公司			中山區-吉林段三小段-982-8地號等2筆	true	105
884	2018-06-28	107/6/28	中山區	中山區	變更臺北市中山區吉林段二小段257地號等18筆土地都市更新權利變換計畫(含釐正圖冊)案	變更臺北市中山區吉林段二小段257地號等18筆土地都市更新權利變換計畫(含釐正圖冊)案	臺北市中山區吉林段二小段257、258、259、263、264、267、268、271、271-1、272、275、277、277-2、278、278-1、279-2、279-3、284地號等18筆	吉林段二小段	257	257|258|259|263|264|267|268|271|271-1|272|275|277|277-2|278|278-1|279-2|279-3|284		18				變更	1	權利變換	咊暘建設股份有限公司	鼎昌建築管理股份有限公司			中山區-吉林段二小段-257地號等18筆	true	884
1126	2014-04-25	103/4/25	中山區	中山區	擬訂臺北市中山區吉林段二小段257地號等18筆土地都市更新事業計畫及權利變換計畫案	擬訂臺北市中山區吉林段二小段257地號等18筆土地都市更新事業計畫及權利變換計畫案	臺北市中山區吉林段二小段257、258、259、263、264、267、268、271、271-1、272、275、277、278、279-2、279-3、284地號等18筆土地	吉林段二小段	257	257|258|259|263|264|267|268|271|271-1|272|275|277|278|279-2|279-3|284		18				擬訂	0	事業計畫、權利變換	咊暘建設股份有限公司	昌鼎建築管理股份有限公司			中山區-吉林段二小段-257地號等18筆	false	884
47	2026-03-10	115/3/10	中山區	中山區	變更臺北市中山區吉林段二小段898地號等3筆土地都市更新事業計畫及權利變換計畫案	變更臺北市中山區吉林段二小段898地號等3筆土地都市更新事業計畫及權利變換計畫案	臺北市中山區吉林段二小段898、899、903地號等3筆土地	吉林段二小段	898	898|899|903		3				變更	1	事業計畫、權利變換	桓茂建設股份有限公司	台北再開發規劃股份有限公司			中山區-吉林段二小段-898地號等3筆	true	47
288	2023-10-18	112/10/18	中山區	中山區	擬訂臺北市中山區吉林段二小段898地號等3筆土地都市更新事業計畫及權利變換計畫案	擬訂臺北市中山區吉林段二小段898地號等3筆土地都市更新事業計畫及權利變換計畫案	臺北市中山區吉林段二小段898、899、903地號等3筆土地	吉林段二小段	898	898|899|903		3				擬訂	0	事業計畫、權利變換	桓茂建設股份有限公司	台北再開發規劃股份有限公司			中山區-吉林段二小段-898地號等3筆	false	47
1157	2013-11-21	102/11/21	中山區	中山區	變更臺北市中山區吉林段五小段118-1地號等4筆土地都市更新事業計畫案	變更臺北市中山區吉林段五小段118-1地號等4筆土地都市更新事業計畫案	臺北市中山區吉林段五小段220、118-1、221-2、222地號等4筆土地	吉林段五小段	118-1	220|118-1|221-2|222		4				變更	1	事業計畫	興富發建設股份有限公司	梁正芳建築師事務所			中山區-吉林段五小段-118-1地號等4筆	true	1157
1238	2011-11-30	100/11/30	中山區	中山區	擬訂臺北市中山區吉林段五小段118-1地號等4筆土地都市更新事業計畫案	擬訂臺北市中山區吉林段五小段118-1地號等4筆土地都市更新事業計畫案	臺北市中山區吉林段五小段220、118-1、221-2、222地號等4筆土地	吉林段五小段	118-1	220|118-1|221-2|222		4				擬訂	0	事業計畫	興富發建設股份有限公司	梁正芳建築師事務所			中山區-吉林段五小段-118-1地號等4筆	false	1157
995	2017-03-21	106/3/21	中山區	中山區	變更（第二次）臺北市中山區吉林段五小段185地號等23筆土地都市更新事業計畫及變更權利變換計畫案	變更（第二次）臺北市中山區吉林段五小段185地號等23筆土地都市更新事業計畫及變更權利變換計畫案	臺北市中山區吉林段五小段185、185-1、188、189、189-1、190、190-1、191、191-1、194、195、196、197、253、254、255、256、257、258、259、260、261、262地號等23筆土地臺北市大同區雙連段一小段197、198、199、200、201、202、203、	吉林段五小段	185	185|185-1|188|189|189-1|190|190-1|191|191-1|194|195|196|197|253|254|255|256|257|258|259|260|261|262		23				變更	1	事業計畫、權利變換	德運建設股份有限公司	邑相更新規劃股份有限公司			中山區-吉林段五小段-185地號等23筆	true	995
1183	2013-06-18	102/6/18	中山區	中山區	變更臺北市中山區吉林段五小段185地號等21筆土地都市更新事業計畫及擬訂權利變換計畫案	變更臺北市中山區吉林段五小段185地號等21筆土地都市更新事業計畫及擬訂權利變換計畫案	地臺北市中山區吉林段五小段185、188、189、190、190-1、191、191-1、194、195、196、197、253、254、255、256、257、258、259、260、261、262地號等21筆土地	吉林段五小段	185	185|188|189|190|190-1|191|191-1|194|195|196|197|253|254|255|256|257|258|259|260|261|262		21				變更	1	事業計畫、權利變換	德運建設股份有限公司	邑相更新規劃股份有限公司			中山區-吉林段五小段-185地號等23筆	false	995
1281	2010-05-05	99/5/5	中山區	中山區	擬訂臺北市中山區吉林段五小段185地號等21筆土地都市更新事業計畫及權利變換計畫案	擬訂臺北市中山區吉林段五小段185地號等21筆土地都市更新事業計畫及權利變換計畫案	臺北市中山區吉林段五小段185、188、189、190、190-1、191、191-1、194、195、196、197、253、254、255、256、257、258、259、260、261、262地號等21筆土地	吉林段五小段	185	185|188|189|190|190-1|191|191-1|194|195|196|197|253|254|255|256|257|258|259|260|261|262		21				擬訂	0	事業計畫、權利變換	德運建設股份有限公司	德運建設股份有限公司			中山區-吉林段五小段-185地號等23筆	false	995
1213	2012-11-06	101/11/6	中山區	中山區	變更臺北市中山區吉林段四小段261地號等4筆土地都市更新事業計畫案	變更臺北市中山區吉林段四小段261地號等4筆土地都市更新事業計畫案	臺北市中山區吉林段四小段261、262、263、264地號等4筆土地	吉林段四小段	261	261|262|263|264		4				變更	1	事業計畫	誠美建築開發股份有限公司	信實都市開發股份有限公司			中山區-吉林段四小段-261地號等4筆	true	1213
1259	2011-02-16	100/2/16	中山區	中山區	擬訂臺北市中山區吉林段四小段261地號等4筆土地都市更新事業計畫案	擬訂臺北市中山區吉林段四小段261地號等4筆土地都市更新事業計畫案	臺北市中山區吉林段四小段261、262、263、264地號等4筆土地	吉林段四小段	261	261|262|263|264		4				擬訂	0	事業計畫	誠美建築開發股份有限公司	信實都市開發股份有限公司			中山區-吉林段四小段-261地號等4筆	false	1213
1283	2010-04-30	99/4/30	中山區	中山區	變更(第二次)臺北市中山區吉林段四小段348地號等21筆土地都市更新事業計畫及權利變換計畫案(含釐正圖冊)	變更(第二次)臺北市中山區吉林段四小段348地號等21筆土地都市更新事業計畫及權利變換計畫案(含釐正圖冊)	臺北市中山區吉林段四小段348、350-2、353、354、355、356、357、358、359、360、361、362、363、364、365、地號等21筆土地	吉林段四小段	348	348|350-2|353|354|355|356|357|358|359|360|361|362|363|364|365		21				變更(第二次)	2	事業計畫、權利變換	台峰建設開發股份有限公司	台呈聯合建築師事務所			中山區-吉林段四小段-348地號等21筆	true	1283
1381	2006-09-28	95/9/28	中山區	中山區	變更臺北市中山區吉林段四小段348地號等21筆土地都市更新事業計畫及權利變換計畫案	變更臺北市中山區吉林段四小段348地號等21筆土地都市更新事業計畫及權利變換計畫案	臺北市中山區吉林段四小段348、350-2、353、354、355、356、357、358、359、360、361、362、363、364、365、地號等21筆土地	吉林段四小段	348	348|350-2|353|354|355|356|357|358|359|360|361|362|363|364|365		21				變更	1	事業計畫、權利變換	台峰建設開發股份有限公司	台呈聯合建築師事務所			中山區-吉林段四小段-348地號等21筆	false	1283
1390	2006-01-24	95/1/24	中山區	中山區	擬訂臺北市中山區吉林段四小段348地號等21筆土地都市更新事業計畫及權利變換計畫案	擬訂臺北市中山區吉林段四小段348地號等21筆土地都市更新事業計畫及權利變換計畫案	臺北市中山區吉林段四小段348、350-2、353、354、355、356、357、358、359、360、361、362、363、364、365、地號等21筆土地	吉林段四小段	348	348|350-2|353|354|355|356|357|358|359|360|361|362|363|364|365		21				擬訂	0	事業計畫、權利變換	台峰建設開發股份有限公司	台呈聯合建築師事務所			中山區-吉林段四小段-348地號等21筆	false	1283
239	2024-03-21	113/3/21	中山區	中山區	擬訂臺北市中山區吉林段四小段508地號等17筆土地都市更新事業計畫及權利變換計畫案	擬訂臺北市中山區吉林段四小段508地號等17筆土地都市更新事業計畫及權利變換計畫案	臺北市中山區吉林段四小段508、509、510、511、512、513、514、515、516、517、518、519、520、521、522、523、525地號等17筆土地	吉林段四小段	508	508|509|510|511|512|513|514|515|516|517|518|519|520|521|522|523|525		17				擬訂	0	事業計畫、權利變換	忠泰建設股份有限公司	丹棠開發股份有限公司			中山區-吉林段四小段-508地號等17筆	true	239
2	2026-08-06	115/8/6	中山區	中山區	變更(第三次)臺北市中山區吉林段四小段603地號等40筆土地都市更新事業計畫案	變更(第三次)臺北市中山區吉林段四小段603地號等40筆土地都市更新事業計畫案	臺北市中山區吉林段四小段603、604、605、606、607、608、609、611、612、613、614、615、616、617、618、619、620、621、622、623、708、709、710、713、714、715、603-1、603-2、603-3、606-1、608-1、615-1、615-2、638-1、707-3、707-4、708-1、708-2、709-1、713-1地號等40筆土地	吉林段四小段	603	603|604|605|606|607|608|609|611|612|613|614|615|616|617|618|619|620|621|622|623|708|709|710|713|714|715|603-1|603-2|603-3|606-1|608-1|615-1|615-2|638-1|707-3|707-4|708-1|708-2|709-1|713-1		40				變更(第三次)	3	事業計畫	祝園實業股份有限公司	財團法人都市更新研究發展基金會			中山區-吉林段四小段-603地號等40筆	true	2
336	2023-05-02	112/5/2	中山區	中山區	變更(第二次)臺北市中山區吉林段四小段603地號等40筆土地都市更新事業計畫案	變更(第二次)臺北市中山區吉林段四小段603地號等40筆土地都市更新事業計畫案	臺北市中山區吉林段四小段603、604、605、606、607、608、609、611、612、613、614、615、616、617、618、619、620、621、622、623、708、709、710、713、714、715、603-1、603-2、603-3、606-1、608-1、615-1、615-2、638-1、707-3、707-4、708-1、708-2、709-1、713-1地號等40筆土地	吉林段四小段	603	603|604|605|606|607|608|609|611|612|613|614|615|616|617|618|619|620|621|622|623|708|709|710|713|714|715|603-1|603-2|603-3|606-1|608-1|615-1|615-2|638-1|707-3|707-4|708-1|708-2|709-1|713-1		40				變更(第二次)	2	事業計畫	兆鴻建設股份有限公司	財團法人都市更新研究發展基金會			中山區-吉林段四小段-603地號等40筆	false	2
920	2018-01-25	107/1/25	中山區	中山區	擬訂臺北市中山區吉林段四小段603地號等40筆土地都市更新事業計畫案	擬訂臺北市中山區吉林段四小段603地號等40筆土地都市更新事業計畫案	臺北市中山區吉林段四小段603、604、605、606、607、608、609、611、612、613、614、615、616、617、618、619、620、621、622、623、708、709、710、713、714、715、603-1、603-2、603-3、606-1、608-1、615-1、615-2、638-1、707-3、707-4、708-1、708-2、709-1、713-1地號等40筆土地	吉林段四小段	603	603|604|605|606|607|608|609|611|612|613|614|615|616|617|618|619|620|621|622|623|708|709|710|713|714|715|603-1|603-2|603-3|606-1|608-1|615-1|615-2|638-1|707-3|707-4|708-1|708-2|709-1|713-1		40				擬訂	0	事業計畫	兆鴻建設股份有限公司	財團法人都市更新研究發展基金會			中山區-吉林段四小段-603地號等40筆	false	2
1182	2013-06-18	102/6/18	中山區	中山區	擬訂臺北市中山區吉林段四小段603地號等40筆土地都市更新事業計畫案	擬訂臺北市中山區吉林段四小段603地號等40筆土地都市更新事業計畫案	臺北市中山區吉林段四小段603、604、605、606、607、608、609、611、612、613、614、615、616、617、618、619、620、621、622、623、708、709、710、713、714、715、603-1、603-2、603-3、606-1、608-1、615-1、615-2、638-1、707-3、707-4、708708-1、708-2、709-1、713-1等40筆土	吉林段四小段	603	603|604|605|606|607|608|609|611|612|613|614|615|616|617|618|619|620|621|622|623|708|709|710|713|714|715|603-1|603-2|603-3|606-1|608-1|615-1|615-2|638-1|707-3|707-4|708708-1|708-2|709-1		40				擬訂	0	事業計畫	兆鴻建設股份有限公司	財團法人都市更新研究發展基金會			中山區-吉林段四小段-603地號等40筆	false	2
567	2021-05-13	110/5/13	中山區	中山區	擬訂臺北市中山區吉林段四小段63-1地號等25筆土地都市更新權利變換計畫案	擬訂臺北市中山區吉林段四小段63-1地號等25筆土地都市更新權利變換計畫案	臺北市中山區吉林段四小段63-1、64-3、78、79、80、81、82、83、95、95-1、96、97、97-3、97-4、99、100、102、103、104、105、106、107、108、109、110地號等25筆土地	吉林段四小段	63-1	63-1|64-3|78|79|80|81|82|83|95|95-1|96|97|97-3|97-4|99|100|102|103|104|105|106|107|108|109|110		25				擬訂	0	權利變換	國揚實業股份有限公司	財團法人都市更新研究發展基金會			中山區-吉林段四小段-63-1地號等25筆	true	567
1043	2016-06-16	105/6/16	中山區	中山區	擬訂臺北市中山區吉林段四小段63-1地號等25筆土地都市更新事業計畫案	擬訂臺北市中山區吉林段四小段63-1地號等25筆土地都市更新事業計畫案	臺北市中山區吉林段四小段63-1、64-3、78、79、80、81、82、83、95、95-1、96、97、97-3、97-4、99、100、102、103、104、105、106、107、108、109、110地號等25筆土地	吉林段四小段	63-1	63-1|64-3|78|79|80|81|82|83|95|95-1|96|97|97-3|97-4|99|100|102|103|104|105|106|107|108|109|110		25				擬訂	0	事業計畫	國揚實業股份有限公司	財團法人都市更新研究發展基金會			中山區-吉林段四小段-63-1地號等25筆	false	567
1325	2008-12-31	97/12/31	中山區	中山區	擬訂臺北市中山區吉林段四小段676地號等18筆土地都市更新事業計畫案	擬訂臺北市中山區吉林段四小段676地號等18筆土地都市更新事業計畫案	臺北市中山區吉林段四小段671-3、671-5、676、677、678、679、680、681、682、683、683-1、683-2、683-3、684、685、686、687、688地號等18筆土地	吉林段四小段	676	671-3|671-5|676|677|678|679|680|681|682|683|683-1|683-2|683-3|684|685|686|687|688		18				擬訂	0	事業計畫	遠雄建設事業股份有限公司	正宇都市更新股份有限公司			中山區-吉林段四小段-676地號等18筆	true	1325
1284	2010-03-25	99/3/25	中山區	中山區	變更臺北市中山區吉林段四小段676地號1筆土地都市更新事業計畫案	變更臺北市中山區吉林段四小段676地號1筆土地都市更新事業計畫案	臺北市中山區吉林段四小段676地號等1筆土地	吉林段四小段	676	676		1				變更	1	事業計畫	遠雄建設事業股份有限公司	正宇都市更新股份有限公司			中山區-吉林段四小段-676地號等1筆	true	1284
419	2022-09-13	111/9/13	中山區	中山區	擬訂臺北市中山區吉林段四小段705-3地號等14筆土地都市更新事業計畫及權利變換計畫案	擬訂臺北市中山區吉林段四小段705-3地號等14筆土地都市更新事業計畫及權利變換計畫案	臺北市中山區吉林段四小段705-3、873、874、875、876、877、878、879、879-1、883、885、886、887、888地號等14筆土地	吉林段四小段	705-3	705-3|873|874|875|876|877|878|879|879-1|883|885|886|887|888		14				擬訂	0	事業計畫、權利變換	聖得福建設開發股份有限公司	冠霖不動產顧問股份有限公司			中山區-吉林段四小段-705-3地號等14筆	true	419
1025	2016-10-04	105/10/4	中山區	中山區	擬訂臺北市中山區吉林段四小段705地號等47筆土地都市更新權利變換計畫(含釐正圖冊)案	擬訂臺北市中山區吉林段四小段705地號等47筆土地都市更新權利變換計畫(含釐正圖冊)案	臺北市中山區吉林段四小段705、743、744、745、745-1、746、747、748、749、750、751、752、753、754、755、756、757、758、759、760、761、762、763、764、765、769、770、771、772、773、774、775、776、777、778、779、780、781、782、783、783-3、784、785、786、787、788、825地號等47筆土地	吉林段四小段	705	705|743|744|745|745-1|746|747|748|749|750|751|752|753|754|755|756|757|758|759|760|761|762|763|764|765|769|770|771|772|773|774|775|776|777|778|779|780|781|782|783|783-3|784|785|786|787|788|825		47				擬訂	0	權利變換	國盛建設股份有限公司	丹棠開發股份有限公司			中山區-吉林段四小段-705地號等47筆	true	1025
1293	2010-01-08	99/1/8	中山區	中山區	變更臺北市中山區吉林段四小段705地號等47筆土地都市更新事業計畫及擬訂權利變換計畫案	變更臺北市中山區吉林段四小段705地號等47筆土地都市更新事業計畫及擬訂權利變換計畫案	臺北市中山區吉林段四小段705、743、744、745、745-1、746、747、748、749、750、751、752、753、754、755、756、757、758、759、760、761、762、763、764、765、769、770、771、772、773、774、775、776、777、778、779、780、781、782、783、783-3、784、785、786、787、788、825地號等47筆土地	吉林段四小段	705	705|743|744|745|745-1|746|747|748|749|750|751|752|753|754|755|756|757|758|759|760|761|762|763|764|765|769|770|771|772|773|774|775|776|777|778|779|780|781|782|783|783-3|784|785|786|787|788|825		47				變更	1	事業計畫、權利變換	台呈開發設計股份有限公司	簡俊卿建築師事務所			中山區-吉林段四小段-705地號等47筆	false	1025
1348	2008-03-10	97/3/10	中山區	中山區	變更臺北市中山區吉林段四小段705地號等47筆土地都市更新事業計畫案	變更臺北市中山區吉林段四小段705地號等47筆土地都市更新事業計畫案	臺北市中山區吉林段四小段705、743、744、745、745-1、746、747、748、749、750、751、752、753、754、755、756、757、758、759、760、761、762、763、764、765、769、770、771、772、773、774、775、776、777、778、779、780、781、782、783、783-3、784、785、786、787、788、825地號等47筆土地	吉林段四小段	705	705|743|744|745|745-1|746|747|748|749|750|751|752|753|754|755|756|757|758|759|760|761|762|763|764|765|769|770|771|772|773|774|775|776|777|778|779|780|781|782|783|783-3|784|785|786|787|788|825		47				變更	1	事業計畫	台峰建設開發設計股份有限公司	簡俊卿建築師事務所			中山區-吉林段四小段-705地號等47筆	false	1025
1355	2007-12-31	96/12/31	中山區	中山區	擬訂臺北市中山區吉林段四小段705地號等47筆土地都市更新事業計畫案	擬訂臺北市中山區吉林段四小段705地號等47筆土地都市更新事業計畫案	臺北市中山區吉林段四小段705、743、744、745、745-1、746、747、748、749、750、751、752、753、754、755、756、757、758、759、760、761、762、763、764、765、769、770、771、772、773、774、775、776、777、778、779、780、781、782、783、783-3、784、785、786、787、788、825地號等47筆土地	吉林段四小段	705	705|743|744|745|745-1|746|747|748|749|750|751|752|753|754|755|756|757|758|759|760|761|762|763|764|765|769|770|771|772|773|774|775|776|777|778|779|780|781|782|783|783-3|784|785|786|787|788|825		47				擬訂	0	事業計畫	台呈開發設計股份有限公司	簡俊卿建築師事務所			中山區-吉林段四小段-705地號等47筆	false	1025
1085	2015-08-20	104/8/20	中山區	中山區	變更臺北市中山區德惠段二小段573地號等56筆土地都市更新權利變換計畫案	變更臺北市中山區德惠段二小段573地號等56筆土地都市更新權利變換計畫案	臺北市中山區德惠段二小段573、574、575、576、577、577-2、578、579、579-1、579-2、580、580-1、580-2、580-3、580-5、581、582、582-3、582-5、583、583-2、583-3、584、584-2、584-3、585、585-2、585-3、586、587、588、589、590、590-1、591、591-2、592、592-2、593、593-1、594、595、596、597、597-1、598、599、599-1、600、600-1、601、601-1、602、602-1、603、603-1地號等56筆土地	德惠段二小段	573	573|574|575|576|577|577-2|578|579|579-1|579-2|580|580-1|580-2|580-3|580-5|581|582|582-3|582-5|583|583-2|583-3|584|584-2|584-3|585|585-2|585-3|586|587|588|589|590|590-1|591|591-2|592|592-2|593|593-1|594|595|596|597|597-1|598|599|599-1|600|600-1|601|601-1|602|602-1|603|603-1		56				變更	1	權利變換	忠泰樂揚建設股份有限公司	弘傑開發事業股份有限公司			中山區-德惠段二小段-573地號等56筆	true	1085
1288	2010-02-10	99/2/10	中山區	中山區	擬訂臺北市中山區德惠段二小段573地號等56筆土地都市更新事業計畫案	擬訂臺北市中山區德惠段二小段573地號等56筆土地都市更新事業計畫案	臺北市中山區德惠段二小段573、574、575、576、577、577-2、578、579、579-1、579-2、580、580-1、580-2、580-3、580-5、581、582、582-3、582-5、583、583-2、583-3、584、584-2、584-3、585、585-2、585-3、586、587、588、589、590、590-1、591、591-2、592、592-2、593、593-1、594、595、596、597、597-1、598、599、599-1、600、600-1、601、601-1、602、602-1、603、603-1地號等56筆土地	德惠段二小段	573	573|574|575|576|577|577-2|578|579|579-1|579-2|580|580-1|580-2|580-3|580-5|581|582|582-3|582-5|583|583-2|583-3|584|584-2|584-3|585|585-2|585-3|586|587|588|589|590|590-1|591|591-2|592|592-2|593|593-1|594|595|596|597|597-1|598|599|599-1|600|600-1|601|601-1|602|602-1|603|603-1		56				擬訂	0	事業計畫	忠泰樂揚建設股份有限公司	弘傑開發事業股份有限公司			中山區-德惠段二小段-573地號等56筆	false	1085
703	2020-02-12	109/2/12	中山區	中山區	擬訂臺北市中山區德惠段二小段582-2地號等14筆土地都市更新事業概要案	擬訂臺北市中山區德惠段二小段582-2地號等14筆土地都市更新事業概要案	臺北市中山區德惠段二小段582-2、609、610、611、612、613、614、615、616、617、618、631、632、633地號等14筆土地	德惠段二小段	582-2	582-2|609|610|611|612|613|614|615|616|617|618|631|632|633		14				擬訂	0	事業概要	郭顯達	鄉林建設事業股份有限公司			中山區-德惠段二小段-582-2地號等14筆	true	703
357	2023-02-23	112/2/23	中山區	中山區	擬訂臺北市中山區德惠段二小段687-3地號等39筆土地都市更新權利變換計畫案	擬訂臺北市中山區德惠段二小段687-3地號等39筆土地都市更新權利變換計畫案	臺北市中山區德惠段二小段687-3、687-6、687-7、687-8、711、712、713、714、715、716、717、718、719、720、721、722、723、726、727、727-1、727-2、728、729、730、730-1、731、732、736、737、738、739、740、741、742、743、744、745、746、747地號等39筆土地	德惠段二小段	687-3	687-3|687-6|687-7|687-8|711|712|713|714|715|716|717|718|719|720|721|722|723|726|727|727-1|727-2|728|729|730|730-1|731|732|736|737|738|739|740|741|742|743|744|745|746|747		39				擬訂	0	權利變換	鄉林建設事業股份有限公司	翔宇國際開發顧問有限公司			中山區-德惠段二小段-687-3地號等39筆	true	357
762	2019-09-10	108/9/10	中山區	中山區	擬訂臺北市中山區德惠段二小段687-3地號等39筆土地都市更新事業計畫案	擬訂臺北市中山區德惠段二小段687-3地號等39筆土地都市更新事業計畫案	臺北市中山區德惠段二小段687-3、687-6、687-7、687-8、711、712、713、714、715、716、717、718、719、720、721、722、723、726、727、727-1、727-2、728、729、730、730-1、731、732、736、737、738、739、740、741、742、743、744、745、746、777地號等39筆土地	德惠段二小段	687-3	687-3|687-6|687-7|687-8|711|712|713|714|715|716|717|718|719|720|721|722|723|726|727|727-1|727-2|728|729|730|730-1|731|732|736|737|738|739|740|741|742|743|744|745|746|777		39				擬訂	0	事業計畫	鄉林建設事業股份有限公司	黃翔龍建築師事務所			中山區-德惠段二小段-687-3地號等39筆	false	357
395	2022-11-17	111/11/17	中山區	中山區	變更(第三次)臺北市中山區德惠段二小段813-1地號等6筆土地都市更新權利變換計畫案	變更(第三次)臺北市中山區德惠段二小段813-1地號等6筆土地都市更新權利變換計畫案	臺北市中山區德惠段二小段813-1、814、814-1、814-3、815、816地號等6筆土地	德惠段二小段	813-1	813-1|814|814-1|814-3|815|816		6				變更(第三次)	3	權利變換	昇陽建設企業股份有限公司	園皓都市規劃有限公司			中山區-德惠段二小段-813-1地號等6筆	true	395
786	2019-06-19	108/6/19	中山區	中山區	變更(第二次)臺北市中山區德惠段二小段813-1地號等6筆土地都市更新事業計畫及權利變換計畫案	變更(第二次)臺北市中山區德惠段二小段813-1地號等6筆土地都市更新事業計畫及權利變換計畫案	臺北市中山區德惠段二小段813-1、814、814-1、814-3、815、816地號等6筆土地	德惠段二小段	813-1	813-1|814|814-1|814-3|815|816		6				變更(第二次)	2	事業計畫、權利變換	昇陽建設企業股份有限公司	園皓都市規劃有限公司			中山區-德惠段二小段-813-1地號等6筆	false	395
900	2017-05-10	106/5/10	中山區	中山區	變更臺北市中山區德惠段二小段813-1地號等6筆土地都市更新事業計畫及權利變換計畫案	變更臺北市中山區德惠段二小段813-1地號等6筆土地都市更新事業計畫及權利變換計畫案	臺北市中山區德惠段二小段813-1、814、814-1、814-3、815、816地號等6筆土地臺北市萬華區漢中段二小段328、328-1、329、329-1、330、331、	德惠段二小段	813-1	813-1|814|814-1|814-3|815|816		6				變更	1	事業計畫、權利變換	昇陽建設企業股份有限公司	園皓都市規劃有限公司			中山區-德惠段二小段-813-1地號等6筆	false	395
939	2017-11-23	106/11/23	中山區	中山區	擬訂臺北市中山區德惠段二小段813-1地號等6筆土地都市更新事業計畫及權利變換計畫案	擬訂臺北市中山區德惠段二小段813-1地號等6筆土地都市更新事業計畫及權利變換計畫案	臺北市中山區德惠段二小段813-1、814、814-1、814-3、815、816地號等6筆土地	德惠段二小段	813-1	813-1|814|814-1|814-3|815|816		6				擬訂	0	事業計畫、權利變換	金億城國際資產股份有限公司	台灣西堤工程顧問有限公司			中山區-德惠段二小段-813-1地號等6筆	false	395
30	2026-05-14	115/5/14	中山區	中山區	變更臺北市中山區榮星段三小段347地號等2筆土地都市更新權利變換計畫案	變更臺北市中山區榮星段三小段347地號等2筆土地都市更新權利變換計畫案	臺北市中山區榮星段三小段340-1、347地號等2筆土地	榮星段三小段	347	340-1|347		2				變更	1	權利變換	耕薪都市更新股份有限公司	耕磊都市規劃股份有限公司			中山區-榮星段三小段-347地號等2筆	true	30
158	2025-01-13	114/1/13	中山區	中山區	擬訂臺北市中山區榮星段三小段347地號等2筆土地都市更新事業計畫及權利變換計畫案	擬訂臺北市中山區榮星段三小段347地號等2筆土地都市更新事業計畫及權利變換計畫案	臺北市中山區榮星段三小段340-1、347地號等2筆土地	榮星段三小段	347	340-1|347		2				擬訂	0	事業計畫、權利變換	耕薪都市更新股份有限公司	耕磊都市規劃股份有限公司			中山區-榮星段三小段-347地號等2筆	false	30
488	2022-01-20	111/1/20	中山區	中山區	擬訂臺北市中山區榮星段五小段634-6地號等15筆土地都市更新事業計畫案	擬訂臺北市中山區榮星段五小段634-6地號等15筆土地都市更新事業計畫案	臺北市中山區榮星段五小段634-6、697-1、701-1、702-1、705-1、708、708-1、709、709-1、714、714-1、715、715-4、717、718地號等15筆土地	榮星段五小段	634-6	634-6|697-1|701-1|702-1|705-1|708|708-1|709|709-1|714|714-1|715|715-4|717|718		15				擬訂	0	事業計畫	富樂群建設股份有限公司	當代都更事業股份有限公司			中山區-榮星段五小段-634-6地號等15筆	true	488
704	2020-02-06	109/2/6	中山區	中山區	擬訂臺北市中山區榮星段五小段755地號1筆土地都市更新事業概要案	擬訂臺北市中山區榮星段五小段755地號1筆土地都市更新事業概要案	臺北市中山區榮星段五小段755地號1筆土地	榮星段五小段	755	755		1				擬訂	0	事業概要	陳輝鵬	力冠丰都市規劃有限公司			中山區-榮星段五小段-755地號等1筆	true	704
425	2022-08-30	111/8/30	中山區	中山區	變更臺北市中山區榮星段六小段306地號等16筆土地都市更新事業計畫及權利變換計畫案	變更臺北市中山區榮星段六小段306地號等16筆土地都市更新事業計畫及權利變換計畫案	臺北市中山區榮星段六小段306、307、308、309、310、311、312、314、318、319、320、321、322、323、324、325地號等16筆土地	榮星段六小段	306	306|307|308|309|310|311|312|314|318|319|320|321|322|323|324|325		16				變更	1	事業計畫、權利變換	東亞建築經理股份有限公司	東亞建築經理股份有限公司			中山區-榮星段六小段-306地號等16筆	true	425
836	2019-01-17	108/1/17	中山區	中山區	擬訂臺北市中山區榮星段六小段306地號等16筆土地都市更新事業計畫及權利變換計畫案	擬訂臺北市中山區榮星段六小段306地號等16筆土地都市更新事業計畫及權利變換計畫案	臺北市中山區榮星段六小段306、307、308、309、310、311、312、314、318、319、320、321、322、323、324、325地號等16筆土地	榮星段六小段	306	306|307|308|309|310|311|312|314|318|319|320|321|322|323|324|325		16				擬訂	0	事業計畫、權利變換	東亞建築經理股份有限公司	東亞建築經理股份有限公司			中山區-榮星段六小段-306地號等16筆	false	425
1290	2010-02-04	99/2/4	中山區	中山區	變更(第三次)臺北市中山區榮星段六小段53地號等12筆(原16筆)土地都市更新事業計畫案	變更(第三次)臺北市中山區榮星段六小段53地號等12筆(原16筆)土地都市更新事業計畫案	臺北市中山區榮星段六小段53、54、57、57-1、57-8、62、328、57-6、57-22、58、69-2、56-9、57-4、57-19、60-3、62-1地號等16筆土地	榮星段六小段	53	53|54|57|57-1|57-8|62|328|57-6|57-22|58|69-2|56-9|57-4|57-19|60-3|62-1		12	16			變更(第三次)	3	事業計畫	興富發建設股份有限公司	財團法人都市更新研究發展基金會			中山區-榮星段六小段-53地號等12筆	true	1290
1328	2008-12-22	97/12/22	中山區	中山區	變更(第二次)臺北市中山區榮星段六小段53地號等12筆(原16筆)土地都市更新事業計畫案	變更(第二次)臺北市中山區榮星段六小段53地號等12筆(原16筆)土地都市更新事業計畫案	臺北市中山區榮星段六小段53、54、57、57-1、57-8、62、328、57-6、57-22、58、69-2、56-9、57-4、57-19、60-3、62-1地號等16筆土地	榮星段六小段	53	53|54|57|57-1|57-8|62|328|57-6|57-22|58|69-2|56-9|57-4|57-19|60-3|62-1		12	16			變更(第二次)	2	事業計畫	興富發建設股份有限公司	財團法人都市更新研究發展基金會			中山區-榮星段六小段-53地號等12筆	false	1290
1361	2007-11-20	96/11/20	中山區	中山區	變更臺北市中山區榮星段六小段53地號等16筆土地都市更新事業計畫及權利變換計畫案	變更臺北市中山區榮星段六小段53地號等16筆土地都市更新事業計畫及權利變換計畫案	臺北市中山區榮星段六小段53、54、57、57-1、57-8、62、328地號等7筆土地	榮星段六小段	53	53|54|57|57-1|57-8|62|328		16				變更	1	事業計畫、權利變換	興富發建設股份有限公司	財團法人都市更新研究發展基金會			中山區-榮星段六小段-53地號等12筆	false	1290
1392	2005-11-03	94/11/3	中山區	中山區	擬訂臺北市中山區榮星段六小段53地號等16筆土地都市更新事業計畫及權利變換計畫案	擬訂臺北市中山區榮星段六小段53地號等16筆土地都市更新事業計畫及權利變換計畫案	臺北市中山區榮星段六小段53、54、57、57-1、57-8、62、328、57-6、57-22、58、69-2、56-9、57-4、57-19、60-3、62-1地號等7筆土地	榮星段六小段	53	53|54|57|57-1|57-8|62|328|57-6|57-22|58|69-2|56-9|57-4|57-19|60-3|62-1		16				擬訂	0	事業計畫、權利變換	美孚建設股份有限公司	昶欣顧問有限公司			中山區-榮星段六小段-53地號等12筆	false	1290
359	2023-02-16	112/2/16	中山區	中山區	擬訂臺北市中山區榮星段六小段657地號1筆土地都市更新事業計畫案	擬訂臺北市中山區榮星段六小段657地號1筆土地都市更新事業計畫案	臺北市中山區榮星段六小段657地號1筆土地	榮星段六小段	657	657		1				擬訂	0	事業計畫	國泰建設股份有限公司	力冠丰都市規劃有限公司			中山區-榮星段六小段-657地號等1筆	true	359
103	2025-06-19	114/6/19	中山區	大同區	擬訂臺北市大同區橋北段一小段463-7地號等48筆土地事業概要案	擬訂臺北市大同區橋北段一小段463-7地號等48筆土地事業概要案	臺北市大同區橋北段一小段463-7、463-10、463-11、463-13、595、595-2、596、596-1、596-2、596-4、596-5、597、597-1、597-2、598、598-1、598-2、599、599-1、599-3、600、600-1、600-3、601、601-2、601-4、625、626、626-1、627、627-1、628、629、630、631、631-1、631-2、632、632-1、633、633-1、634、634-1、637、638、638-1、640、640-1地號等48筆土地	橋北段一小段	463-7	463-7|463-10|463-11|463-13|595|595-2|596|596-1|596-2|596-4|596-5|597|597-1|597-2|598|598-1|598-2|599|599-1|599-3|600|600-1|600-3|601|601-2|601-4|625|626|626-1|627|627-1|628|629|630|631|631-1|631-2|632|632-1|633|633-1|634|634-1|637|638|638-1|640|640-1		48				擬訂	0	事業概要	蕭辰澔	財團法人都市更新研究發展基金會		行政區與地號行政區不一致(地號為大同區)	中山區-橋北段一小段-463-7地號等48筆	true	103
310	2023-08-01	112/8/1	中山區	中山區	變更臺北市中山區正義段三小段114地號等10筆土地都市更新事業計畫及擬訂權利變換計畫案	變更臺北市中山區正義段三小段114地號等10筆土地都市更新事業計畫及擬訂權利變換計畫案	臺北市中山區正義段三小段114、115、116、117、118、119、120、121、122、123地號等10筆土地	正義段三小段	114	114|115|116|117|118|119|120|121|122|123		10				變更	1	事業計畫、權利變換	福隆建設股份有限公司	東亞建築經理股份有限公司			中山區-正義段三小段-114地號等10筆	true	310
903	2018-04-19	107/4/19	中山區	中山區	擬訂臺北市中山區正義段三小段114地號等10筆土地都市更新事業計畫案	擬訂臺北市中山區正義段三小段114地號等10筆土地都市更新事業計畫案	臺北市中山區正義段三小段114、115、116、117、118、119、120、121、122、123地號等10筆土地	正義段三小段	114	114|115|116|117|118|119|120|121|122|123		10				擬訂	0	事業計畫	福隆建設股份有限公司	東亞建築經理股份有限公司			中山區-正義段三小段-114地號等10筆	false	310
1027	2016-09-22	105/9/22	中山區	中山區	變更(第二次)臺北市中山區正義段三小段354地號1筆(原18筆)土地都市更新事業計畫案	變更(第二次)臺北市中山區正義段三小段354地號1筆(原18筆)土地都市更新事業計畫案	臺北市中山區正義段三小段354地號(原354、355、356、363、364、365、366、367、368、369、370、371、372、373、374、375、376、377地號等18筆)1筆土地	正義段三小段	354	354	354:354,355,356,363,364,365,366,367,368,369,370,371,372,373,374,375,376,377地號等18筆	1	18			變更(第二次)	2	事業計畫	璞永建設股份有限公司	邑相更新規劃股份有限公司			中山區-正義段三小段-354地號等1筆	true	1027
1174	2013-07-25	102/7/25	中山區	中山區	變更臺北市中山區正義段三小段354地號等18筆土地都市更新事業計畫案	變更臺北市中山區正義段三小段354地號等18筆土地都市更新事業計畫案	臺北市中山區正義段三小段354、355、356、363、364、365、366、367、368、369、370、371、372、373、734、375、376、377地號等18筆土地	正義段三小段	354	354|355|356|363|364|365|366|367|368|369|370|371|372|373|734|375|376|377		18				變更	1	事業計畫	璞永建設股份有限公司	邑相更新規劃股份有限公司			中山區-正義段三小段-354地號等1筆	false	1027
1184	2013-06-14	102/6/14	中山區	中山區	擬訂臺北市中山區正義段三小段354地號等18筆土地都市更新事業計畫案	擬訂臺北市中山區正義段三小段354地號等18筆土地都市更新事業計畫案	臺北市中山區正義段三小段354、355、356、363、364、365、366、367、368、369、370、371、372、373、734、375、376、377地號等18筆土地	正義段三小段	354	354|355|356|363|364|365|366|367|368|369|370|371|372|373|734|375|376|377		18				擬訂	0	事業計畫	璞永建設股份有限公司	邑相更新規劃股份有限公司			中山區-正義段三小段-354地號等1筆	false	1027
477	2022-03-16	111/3/16	中山區	中山區	變更(第二次)臺北市中山區正義段三小段418地號等10筆土地都市更新權利變換計畫案	變更(第二次)臺北市中山區正義段三小段418地號等10筆土地都市更新權利變換計畫案	臺北市中山區正義段三小段418、419、420、421、422、423、424、425、426、427地號等10筆土地	正義段三小段	418	418|419|420|421|422|423|424|425|426|427		10				變更(第二次)	2	權利變換	丹棠天津股份有限公司	財團法人都市更新研究發展基金會			中山區-正義段三小段-418地號等10筆	true	477
633	2020-09-09	109/9/9	中山區	中山區	變更臺北市中山區正義段三小段418地號等10筆土地都市更新權利變換計畫案	變更臺北市中山區正義段三小段418地號等10筆土地都市更新權利變換計畫案	臺北市中山區正義段三小段418、419、420、421、422、423、424、425、426、427地號等10筆土地	正義段三小段	418	418|419|420|421|422|423|424|425|426|427		10				變更	1	權利變換	丹棠天津股份有限公司	財團法人都市更新研究發展基金會			中山區-正義段三小段-418地號等10筆	false	477
967	2017-08-03	106/8/3	中山區	中山區	擬訂臺北市中山區正義段三小段418地號等10筆土地都市更新事業計畫及權利變換計畫案	擬訂臺北市中山區正義段三小段418地號等10筆土地都市更新事業計畫及權利變換計畫案	臺北市中山區正義段三小段418、419、420、421、422、423、424、425、426、427地號等10筆土地	正義段三小段	418	418|419|420|421|422|423|424|425|426|427		10				擬訂	0	事業計畫、權利變換	丹棠天津股份有限公司	財團法人都市更新研究發展基金會			中山區-正義段三小段-418地號等10筆	false	477
188	2024-08-29	113/8/29	中山區	中山區	擬訂臺北市中山區正義段三小段566地號等5筆土地都市更新事業計畫案	擬訂臺北市中山區正義段三小段566地號等5筆土地都市更新事業計畫案	臺北市中山區正義段三小段566、567、570、571、572地號等5筆土地	正義段三小段	566	566|567|570|571|572		5				擬訂	0	事業計畫	耕薪都市更新股份有限公司	耕磊都市規劃股份有限公司			中山區-正義段三小段-566地號等5筆	true	188
279	2023-11-09	112/11/9	中山區	中山區	變更(第二次)臺北市中山區正義段三小段630地號等13筆土地都市更新權利變換計畫案	變更(第二次)臺北市中山區正義段三小段630地號等13筆土地都市更新權利變換計畫案	臺北市中山區正義段三小段630、630-1、631、631-1、632、633、634、635、636、675、676、677、678地號等13筆土地	正義段三小段	630	630|630-1|631|631-1|632|633|634|635|636|675|676|677|678		13				變更(第二次)	2	權利變換	大陸建設股份有限公司	逢達不動產開發顧問股份有限公司			中山區-正義段三小段-630地號等13筆	true	279
560	2019-06-22	108/6/22	中山區	中山區	變更臺北市中山區正義段三小段630地號等13筆土地都市更新事業計畫及權利變換計畫案	變更臺北市中山區正義段三小段630地號等13筆土地都市更新事業計畫及權利變換計畫案	臺北市中山區正義段三小段630、630-1、631、631-1、632、633、634、635、636、675、676、677、678地號等13筆土地	正義段三小段	630	630|630-1|631|631-1|632|633|634|635|636|675|676|677|678		13				變更	1	事業計畫、權利變換	大陸建設股份有限公司	逢達不動產開發顧問股份有限公司			中山區-正義段三小段-630地號等13筆	false	279
773	2019-07-30	108/7/30	中山區	中山區	擬訂臺北市中山區正義段三小段630地號等13筆土地都市更新權利變換計畫案	擬訂臺北市中山區正義段三小段630地號等13筆土地都市更新權利變換計畫案	臺北市中山區正義段三小段630、630-1、631、631-1、632、633、634、635、636、675、676、677、678地號等13筆土地	正義段三小段	630	630|630-1|631|631-1|632|633|634|635|636|675|676|677|678		13				擬訂	0	權利變換	大陸建設股份有限公司	逢達不動產開發顧問股份有限公司			中山區-正義段三小段-630地號等13筆	false	279
1016	2016-12-01	105/12/1	中山區	中山區	擬訂臺北市中山區正義段三小段630地號等13筆土地都市更新事業計畫案	擬訂臺北市中山區正義段三小段630地號等13筆土地都市更新事業計畫案	臺北市中山區正義段三小段630、630-1、631、631-1、632、633、634、635、636、675、676、677、678地號等13筆土地	正義段三小段	630	630|630-1|631|631-1|632|633|634|635|636|675|676|677|678		13				擬訂	0	事業計畫	大陸建設股份有限公司	逢達不動產開發顧問股份有限公司			中山區-正義段三小段-630地號等13筆	false	279
868	2018-09-13	107/9/13	中山區	中山區	擬訂臺北市中山區正義段二小段315地號等9筆土地都市更新事業計畫案	擬訂臺北市中山區正義段二小段315地號等9筆土地都市更新事業計畫案	臺北市中山區正義段二小段315、316、317、318、319、320、321、322、322-1地號等9筆土地	正義段二小段	315	315|316|317|318|319|320|321|322|322-1		9				擬訂	0	事業計畫	璞永建設股份有限公司	劉宇傑建築師事務所			中山區-正義段二小段-315地號等9筆	true	868
28	2026-05-20	115/5/20	中山區	中山區	擬訂臺北市中山區正義段四小段115地號等4筆土地都市更新事業計畫及權利變換計畫案	擬訂臺北市中山區正義段四小段115地號等4筆土地都市更新事業計畫及權利變換計畫案	臺北市中山區正義段四小段115、115-3、115-4、131地號等4筆土地	正義段四小段	115	115|115-3|115-4|131		4				擬訂	0	事業計畫、權利變換	桓鉅建設股份有限公司	台北再開發規劃股份有限公司			中山區-正義段四小段-115地號等4筆	true	28
306	2023-08-04	112/8/4	中山區	中山區	變更(第二次)臺北市中山區正義段四小段132地號等3筆土地都市更新事業計畫案	變更(第二次)臺北市中山區正義段四小段132地號等3筆土地都市更新事業計畫案	臺北市中山區正義段四小段132、174、175地號等3筆土地	正義段四小段	132	132|174|175		3				變更(第二次)	2	事業計畫	三橋建設股份有限公司	台北再開發規劃股份有限公司			中山區-正義段四小段-132地號等3筆	true	306
480	2022-02-23	111/2/23	中山區	中山區	變更臺北市中山區正義段四小段132地號等3筆土地都市更新事業計畫及權利變換計畫案	變更臺北市中山區正義段四小段132地號等3筆土地都市更新事業計畫及權利變換計畫案	臺北市中山區正義段四小段132、174、175地號等3筆土地	正義段四小段	132	132|174|175		3				變更	1	事業計畫、權利變換	三橋建設股份有限公司	台北再開發規劃股份有限公司			中山區-正義段四小段-132地號等3筆	false	306
544	2021-08-10	110/8/10	中山區	中山區	擬訂臺北市中山區正義段四小段132地號等3筆土地都市更新事業計畫及權利變換計畫案	擬訂臺北市中山區正義段四小段132地號等3筆土地都市更新事業計畫及權利變換計畫案	臺北市中山區正義段四小段132、174、175地號等3筆土地	正義段四小段	132	132|174|175		3				擬訂	0	事業計畫、權利變換	益豐建設股份有限公司	丹棠開發股份有限公司			中山區-正義段四小段-132地號等3筆	false	306
212	2024-05-30	113/5/30	中山區	中山區	擬訂臺北市中山區正義段四小段133地號1筆土地都市更新事業計畫案	擬訂臺北市中山區正義段四小段133地號1筆土地都市更新事業計畫案	臺北市中山區正義段四小段1331筆土地	正義段四小段	133			1				擬訂	0	事業計畫	三橋建設股份有限公司	台北再開發規劃股份有限公司		地號無法解析(缺少地號清單)	中山區-正義段四小段-133地號等1筆	true	212
207	2024-06-13	113/6/13	中山區	中山區	變更臺北市中山區正義段四小段187地號等49筆土地都市更新權利變換計畫案	變更臺北市中山區正義段四小段187地號等49筆土地都市更新權利變換計畫案	臺北市中山區正義段四小段184、185、186、187、188、189、190、191、192、193、194、195、196、197、199、200、207、207-1、208、209、210、211、212、213、213-1、214、215、216、217、218、219、220、221、222、223、224、225、225-1、226、227、228、229、230、231、232、233、235、236-1、237地號等49筆土地	正義段四小段	187	184|185|186|187|188|189|190|191|192|193|194|195|196|197|199|200|207|207-1|208|209|210|211|212|213|213-1|214|215|216|217|218|219|220|221|222|223|224|225|225-1|226|227|228|229|230|231|232|233|235|236-1|237		49				變更	1	權利變換	詔安建設股份有限公司	丹棠開發股份有限公司			中山區-正義段四小段-187地號等49筆	true	207
778	2019-07-18	108/7/18	中山區	中山區	擬訂臺北市中山區正義段四小段187地號等49筆土地都市更新權利變換計畫案	擬訂臺北市中山區正義段四小段187地號等49筆土地都市更新權利變換計畫案	臺北市中山區正義段四小段184、185、186、187、188、189、190、191、192、193、194、195、196、197、199、200、207、207-1、208、209、210、211、212、213、213-1、214、215、216、217、218、219、220、221、222、223、224、225、225-1、226、227、228、229、230、231、232、233、235、236-1、237地號等49筆土地	正義段四小段	187	184|185|186|187|188|189|190|191|192|193|194|195|196|197|199|200|207|207-1|208|209|210|211|212|213|213-1|214|215|216|217|218|219|220|221|222|223|224|225|225-1|226|227|228|229|230|231|232|233|235|236-1|237		49				擬訂	0	權利變換	詔安建設股份有限公司	丹棠開發股份有限公司			中山區-正義段四小段-187地號等49筆	false	207
1165	2013-10-03	102/10/3	中山區	中山區	擬訂臺北市中山區正義段四小段187地號等49筆土地都市更新事業計畫案	擬訂臺北市中山區正義段四小段187地號等49筆土地都市更新事業計畫案	臺北市中山區正義段四小段184、185、186、187、188、189、190、191、192、193、194、195、196、197、199、200、207、207-1、208、209、210、211、212、213、213-1、214、215、216、217(部分)、218、219、220、221、222、223、224、225、225-1、226、227、228、229、230、231、232、233、235、236-1、237地號等49筆土地	正義段四小段	187	184|185|186|187|188|189|190|191|192|193|194|195|196|197|199|200|207|207-1|208|209|210|211|212|213|213-1|214|215|216|217|218|219|220|221|222|223|224|225|225-1|226|227|228|229|230|231|232|233|235|236-1|237		49				擬訂	0	事業計畫	詔安建設股份有限公司	丹棠開發股份有限公司			中山區-正義段四小段-187地號等49筆	false	207
89	2025-08-19	114/8/19	中山區	中山區	擬訂臺北市中山區正義段四小段243地號等24筆土地事業概要案	擬訂臺北市中山區正義段四小段243地號等24筆土地事業概要案	臺北市中山區正義段四小段243、247、248、251、252、255、256、259、260、261、262、263、264、265、266、267、268、268-1、269、270、271、272、273、274地號等24筆土地	正義段四小段	243	243|247|248|251|252|255|256|259|260|261|262|263|264|265|266|267|268|268-1|269|270|271|272|273|274		24				擬訂	0	事業概要	東家建設股份有限公司	東禧不動產創新股份有限公司			中山區-正義段四小段-243地號等24筆	true	89
102	2025-06-26	114/6/26	中山區	文山區	擬訂臺北市文山區萬慶段一小段95地號等15筆土地事業計畫及權利變換計畫案	擬訂臺北市文山區萬慶段一小段95地號等15筆土地事業計畫及權利變換計畫案	臺北市文山區萬慶段一小段95、96、97、98、99、100、101、102、103、104、105、106-2、107-2、108、109-1地號等15筆土地	萬慶段一小段	95	95|96|97|98|99|100|101|102|103|104|105|106-2|107-2|108|109-1		15				擬訂	0	事業計畫、權利變換	丹棠開發股份有限公司	財團法人都市更新研究發展基金會		行政區與地號行政區不一致(地號為文山區)	中山區-萬慶段一小段-95地號等15筆	true	102
1271	2010-08-26	99/8/26	中山區	中山區	擬訂臺北市中山區長安段一小段210地號1筆土地都市更新事業計畫案	擬訂臺北市中山區長安段一小段210地號1筆土地都市更新事業計畫案	臺北市中山區長安段一小段210地號等1筆土地	長安段一小段	210	210		1				擬訂	0	事業計畫	宏盛建設股份有限公司	梁正芳建築師事務所			中山區-長安段一小段-210地號等1筆	true	1271
298	2023-08-24	112/8/24	中山區	中山區	變更臺北市中山區長安段一小段345地號等18筆土地都市更新事業計畫案	變更臺北市中山區長安段一小段345地號等18筆土地都市更新事業計畫案	臺北市中山區長安段一小段345、346、347、348、349、350、351、352、353、354、355、356、357、357-1、358、358-1、360、360-1地號等18筆土地	長安段一小段	345	345|346|347|348|349|350|351|352|353|354|355|356|357|357-1|358|358-1|360|360-1		18				變更	1	事業計畫	興富發建設股份有限公司	舜磐創新有限公司			中山區-長安段一小段-345地號等18筆	true	298
558	2021-07-07	110/7/7	中山區	中山區	擬訂臺北市中山區長安段一小段345地號等18筆土地都市更新事業計畫案	擬訂臺北市中山區長安段一小段345地號等18筆土地都市更新事業計畫案	臺北市中山區長安段一小段345、346、347、348、349、350、351、352、353、354、355、356、357、357-1、358、358-1、360、360-1地號等18筆土地	長安段一小段	345	345|346|347|348|349|350|351|352|353|354|355|356|357|357-1|358|358-1|360|360-1		18				擬訂	0	事業計畫	興富發建設股份有限公司	舜磐創新有限公司			中山區-長安段一小段-345地號等18筆	false	298
94	2025-08-05	114/8/5	中山區	中山區	擬訂臺北市中山區長安段一小段454地號等2筆土地都市更新事業計畫案	擬訂臺北市中山區長安段一小段454地號等2筆土地都市更新事業計畫案	臺北市中山區長安段一小段454、454-1地號等2筆土地	長安段一小段	454	454|454-1		2				擬訂	0	事業計畫	達欣工程股份有限公司	舜磐創新股份有限公司			中山區-長安段一小段-454地號等2筆	true	94
439	2022-07-27	111/7/27	中山區	中山區	擬訂臺北市中山區長安段一小段468地號1筆土地都市更新事業計畫案	擬訂臺北市中山區長安段一小段468地號1筆土地都市更新事業計畫案	臺北市中山區長安段一小段468地號1筆土地	長安段一小段	468	468		1				擬訂	0	事業計畫	巧洋實業股份有限公司	巧洋實業股份有限公司			中山區-長安段一小段-468地號等1筆	true	439
1384	2006-08-04	95/8/4	中山區	中山區	擬訂臺北市中山區長安段一小段579地號1筆土地(原世和大樓基地)都市更新事業計畫案	擬訂臺北市中山區長安段一小段579地號1筆土地(原世和大樓基地)都市更新事業計畫案	臺北市中山區長安段一小段579地號等1筆土地	長安段一小段	579	579		1		原世和大樓基地		擬訂	0	事業計畫	世和大樓都市更新會	國土不動產投資顧問股份有限公司			中山區-長安段一小段-579地號等1筆	true	1384
1413	2003-03-03	92/3/3	中山區	中山區	擬訂臺北市中山區長安段一小段721地號等6筆土地都市更新事業計畫案	擬訂臺北市中山區長安段一小段721地號等6筆土地都市更新事業計畫案	臺北市中山區長安段一小段721、722、723、724、725、726地號等6筆土地元利建設企業股份	長安段一小段	721	721|722|723|724|725|726		6				擬訂	0	事業計畫	有限公司	陳傳宗建築師事務所			中山區-長安段一小段-721地號等6筆	true	1413
794	2019-05-15	108/5/15	中山區	中山區	變更臺北市中山區長安段三小段396地號等3筆土地都市更新事業計畫案	變更臺北市中山區長安段三小段396地號等3筆土地都市更新事業計畫案	臺北市中山區長安段三小段396、405、405-1地號等3筆土地	長安段三小段	396	396|405|405-1		3				變更	1	事業計畫	大陸建設股份有限公司	財團法人都市更新研究發展基金會			中山區-長安段三小段-396地號等3筆	true	794
1010	2017-01-19	106/1/19	中山區	中山區	擬訂臺北市中山區長安段三小段396地號等3筆土地都市更新事業計畫案	擬訂臺北市中山區長安段三小段396地號等3筆土地都市更新事業計畫案	臺北市中山區長安段三小段396、405、405-1地號等3筆土地	長安段三小段	396	396|405|405-1		3				擬訂	0	事業計畫	大陸建設股份有限公司	財團法人都市更新研究發展基金會			中山區-長安段三小段-396地號等3筆	false	794
1337	2008-09-02	97/9/2	中山區	中山區	變更臺北市中山區長安段三小段709地號等2筆土地都市更新事業計畫及權利變換計畫案	變更臺北市中山區長安段三小段709地號等2筆土地都市更新事業計畫及權利變換計畫案	臺北市中山區長安段三小段709、711地號等2筆土地	長安段三小段	709	709|711		2				變更	1	事業計畫、權利變換	永達建設股份有限公司	邑相國際工程顧問有限公司			中山區-長安段三小段-709地號等2筆	true	1337
1404	2004-10-21	93/10/21	中山區	中山區	擬訂臺北市中山區長安段三小段709、711地號等2筆土地都市更新事業計畫及權利變換計畫案	擬訂臺北市中山區長安段三小段709、711地號等2筆土地都市更新事業計畫及權利變換計畫案	臺北市中山區長安段三小段709、711地號等2筆土地	長安段三小段	709	709|711		2				擬訂	0	事業計畫、權利變換	永達建設股份有限公司	邑相國際工程顧問有限公司			中山區-長安段三小段-709地號等2筆	false	1337
942	2017-11-16	106/11/16	中山區	中山區	變更臺北市中山區長安段三小段725地號等7筆土地都市更新事業計畫及權利變換計畫案	變更臺北市中山區長安段三小段725地號等7筆土地都市更新事業計畫及權利變換計畫案	臺北市中山區長安段三小段725、726、727、728、729、730、731地號等7筆土地	長安段三小段	725	725|726|727|728|729|730|731		7				變更	1	事業計畫、權利變換	奧斯卡建設股份有限公司	財團法人都市更新研究發展基金會			中山區-長安段三小段-725地號等7筆	true	942
1136	2014-03-06	103/3/6	中山區	中山區	擬訂臺北市中山區長安段三小段725地號等7筆土地都市更新事業計畫及權利變換計畫案	擬訂臺北市中山區長安段三小段725地號等7筆土地都市更新事業計畫及權利變換計畫案	臺北市中山區長安段三小段725、726、727、729、730、731、732地號等7筆土地	長安段三小段	725	725|726|727|729|730|731|732		7				擬訂	0	事業計畫、權利變換	奧斯卡建設股份有限公司	財團法人都市更新研究發展基金會			中山區-長安段三小段-725地號等7筆	false	942
820	2019-02-21	108/2/21	中山區	中山區	變更臺北市中山區長安段二小段356地號等26筆土地都市更新事業計畫及權變計畫	變更臺北市中山區長安段二小段356地號等26筆土地都市更新事業計畫及權變計畫	臺北市中山區長安段二小段356、357、357-1、358、359、360、367-2、367-3、368、368-1、369、369-1、370-1、371、372、373、375-1、376、377、378、379、379-1、380、381、382及383-3號等26筆土地	長安段二小段	356	356|357|357-1|358|359|360|367-2|367-3|368|368-1|369|369-1|370-1|371|372|373|375-1|376|377|378|379|379-1|380|381		26				變更	1	事業計畫	華固建設股份有限公司	弘傑開發事業股份有限公司			中山區-長安段二小段-356地號等26筆	true	820
1035	2016-08-30	105/8/30	中山區	中山區	擬訂臺北市中山區長安段二小段356地號等26筆土地都市更新事業計畫及權利變換計畫案	擬訂臺北市中山區長安段二小段356地號等26筆土地都市更新事業計畫及權利變換計畫案	臺北市中山區長安段二小段356、357、357-1、358、359、360、367-2、367-3、368、368-1、369、369-1、370-1、371、372、373、375-1、376、377、378、379、379-1、380、381、382、383-3地號等26筆土地	長安段二小段	356	356|357|357-1|358|359|360|367-2|367-3|368|368-1|369|369-1|370-1|371|372|373|375-1|376|377|378|379|379-1|380|381|382|383-3		26				擬訂	0	事業計畫、權利變換	華固建設股份有限公司	弘傑開發事業股份有限公司			中山區-長安段二小段-356地號等26筆	false	820
871	2018-09-06	107/9/6	中山區	中山區	擬訂臺北市中山區長安段二小段63地號等14筆土地都市更新權利變換計畫案	擬訂臺北市中山區長安段二小段63地號等14筆土地都市更新權利變換計畫案	臺北市中山區長安段二小段63、64、65、66、67、68、69、82-1、84、85、86、87、88、89地號等14筆土地	長安段二小段	63	63|64|65|66|67|68|69|82-1|84|85|86|87|88|89		14				擬訂	0	權利變換	樂揚建設股份有限公司	拓築不動產顧問股份有限公司			中山區-長安段二小段-63地號等14筆	true	871
1073	2015-12-03	104/12/3	中山區	中山區	擬訂臺北市中山區長安段二小段63地號等14筆土地都市更新事業計畫及權利變換計畫案	擬訂臺北市中山區長安段二小段63地號等14筆土地都市更新事業計畫及權利變換計畫案	臺北市中山區長安段二小段63、64、65、66、67、68、69、82-1、84、85、86、87、88、89地號等14筆土地	長安段二小段	63	63|64|65|66|67|68|69|82-1|84|85|86|87|88|89		14				擬訂	0	事業計畫、權利變換	樂揚建設股份有限公司	財團法人都市更新研究發展基金會			中山區-長安段二小段-63地號等14筆	false	871
287	2023-10-19	112/10/19	中山區	中山區	變更(第五次)臺北市中山區長安段二小段683-2地號等13筆土地都市更新權利變換計畫案	變更(第五次)臺北市中山區長安段二小段683-2地號等13筆土地都市更新權利變換計畫案	臺北市中山區長安段二小段683-2、696、696-1、696-4、696-5、696-6、696-7、696-8、696-9、696-10、696-11、696-12及697-1地號等13筆土地	長安段二小段	683-2	683-2|696|696-1|696-4|696-5|696-6|696-7|696-8|696-9|696-10|696-11		13				變更(第五次)	5	權利變換	宏普建設股份有限公司	弘傑開發事業股份有限公司			中山區-長安段二小段-683-2地號等13筆	true	287
315	2023-07-04	112/7/4	中山區	中山區	變更(第四次)臺北市中山區長安段二小段683-2地號等13筆土地都市更新權利變換計畫案	變更(第四次)臺北市中山區長安段二小段683-2地號等13筆土地都市更新權利變換計畫案	臺北市中山區長安段二小段683-2、696、696-1、696-4、696-5、696-6、696-7、696-8、696-9、696-10、696-11、696-12及697-1地號等13筆土地	長安段二小段	683-2	683-2|696|696-1|696-4|696-5|696-6|696-7|696-8|696-9|696-10|696-11		13				變更(第四次)	4	權利變換	宏普建設股份有限公司	弘傑開發事業股份有限公司			中山區-長安段二小段-683-2地號等13筆	false	287
345	2023-04-06	112/4/6	中山區	中山區	變更(第三次)臺北市中山區長安段二小段683-2地號等13筆土地都市更新權利變換計畫案	變更(第三次)臺北市中山區長安段二小段683-2地號等13筆土地都市更新權利變換計畫案	臺北市中山區長安段二小段683-2、696、696-1、696-4、696-5、696-6、696-7、696-8、696-9、696-10、696-11、696-12及697-1地號等13筆土地	長安段二小段	683-2	683-2|696|696-1|696-4|696-5|696-6|696-7|696-8|696-9|696-10|696-11		13				變更(第三次)	3	權利變換	宏普建設股份有限公司	弘傑開發事業股份有限公司			中山區-長安段二小段-683-2地號等13筆	false	287
469	2022-04-06	111/4/6	中山區	中山區	變更(第二次)臺北市中山區長安段二小段683-2地號等13筆土地都市更新事業計畫及權利變換計畫案	變更(第二次)臺北市中山區長安段二小段683-2地號等13筆土地都市更新事業計畫及權利變換計畫案	臺北市中山區長安段二小段683-2、696、696-1、696-4、696-5、696-6、696-7、696-8、696-9、696-10、696-11、696-12及697-1地號等13筆土地	長安段二小段	683-2	683-2|696|696-1|696-4|696-5|696-6|696-7|696-8|696-9|696-10|696-11		13				變更(第二次)	2	事業計畫、權利變換	宏普建設股份有限公司	弘傑開發事業股份有限公司			中山區-長安段二小段-683-2地號等13筆	false	287
882	2018-07-12	107/7/12	中山區	中山區	變更臺北市中山區長安段二小段683-2地號等13筆土地都市更新事業計畫及權利變換計畫案	變更臺北市中山區長安段二小段683-2地號等13筆土地都市更新事業計畫及權利變換計畫案	臺北市中山區長安段二小段683-2、696、696-1、696-4、696-5、696-6、696-7、696-8、696-9、696-10、696-11、696-12及697-1地號等13筆土地	長安段二小段	683-2	683-2|696|696-1|696-4|696-5|696-6|696-7|696-8|696-9|696-10|696-11		13				變更	1	事業計畫、權利變換	宏普建設股份有限公司	弘傑開發事業股份有限公司			中山區-長安段二小段-683-2地號等13筆	false	287
938	2017-11-28	106/11/28	中山區	中山區	擬訂臺北市中山區長安段二小段683-2地號等13筆土地都市更新事業計畫及權利變換計畫案	擬訂臺北市中山區長安段二小段683-2地號等13筆土地都市更新事業計畫及權利變換計畫案	臺北市中山區長安段二小段683-2、696、696-1、696-4、696-5、696-6、696-7、696-8、696-9、696-10、696-11、696-12及697-1地號等13筆土地	長安段二小段	683-2	683-2|696|696-1|696-4|696-5|696-6|696-7|696-8|696-9|696-10|696-11		13				擬訂	0	事業計畫、權利變換	鴻億開發股份有限公司	弘傑開發事業股份有限公司			中山區-長安段二小段-683-2地號等13筆	false	287
1203	2013-01-08	102/1/8	中山區	中山區	擬訂臺北市中山區長安段二小段684地號等13筆土地都市更新事業計畫案	擬訂臺北市中山區長安段二小段684地號等13筆土地都市更新事業計畫案	219-62、219-64、219-91、219-92、219-93、219-94、臺北市中山區長安段二小段684、685、686、687、688、689、689-1、690、691、692、693、694、695地號等13筆土地	長安段二小段	684	684|685|686|687|688|689|689-1|690|691|692|693|694|695		13				擬訂	0	事業計畫	頂泰建設股份有限公司	宏都更新建築股份有限公司			中山區-長安段二小段-684地號等13筆	true	1203
37	2026-04-16	115/4/16	中山區	中山區	變更臺北市中山區長安段四小段140地號等22筆土地都市更新權利變換計畫案	變更臺北市中山區長安段四小段140地號等22筆土地都市更新權利變換計畫案	臺北市中山區長安段四小段140、140-1、141、142、143、144、145、146、147、148、149、149-1、157、157-1、158、159、160、161、162、163164、165地號等22筆土地	長安段四小段	140	140|140-1|141|142|143|144|145|146|147|148|149|149-1|157|157-1|158|159|160|161|162|163164|165		22				變更	1	權利變換	潤泰創新國際股份有限公司	衡邦工程顧問股份有限公司			中山區-長安段四小段-140地號等22筆	true	37
737	2019-11-26	108/11/26	中山區	中山區	擬訂臺北市中山區長安段四小段140地號等22筆土地都市更新權利變換計畫案	擬訂臺北市中山區長安段四小段140地號等22筆土地都市更新權利變換計畫案	臺北市中山區長安段四小段140、140-1、141、142、143、144、145、146、147、148、149、149-1、157、157-1、158、159、160、161、162、163164、165地號等22筆土地	長安段四小段	140	140|140-1|141|142|143|144|145|146|147|148|149|149-1|157|157-1|158|159|160|161|162|163164|165		22				擬訂	0	權利變換	潤泰創新國際股份有限公司	衡邦工程顧問股份有限公司			中山區-長安段四小段-140地號等22筆	false	37
1033	2016-09-06	105/9/6	中山區	中山區	擬訂臺北市中山區長安段四小段140地號等22筆土地都市更新事業計畫案	擬訂臺北市中山區長安段四小段140地號等22筆土地都市更新事業計畫案	臺北市中山區長安段四小段140、140-1、141、142、143、144、145、146、147、148、149、149-1、157、157-1、158、159、160、161、162、163164、165地號等22筆土地	長安段四小段	140	140|140-1|141|142|143|144|145|146|147|148|149|149-1|157|157-1|158|159|160|161|162|163164|165		22				擬訂	0	事業計畫	潤泰創新國際股份有限公司	衡邦工程顧問股份有限公司			中山區-長安段四小段-140地號等22筆	false	37
182	2024-10-23	113/10/23	中山區	中山區	擬訂臺北市中山區長春段一小段12-1地號等15筆土地都市更新事業計畫及權利變換計畫案	擬訂臺北市中山區長春段一小段12-1地號等15筆土地都市更新事業計畫及權利變換計畫案	臺北市中山區長春段一小段12-1、12-4、39、41、42、43、44、45、46、47、48、49、50、51、56地號等15筆土地	長春段一小段	12-1	12-1|12-4|39|41|42|43|44|45|46|47|48|49|50|51|56		15				擬訂	0	事業計畫、權利變換	春風開發股份有限公司	弘傑開發事業股份有限公司			中山區-長春段一小段-12-1地號等15筆	true	182
454	2022-05-11	111/5/11	中山區	中山區	擬訂臺北市中山區長春段一小段172-6地號等14筆土地都市更新權利變換計畫案	擬訂臺北市中山區長春段一小段172-6地號等14筆土地都市更新權利變換計畫案	臺北市中山區長春段一小段172-6、177-1、178-3、181、203-1、204、205、206-1、207-1、208、209、210-1、211、239-1地號等14筆土地	長春段一小段	172-6	172-6|177-1|178-3|181|203-1|204|205|206-1|207-1|208|209|210-1|211|239-1		14				擬訂	0	權利變換	基寶建設股份有限公司	弘傑城市開發股份有限公司			中山區-長春段一小段-172-6地號等14筆	true	454
839	2019-01-03	108/1/3	中山區	中山區	擬訂臺北市中山區長春段一小段172-6地號等14筆土地都市更新事業計畫案	擬訂臺北市中山區長春段一小段172-6地號等14筆土地都市更新事業計畫案	臺北市中山區長春段一小段172-6、177-1、178-3、181、203-1、204、205、206-1、207-1、208、209、210-1、211、239-1地號等14筆土地	長春段一小段	172-6	172-6|177-1|178-3|181|203-1|204|205|206-1|207-1|208|209|210-1|211|239-1		14				擬訂	0	事業計畫	基寶建設股份有限公司	弘傑城市開發股份有限公司			中山區-長春段一小段-172-6地號等14筆	false	454
666	2020-06-11	109/6/11	中山區	中山區	擬訂臺北市中山區長春段一小段35地號等35筆土地都市更新事業計畫案	擬訂臺北市中山區長春段一小段35地號等35筆土地都市更新事業計畫案	臺北市中山區長春段一小段12-3、14-1、19、20、21、22、22-1、23、23-1、24、24-1、25、26、26-1、26-2、26-3、26-4、26-5、30、30-1、30-2、30-3、30-4、30-5、30-6、30-7、31、31-1、34、34-1、35、35-1、36、36-1、37地號等35筆土地	長春段一小段	35	12-3|14-1|19|20|21|22|22-1|23|23-1|24|24-1|25|26|26-1|26-2|26-3|26-4|26-5|30|30-1|30-2|30-3|30-4|30-5|30-6|30-7|31|31-1|34|34-1|35|35-1|36|36-1|37		35				擬訂	0	事業計畫	巧洋實業股份有限公司	巧洋實業股份有限公司			中山區-長春段一小段-35地號等35筆	true	666
587	2021-02-04	110/2/4	中山區	中山區	擬訂臺北市中山區長春段一小段764地號等2筆土地都市更新事業計畫及權利變換計畫案	擬訂臺北市中山區長春段一小段764地號等2筆土地都市更新事業計畫及權利變換計畫案	臺北市中山區長春段一小段764、764-1地號等2筆土地	長春段一小段	764	764|764-1		2				擬訂	0	事業計畫、權利變換	中國建築經理股份有限公司	財團法人都市更新研究發展基金會			中山區-長春段一小段-764地號等2筆	true	587
813	2019-03-14	108/3/14	中山區	中山區	變更臺北市中山區長春段三小段128-4地號等17筆土地都市更新事業計畫案	變更臺北市中山區長春段三小段128-4地號等17筆土地都市更新事業計畫案	臺北市中山區長春段三小段128-4、129-1、130、130-1、130-2、130-3、131、132、132-1、132-2、132-3、132-4、132-5、143、143-1、145、146地號等17筆土地	長春段三小段	128-4	128-4|129-1|130|130-1|130-2|130-3|131|132|132-1|132-2|132-3|132-4|132-5|143|143-1|145|146		17				變更	1	事業計畫	宏盛建設股份有限公司	里美都市開發股份有限公司			中山區-長春段三小段-128-4地號等17筆	true	813
1053	2016-04-26	105/4/26	中山區	中山區	擬訂臺北市中山區長春段三小段128-4地號等17筆土地都市更新事業計畫案	擬訂臺北市中山區長春段三小段128-4地號等17筆土地都市更新事業計畫案	臺北市中山區長春段三小段128-4、129-1、130、130-1、130-2、130-3、131、132、132-1、132-2、132-3、132-4、132-5、143、143-1、145、146地號等17筆土地	長春段三小段	128-4	128-4|129-1|130|130-1|130-2|130-3|131|132|132-1|132-2|132-3|132-4|132-5|143|143-1|145|146		17				擬訂	0	事業計畫	宏盛建設股份有限公司	信實都市開發股份有限公司			中山區-長春段三小段-128-4地號等17筆	false	813
705	2020-02-05	109/2/5	中山區	中山區	變更(第二次)臺北市中山區長春段三小段245地號等16筆土地都市更新權利變換計畫案	變更(第二次)臺北市中山區長春段三小段245地號等16筆土地都市更新權利變換計畫案	臺北市中山區長春段三小段245、246、247、248、249、250、251、252、252、253、254、255、256、257、258、259、260地號等16筆土地	長春段三小段	245	245|246|247|248|249|250|251|252|253|254|255|256|257|258|259|260		16				變更(第二次)	2	權利變換	昇陽建設企業股份有限公司	弘傑城市開發股份有限公司			中山區-長春段三小段-245地號等16筆	true	705
770	2019-08-20	108/8/20	中山區	中山區	變更臺北市中山區長春段三小段245地號等16筆土地都市更新權利變換計畫案	變更臺北市中山區長春段三小段245地號等16筆土地都市更新權利變換計畫案	臺北市中山區長春段三小段245、246、247、248、249、250、251、252、252、253、254、255、256、257、258、259、260地號等16筆土地	長春段三小段	245	245|246|247|248|249|250|251|252|253|254|255|256|257|258|259|260		16				變更	1	權利變換	昇陽建設企業股份有限公司	弘傑城市開發股份有限公司			中山區-長春段三小段-245地號等16筆	false	705
1026	2016-09-29	105/9/29	中山區	中山區	擬訂臺北市中山區長春段三小段245地號等16筆土地都市更新權利變換計畫案	擬訂臺北市中山區長春段三小段245地號等16筆土地都市更新權利變換計畫案	臺北市中山區長春段三小段245、246、247、248、249、250、251、252、252、253、254、255、256、257、258、259、260地號等16筆土地	長春段三小段	245	245|246|247|248|249|250|251|252|253|254|255|256|257|258|259|260		16				擬訂	0	權利變換	昇陽建設企業股份有限公司	緯城土地規劃工程顧問有限公司			中山區-長春段三小段-245地號等16筆	false	705
1149	2014-01-02	103/1/2	中山區	中山區	擬訂臺北市中山區長春段三小段245地號等16筆土地都市更新事業計畫案	擬訂臺北市中山區長春段三小段245地號等16筆土地都市更新事業計畫案	臺北市中山區長春段三小段245、246、247、248、249、250、251、252、253、254、255、256、257、258、259、260地號等16筆土地	長春段三小段	245	245|246|247|248|249|250|251|252|253|254|255|256|257|258|259|260		16				擬訂	0	事業計畫	昇陽建設股份有限公司	吳亞蘋建築師事務所			中山區-長春段三小段-245地號等16筆	false	705
899	2018-05-10	107/5/10	中山區	中山區	變更臺北市中山區長春段二小段125-1地號等53筆土地都市更新權利變換計畫案	變更臺北市中山區長春段二小段125-1地號等53筆土地都市更新權利變換計畫案	臺北市中山區長春段二小段125-1、126、126-1、126-2、127-4、127-21、127-22、127-23、127-24、127-25、127-26、127-27、127-33、127-34、127-35、127-36、127-37、127-45、192-1、192-4、192-5、192-6、192-7、192-8、192-9、192-10、192-12、192-14、192-15、193、193-1、194、195、195-2、197、197-1、197-2、199、200、200-1、200-2、200-4、200-7、200-8、200-9、200-10、200-11、201、201-2、201-3、202、203、204-1地號等53筆土地	長春段二小段	125-1	125-1|126|126-1|126-2|127-4|127-21|127-22|127-23|127-24|127-25|127-26|127-27|127-33|127-34|127-35|127-36|127-37|127-45|192-1|192-4|192-5|192-6|192-7|192-8|192-9|192-10|192-12|192-14|192-15|193|193-1|194|195|195-2|197|197-1|197-2|199|200|200-1|200-2|200-4|200-7|200-8|200-9|200-10|200-11|201|201-2|201-3|202|203|204-1		53				變更	1	權利變換	國泰建設股份有限公司	財團法人都市更新研究發展基金會			中山區-長春段二小段-125-1地號等53筆	true	899
1151	2013-12-19	102/12/19	中山區	中山區	擬訂臺北市中山區長春段二小段125-1地號等53筆土地都市更新事業計畫及權利變換計畫案	擬訂臺北市中山區長春段二小段125-1地號等53筆土地都市更新事業計畫及權利變換計畫案	臺北市中山區長春段二小段125-1、126、126-1、126-2、127-4、127-21、127-22、127-23、127127-24、127-25、127-26、127-27、127-33、127-34、127-35、127-36、127-37、127-45、192-1、192-4、192-5、192-6、192-7、192-8、192-9、192-10、192-12、192-14、192-15、193、193-1、194、195、195-2、197、197-1、197-2、199、200、200-1、200-2、200-4、200-7、200-8、200-9、200-10、200-11、	長春段二小段	125-1	125-1|126|126-1|126-2|127-4|127-21|127-22|127-23|127127-24|127-25|127-26|127-27|127-33|127-34|127-35|127-36|127-37|127-45|192-1|192-4|192-5|192-6|192-7|192-8|192-9|192-10|192-12|192-14|192-15|193|193-1|194|195|195-2|197|197-1|197-2|199|200|200-1|200-2|200-4|200-7|200-8|200-9|200-10|200-11		53				擬訂	0	事業計畫、權利變換	國泰建設股份有限公司	財團法人都市更新研究發展基金會			中山區-長春段二小段-125-1地號等53筆	false	899
378	2022-12-23	111/12/23	中山區	中山區	擬訂臺北市中山區長春段二小段295-4地號等16筆(原13筆)土地都市更新事業計畫及權利變換計畫案	擬訂臺北市中山區長春段二小段295-4地號等16筆(原13筆)土地都市更新事業計畫及權利變換計畫案	臺北市中山區長春段二小段295-4、410、411、411-1、412、412-2、412-3、413、419、419-2、420、420-1、421、422、424-2、424-5等16筆土地	長春段二小段	295-4	295-4|410|411|411-1|412|412-2|412-3|413|419|419-2|420|420-1|421|422|424-2		16	13			擬訂	0	事業計畫、權利變換	宏築建設股份有限公司	財團法人都市更新研究發展基金會			中山區-長春段二小段-295-4地號等16筆	true	378
1311	2009-06-15	98/6/15	中山區		變更臺北市中山區長春段二小段559-5地號等80筆土地都市更新事業計畫及權利變換計畫案	變更臺北市中山區長春段二小段559-5地號等80筆土地都市更新事業計畫及權利變換計畫案	638、639、640、641、642、643、644、644-1、645、646、647、648、649、649-1、649-2、650、650-1、651、651-1、652、653、654、655、656、657、658、659、660、661、662、663、664、665、665-1、665-2、666、667、668、669、670、671、671-1、671-2、672、672-1、673、673-1、673-2、673-3、673-4、673-5、674、675、676、677、678、679、679-1、680、681、681-1、681-2、681-4、681-5、681-6、681-9、681-10、681-11、701、702、703、703-2704、705、706、706-1	長春段二小段	559-5	638|639|640|641|642|643|644|644-1|645|646|647|648|649|649-1|649-2|650|650-1|651|651-1|652|653|654|655|656|657|658|659|660|661|662|663|664|665|665-1|665-2|666|667|668|669|670|671|671-1|671-2|672|672-1|673|673-1|673-2|673-3|673-4|673-5|674|675|676|677|678|679|679-1|680|681|681-1|681-2|681-4|681-5|681-6|681-9|681-10|681-11|701|702|703|703-2704|705|706|706-1		80				變更	1	事業計畫、權利變換	華固建設股份有限公司	財團法人都市更新研究發展基金會		地號無法解析(缺少段小段)	中山區-長春段二小段-559-5地號等80筆	true	1311
1373	2007-07-06	96/7/6	中山區		擬訂臺北市中山區長春段二小段559-5地號等83筆土地都市更新事業計畫及權利變換計畫案	擬訂臺北市中山區長春段二小段559-5地號等83筆土地都市更新事業計畫及權利變換計畫案	638、639、640、641、642、643、644、644-1、645、646、647、648、649、649-1、649-2、650、650-1、651、651-1、652、653、654、655、656、657、658、659、660、661、662、663、664、665、665-1、665-2、666、667、668、669、670、671、671-1、671-2、672、672-1、673、673-1、673-2、673-3、673-4、673-5、674、675、676、677、678、679、679-1、680、681、681-1、681-2、681-4、681-5、681-6、	長春段二小段	559-5	638|639|640|641|642|643|644|644-1|645|646|647|648|649|649-1|649-2|650|650-1|651|651-1|652|653|654|655|656|657|658|659|660|661|662|663|664|665|665-1|665-2|666|667|668|669|670|671|671-1|671-2|672|672-1|673|673-1|673-2|673-3|673-4|673-5|674|675|676|677|678|679|679-1|680|681|681-1|681-2|681-4|681-5|681-6		83				擬訂	0	事業計畫、權利變換	華固建設股份有限公司	財團法人都市更新研究發展基金會		地號無法解析(缺少段小段)	中山區-長春段二小段-559-5地號等80筆	false	1311
226	2024-05-02	113/5/2	中山區	中山區	變更臺北市中山區長春段二小段626地號等24筆(原20筆)土地都市更新權利變換計畫案	變更臺北市中山區長春段二小段626地號等24筆(原20筆)土地都市更新權利變換計畫案	臺北市中山區長春段二小段625-1、625-2、625-3、626、627、628、629、630、631、632、632-1、633、634-2、634-3、634-4、634-5、634-6、634-7、634-10、634-11、634-12、634-13、634-14、634-15地號等24筆土地	長春段二小段	626	625-1|625-2|625-3|626|627|628|629|630|631|632|632-1|633|634-2|634-3|634-4|634-5|634-6|634-7|634-10|634-11|634-12|634-13|634-14|634-15		24	20			變更	1	權利變換	丹棠長春股份有限公司	財團法人都市更新研究發展基金會			中山區-長春段二小段-626地號等24筆	true	226
327	2023-05-23	112/5/23	中山區	中山區	擬訂臺北市中山區長春段二小段626地號等24筆(原20筆)土地都市更新事業計畫案	擬訂臺北市中山區長春段二小段626地號等24筆(原20筆)土地都市更新事業計畫案	臺北市中山區長春段二小段625-1、625-2、625-3、626、627、628、629、630、631、632、632-1、633、634-2、634-3、634-4、634-5、634-6、634-7、634-10、634-11、634-12、634-13、634-14、634-15地號等24筆土地	長春段二小段	626	625-1|625-2|625-3|626|627|628|629|630|631|632|632-1|633|634-2|634-3|634-4|634-5|634-6|634-7|634-10|634-11|634-12|634-13|634-14|634-15		24	20			擬訂	0	事業計畫	丹棠長春股份有限公司	財團法人都市更新研究發展基金會			中山區-長春段二小段-626地號等24筆	false	226
81	2025-10-09	114/10/9	中山區	中山區	擬訂臺北市中山區長春段二小段688地號等12筆土地都市更新權利變換計畫案	擬訂臺北市中山區長春段二小段688地號等12筆土地都市更新權利變換計畫案	臺北市中山區長春段二小段688、688-1、689、690、690-1、691、692-1、692-2、694-2、694-3、696、696-1地號等12筆土地	長春段二小段	688	688|688-1|689|690|690-1|691|692-1|692-2|694-2|694-3|696|696-1		12				擬訂	0	權利變換	中國建築經理股份有限公司	中國建築經理股份有限公司			中山區-長春段二小段-688地號等12筆	true	81
434	2022-08-04	111/8/4	中山區	中山區	變更臺北市中山區長春段二小段688地號等12筆土地都市更新事業計畫案	變更臺北市中山區長春段二小段688地號等12筆土地都市更新事業計畫案	臺北市中山區長春段二小段688、688-1、689、690、690-1、691、692-1、692-2、694-2、694-3、696、696-1地號等12筆土地	長春段二小段	688	688|688-1|689|690|690-1|691|692-1|692-2|694-2|694-3|696|696-1		12				變更	1	事業計畫	中國建築經理股份有限公司	中國建築經理股份有限公司			中山區-長春段二小段-688地號等12筆	false	81
573	2021-04-07	110/4/7	中山區	中山區	擬訂臺北市中山區長春段二小段688地號等12筆土地都市更新事業計畫案	擬訂臺北市中山區長春段二小段688地號等12筆土地都市更新事業計畫案	臺北市中山區長春段二小段688、688-1、689、690、690-1、691、692-1、692-2、694-2、694-3、696、696-1地號等12筆土地	長春段二小段	688	688|688-1|689|690|690-1|691|692-1|692-2|694-2|694-3|696|696-1		12				擬訂	0	事業計畫	中國建築經理股份有限公司	中國建築經理股份有限公司			中山區-長春段二小段-688地號等12筆	false	81
235	2024-03-27	113/3/27	中山區	中山區	擬訂臺北市中山區長春段二小段773地號等16筆土地都市更新事業計畫案	擬訂臺北市中山區長春段二小段773地號等16筆土地都市更新事業計畫案	臺北市中山區長春段二小段773、773-1、773-2、774、775-1、777、778、778-1、779、780、781、782、783、785、785-3、785-4地號等16筆土地	長春段二小段	773	773|773-1|773-2|774|775-1|777|778|778-1|779|780|781|782|783|785|785-3|785-4		16				擬訂	0	事業計畫	元利建設企業股份有限公司	邑相更新規劃股份有限公司			中山區-長春段二小段-773地號等16筆	true	235
130	2025-03-14	114/3/14	中山區	中山區	變更(第二次)臺北市中山區長春段二小段775地號等3筆土地都市更新計畫案	變更(第二次)臺北市中山區長春段二小段775地號等3筆土地都市更新計畫案	臺北市中山區長春段二小段775、776、796地號等3筆土地	長春段二小段	775	775|776|796		3				變更(第二次)	2	都市更新計畫	華潤建設股份有限公司	冠霖都市更新事業股份有限公司			中山區-長春段二小段-775地號等3筆	true	130
369	2023-01-05	112/1/5	中山區	中山區	變更臺北市中山區長春段二小段775地號等3筆土地都市更新計畫案	變更臺北市中山區長春段二小段775地號等3筆土地都市更新計畫案	臺北市中山區長春段二小段775、776、796地號等3筆土地	長春段二小段	775	775|776|796		3				變更	1	都市更新計畫	華潤建設股份有限公司	冠霖都市更新事業股份有限公司			中山區-長春段二小段-775地號等3筆	false	130
1041	2016-07-14	105/7/14	中山區	中山區	擬訂臺北市中山區長春段二小段775地號等3筆土地都市更新計畫案	擬訂臺北市中山區長春段二小段775地號等3筆土地都市更新計畫案	臺北市中山區長春段二小段775、776、796地號等3筆土地	長春段二小段	775	775|776|796		3				擬訂	0	都市更新計畫	御上建設股份有限公司	合邑都市更新股份有限公司			中山區-長春段二小段-775地號等3筆	false	130
713	2020-01-15	109/1/15	中正區	中正區	擬訂臺北市中正區中正段一小段111地號等35筆土地都市更新事業概要案	擬訂臺北市中正區中正段一小段111地號等35筆土地都市更新事業概要案	261-30、262、263、264、265、265-1、266、267、299、300、300-1地號等98筆土地臺北市中正區中正段一小段111(部分)、119-1、120、121、122、123、124、124-1、125、125-1、126、126-1、127、128、129、130、131、132、132-1、132-2、133、134、134-1、134-2、135、135-1、136、136-1、137、137-1、138、139、139-1、139-2、139-3地號等35筆土地	中正段一小段	111	111|119-1|120|121|122|123|124|124-1|125|125-1|126|126-1|127|128|129|130|131|132|132-1|132-2|133|134|134-1|134-2|135|135-1|136|136-1|137|137-1|138|139|139-1|139-2|139-3		35				擬訂	0	事業概要	周○雄、蔡○月、劉○蘭	里成都市更新股份有限公司、聖洪建築師事務所			中正區-中正段一小段-111地號等35筆	true	713
251	2024-02-06	113/2/6	中正區	中正區	擬訂臺北市中正區中正段一小段446-1地號1筆土地及中正段三小段21地號等39筆土地都市更新事業計畫案	擬訂臺北市中正區中正段一小段446-1地號1筆土地及中正段三小段21地號等39筆土地都市更新事業計畫案	臺北市中正區中正段一小段446-1地號、臺北市中正區中正段三小段21、21-1、22-1、22-2、22-4、22-5、22-6、22-7、22-10、24、24-1、24-2、24-3、24-4、24-5、24-6、24-7、24-8、24-9、24-10、24-11、24-12、24-13、24-14、24-15、24-16、24-17、24-18、24-19、24-20、24-21、24-22、24-23、25、82、82-2、82-3、82-7、82-9地號等40筆土地	中正段一小段	446-1	446-1|21-1|22-1|22-2|22-4|22-5|22-6|22-7|22-10|24|24-1|24-2|24-3|24-4|24-5|24-6|24-7|24-8|24-9|24-10|24-11|24-12|24-13|24-14|24-15|24-16|24-17|24-18|24-19|24-20|24-21|24-22|24-23|25|82|82-2|82-3|82-7|82-9		1				擬訂	0	事業計畫	臺北市住宅及都市更新中心	臺北市住宅及都市更新中心			中正區-中正段一小段-446-1地號等1筆	true	251
467	2022-04-07	111/4/7	中正區	中正區	變更臺北市中正區中正段一小段44地號1筆(原5筆)及臨沂段二小段227地號等3筆(原224-1地號等18筆)土地都市更新事業計畫案	變更臺北市中正區中正段一小段44地號1筆(原5筆)及臨沂段二小段227地號等3筆(原224-1地號等18筆)土地都市更新事業計畫案	臺北市中正區中正段一小段44地號1筆土地(原核定地號為44、44-1、44-2、45、45-1地號等5筆土地)及臨沂段二小段227、227-1、232-1地號等3筆土地(原核定地號為224-1、227、227-1、228、229、230、231、232、232-1、233、233-1、234、234-1、235、235-1、246、246-2、246-3地號等18筆土地)等4筆土地	中正段一小段	44	44		1	5			變更	1	事業計畫	富邦建設股份有限公司	冠霖不動產顧問股份有限公司			中正區-中正段一小段-44地號等1筆	true	467
949	2017-10-19	106/10/19	中正區	中正區	擬訂臺北市中正區中正段一小段44地號等5筆及臨沂段二小段224-1地號等18筆土地都市更新事業計畫案	擬訂臺北市中正區中正段一小段44地號等5筆及臨沂段二小段224-1地號等18筆土地都市更新事業計畫案	臺北市中正區中正段一小段44、44-1、44-2、45、45-1地號等5筆及臨沂段二小段224-1、227、227-1、228、229、230、231、232、232-1、233、233-1、234、234-1、235、235-1、246、246-2、246-3地號等18筆土地	中正段一小段	44	44|44-1|44-2|45|45-1		5				擬訂	0	事業計畫	喬弘建設股份有限公司	冠霖不動產顧問股份有限公司			中正區-中正段一小段-44地號等5筆	true	949
407	2022-10-13	111/10/13	中正區	中正區	變更(第二次)臺北市中正區中正段一小段66地號等10筆(原11筆)土地都市更新權利變換計畫案	變更(第二次)臺北市中正區中正段一小段66地號等10筆(原11筆)土地都市更新權利變換計畫案	臺北市中正區中正段一小段66、67、73、73-4、84、85、86、86-1、87、89地號等10筆土地	中正段一小段	66	66|67|73|73-4|84|85|86|86-1|87|89		10	11			變更(第二次)	2	權利變換	奧斯卡建設股份有限公司	財團法人都市更新研究發展基金會			中正區-中正段一小段-66地號等10筆	true	407
551	2021-07-28	110/7/28	中正區	中正區	變更(第二次)臺北市中正區中正段一小段66地號等10筆(原11筆)土地都市更新事業計畫及變更權利變換計畫案	變更(第二次)臺北市中正區中正段一小段66地號等10筆(原11筆)土地都市更新事業計畫及變更權利變換計畫案	臺北市中正區中正段一小段66、67、73、73-4、84、85、86、86-1、87、89地號等10筆土地	中正段一小段	66	66|67|73|73-4|84|85|86|86-1|87|89		10	11			變更(第二次)	2	事業計畫、權利變換	奧斯卡建設股份有限公司	財團法人都市更新研究發展基金會			中正區-中正段一小段-66地號等10筆	false	407
881	2018-07-17	107/7/17	中正區	中正區	變更臺北市中正區中正段一小段66地號等10筆(原11筆)土地都市更新事業計畫及擬訂權利變換計畫案	變更臺北市中正區中正段一小段66地號等10筆(原11筆)土地都市更新事業計畫及擬訂權利變換計畫案	臺北市中正區中正段一小段66、67、73、73-4、84、85、86、86-1、87、89地號等10筆土地	中正段一小段	66	66|67|73|73-4|84|85|86|86-1|87|89		10	11			變更	1	事業計畫、權利變換	奧斯卡建設股份有限公司	財團法人都市更新研究發展基金會			中正區-中正段一小段-66地號等10筆	false	407
1198	2013-01-21	102/1/21	中正區	中正區	擬訂臺北市中正區中正段一小段66地號等11筆土地都市更新事業計畫案	擬訂臺北市中正區中正段一小段66地號等11筆土地都市更新事業計畫案	臺北市中正區中正段一小段66、67、73、73-4、84、85、86、87、88、89、90地號等11筆土地	中正段一小段	66	66|67|73|73-4|84|85|86|87|88|89|90		11				擬訂	0	事業計畫	奧斯卡建設股份有限公司	奧斯卡建設股份有限公司			中正區-中正段一小段-66地號等10筆	false	407
437	2022-07-28	111/7/28	中正區	中正區	擬訂臺北市中正區中正段一小段68地號等12筆土地都市更新事業計畫案	擬訂臺北市中正區中正段一小段68地號等12筆土地都市更新事業計畫案	臺北市中正區中正段一小段68、69、70、73-3、73-7、91、92、93、94、95、96、97地號等12筆土地	中正段一小段	68	68|69|70|73-3|73-7|91|92|93|94|95|96|97		12				擬訂	0	事業計畫	綺華建設事業股份有限公司	冠霖不動產顧問股份有限公司			中正區-中正段一小段-68地號等12筆	true	437
273	2023-11-30	112/11/30	中正區	中正區	擬訂臺北市中正區公園段二小段246地號等28筆土地都市更新事業計畫案	擬訂臺北市中正區公園段二小段246地號等28筆土地都市更新事業計畫案	臺北市中正區公園段二小段246、247、247-1、248、249、249-1、250、251、251-1、252、252-1、252-2、253、254、254-1、255、256、256-1、257、258、258-1、259、259-1、262、263、263-1、263-2、264地號等28筆土地	公園段二小段	246	246|247|247-1|248|249|249-1|250|251|251-1|252|252-1|252-2|253|254|254-1|255|256|256-1|257|258|258-1|259|259-1|262|263|263-1|263-2|264		28				擬訂	0	事業計畫	日勝生活科技股份有限公司	弘傑不動產事業股份有限公司			中正區-公園段二小段-246地號等28筆	true	273
1371	2007-08-02	96/8/2	中正區	中正區	變更臺北市中正區南海段一小段364地號等31筆土地都市更新事業計畫及權利變換計畫案	變更臺北市中正區南海段一小段364地號等31筆土地都市更新事業計畫及權利變換計畫案	臺北市中正區南海段一小段361-1、364、364-2、365-2、365-4、365-7、379、379-2、380、380-1、380-2、381、381-1、381-2、381-3、382、384、384-1、385、387、388、389、390、391、392、393、394、395、395-2、396-2、396-4、地號等31筆土地	南海段一小段	364	361-1|364|364-2|365-2|365-4|365-7|379|379-2|380|380-1|380-2|381|381-1|381-2|381-3|382|384|384-1|385|387|388|389|390|391|392|393|394|395|395-2|396-2|396-4		31				變更	1	事業計畫、權利變換	華固建設股份有限公司	簡俊卿建築師事務所			中正區-南海段一小段-364地號等31筆	true	1371
1401	2005-02-04	94/2/4	中正區	中正區	擬訂臺北市中正區南海段一小段364地號等31筆土地都市更新事業計畫及權利變換計畫案	擬訂臺北市中正區南海段一小段364地號等31筆土地都市更新事業計畫及權利變換計畫案	臺北市中正區南海段一小段361-1、364、364-2、365-2、365-4、365-7、379、379-2、380、380-1、380-2、381、381-1、381-2、381-3、382、384、384-1、385、387、388、389、390、391、392、393、394、395、395-2、396-2、396-4、地號等31筆土地	南海段一小段	364	361-1|364|364-2|365-2|365-4|365-7|379|379-2|380|380-1|380-2|381|381-1|381-2|381-3|382|384|384-1|385|387|388|389|390|391|392|393|394|395|395-2|396-2|396-4		31				擬訂	0	事業計畫、權利變換	華固建設股份有限公司	財團法人都市更新研究發展基金會			中正區-南海段一小段-364地號等31筆	false	1371
513	2021-12-01	110/12/1	中正區	中正區	變更(第三次)臺北市中正區南海段一小段529-1地號等22筆(原21筆)土地都市更新權利變換計畫案	變更(第三次)臺北市中正區南海段ㄧ小段529-1地號等22筆(原21筆)土地都市更新權利變換計畫案	臺北市中正區南海段ㄧ小段529-1、531、532、533、534、535、536、537、581、581-1、582、582-1、583、584、585、586、587、588、588-1、588-2、589及590-1地號等22筆土地	南海段一小段	529-1	529-1|531|532|533|534|535|536|537|581|581-1|582|582-1|583|584|585|586|587|588|588-1|588-2		22	21			變更(第三次)	3	權利變換	國賓大建設股份有限公司	弘傑城市開發股份有限公司			中正區-南海段一小段-529-1地號等22筆	true	513
525	2021-10-27	110/10/27	中正區	中正區	變更(第二次)臺北市中正區南海段一小段529-1地號等22筆(原21筆)土地都市更新權利變換計畫案	變更(第二次)臺北市中正區南海段ㄧ小段529-1地號等22筆(原21筆)土地都市更新權利變換計畫案	臺北市中正區南海段ㄧ小段529-1、531、532、533、534、535、536、537、581、581-1、582、582-1、583、584、585、586、587、588、588-1、588-2、589及590-1地號等22筆土地	南海段一小段	529-1	529-1|531|532|533|534|535|536|537|581|581-1|582|582-1|583|584|585|586|587|588|588-1|588-2		22	21			變更(第二次)	2	權利變換	國賓大建設股份有限公司	弘傑城市開發股份有限公司			中正區-南海段一小段-529-1地號等22筆	false	513
580	2021-03-04	110/3/4	中正區	中正區	變更臺北市中正區南海段一小段529-1地號等22筆(原21筆)土地都市更新事業計畫及權利變換計畫案	變更臺北市中正區南海段ㄧ小段529-1地號等22筆(原21筆)土地都市更新事業計畫及權利變換計畫案	臺北市中正區南海段ㄧ小段529-1、531、532、533、534、535、536、537、581、581-1、582、582-1、583、584、585、586、587、588、588-1、588-2、589及590-1地號等22筆土地	南海段一小段	529-1	529-1|531|532|533|534|535|536|537|581|581-1|582|582-1|583|584|585|586|587|588|588-1|588-2		22	21			變更	1	事業計畫、權利變換	國賓大建設股份有限公司	弘傑城市開發股份有限公司			中正區-南海段一小段-529-1地號等22筆	false	513
906	2018-04-12	107/4/12	中正區	中正區	擬訂臺北市中正區南海段一小段529-1地號等21筆土地都市更新事業計畫及權利變換計畫案	擬訂臺北市中正區南海段ㄧ小段529-1地號等21筆土地都市更新事業計畫及權利變換計畫案	臺北市中正區南海段ㄧ小段529-1、531、532、533、534、535、536、537、581、581-1、582、582-1、583、584、585、586、588、588-1、589及590-1地號等21筆土地	南海段一小段	529-1	529-1|531|532|533|534|535|536|537|581|581-1|582|582-1|583|584|585|586|588|588-1		21				擬訂	0	事業計畫、權利變換	國賓大建設股份有限公司	弘傑不動產事業股份有限公司			中正區-南海段一小段-529-1地號等22筆	false	513
119	2025-04-22	114/4/22	中正區	中正區	擬訂臺北市中正區南海段一小段684地號等7筆土地都市更新事業計畫及權利變換計畫案	擬訂臺北市中正區南海段一小段684地號等7筆土地都市更新事業計畫及權利變換計畫案	臺北市中正區南海段一小段684、708、708-1、709、709-1、710、711地號等7筆土地	南海段一小段	684	684|708|708-1|709|709-1|710|711		7				擬訂	0	事業計畫、權利變換	東大成建設股份有限公司	弘傑開發事業股份有限公司			中正區-南海段一小段-684地號等7筆	true	119
129	2025-03-19	114/3/19	中正區	中正區	變更(第二次)臺北市中正區南海段一小段687地號等12筆土地都市更新權利變換計畫案	變更(第二次)臺北市中正區南海段一小段687地號等12筆土地都市更新權利變換計畫案	臺北市中正區南海段一小段687、687-1、688、689、690、691、692、698、699、700、701、702地號等12筆土地	南海段一小段	687	687|687-1|688|689|690|691|692|698|699|700|701|702		12				變更(第二次)	2	權利變換	富享建設股份有限公司	新意群工程顧問有限公司			中正區-南海段一小段-687地號等12筆	true	129
374	2022-12-29	111/12/29	中正區	中正區	變更臺北市中正區南海段一小段687地號等12筆土地都市更新事業計畫及權利變換計畫案_核定公告	變更臺北市中正區南海段一小段687地號等12筆土地都市更新事業計畫及權利變換計畫案_核定公告	臺北市中正區南海段一小段687、687-1、688、689、690、691、692、698、699、700、701、702地號等12筆土地	南海段一小段	687	687|687-1|688|689|690|691|692|698|699|700|701|702		12				變更	1	事業計畫、權利變換	富享建設股份有限公司	正宇都市更新股份有限公司			中正區-南海段一小段-687地號等12筆	false	129
728	2019-12-18	108/12/18	中正區	中正區	擬訂臺北市中正區南海段一小段687地號等12筆土地都市更新事業計畫及權利變換計畫案	擬訂臺北市中正區南海段一小段687地號等12筆土地都市更新事業計畫及權利變換計畫案	臺北市中正區南海段一小段687、687-1、688、689、690、691、692、698、699、700、701、702地號等12筆土地	南海段一小段	687	687|687-1|688|689|690|691|692|698|699|700|701|702		12				擬訂	0	事業計畫、權利變換	富享建設股份有限公司	正宇都市更新股份有限公司			中正區-南海段一小段-687地號等12筆	false	129
46	2026-03-12	115/3/12	中正區	中正區	變更(第三次)臺北市中正區南海段二小段164-2地號等6筆土地都市更新事業計畫及變更權利變換計畫案	變更(第三次)臺北市中正區南海段二小段164-2地號等6筆土地都市更新事業計畫及變更權利變換計畫案	號等138筆土地臺北市中正區南海段二小段164-2、164-11、164-15、171、174、174-1地號等6筆土地	南海段二小段	164-2	164-2|164-11|164-15|171|174|174-1		6				變更(第三次)	3	事業計畫、權利變換	鼎美建設股份有限公司	丹棠開發股份有限公司			中正區-南海段二小段-164-2地號等6筆	true	46
265	2018-12-19	107/12/19	中正區	中正區	變更(第二次)臺北市中正區南海段二小段164-2地號等6筆土地都市更新事業計畫及擬訂權利變換計畫案	變更(第二次)臺北市中正區南海段二小段164-2地號等6筆土地都市更新事業計畫及擬訂權利變換計畫案	臺北市中正區南海段二小段164-2、164-11、164-15、171、174、174-1地號等6筆土地	南海段二小段	164-2	164-2|164-11|164-15|171|174|174-1		6				變更(第二次)	2	事業計畫、權利變換	和聚開發股份有限公司	丹棠開發股份有限公司			中正區-南海段二小段-164-2地號等6筆	false	46
843	2018-12-25	107/12/25	中正區	中正區	變更臺北市中正區南海段二小段164-2地號等6筆土地都市更新事業計畫案	變更臺北市中正區南海段二小段164-2地號等6筆土地都市更新事業計畫案	臺北市中正區南海段二小段164-2、164-11、164-15、171、174、174-1地號等6筆土地	南海段二小段	164-2	164-2|164-11|164-15|171|174|174-1		6				變更	1	事業計畫	和聚開發股份有限公司	丹棠開發股份有限公司			中正區-南海段二小段-164-2地號等6筆	false	46
954	2017-10-12	106/10/12	中正區	中正區	擬訂臺北市中正區南海段二小段164-2地號等6筆土地都市更新事業計畫案	擬訂臺北市中正區南海段二小段164-2地號等6筆土地都市更新事業計畫案	臺北市中正區南海段二小段164-2、164-11、164-15、171、174、174-1地號等6筆土地	南海段二小段	164-2	164-2|164-11|164-15|171|174|174-1		6				擬訂	0	事業計畫	富邦建設股份有限公司	緯城土地規劃工程股份有限公司			中正區-南海段二小段-164-2地號等6筆	false	46
1406	2004-07-13	93/7/13	中正區	中正區	擬訂臺北市中正區南海段二小段332地號等30筆土地都市更新事業計畫案	擬訂臺北市中正區南海段二小段332地號等30筆土地都市更新事業計畫案	臺北市中正區南海段二小段318-4、318-5、336-1、336-2、328、329、331-1、331-2、331-3、331-5、331-6、331-7、331-8、331-11、337-1、337-4、337-7、337-10、130-5、331、331-4、331-9、331-10、331-12、334、335、335-3、335-4、335-5、324、325、326、327、330、332、337、337-2、337-3、337-6、337-8、337-9、337-5、337-11地號等30筆土地	南海段二小段	332	318-4|318-5|336-1|336-2|328|329|331-1|331-2|331-3|331-5|331-6|331-7|331-8|331-11|337-1|337-4|337-7|337-10|130-5|331|331-4|331-9|331-10|331-12|334|335|335-3|335-4|335-5|324|325|326|327|330|332|337|337-2|337-3|337-6|337-8|337-9|337-5|337-11		30				擬訂	0	事業計畫	興富發建設股份有限公司	梁正芳建築師事務所			中正區-南海段二小段-332地號等30筆	true	1406
343	2023-04-12	112/4/12	中正區	中正區	擬訂臺北市中正區南海段二小段41-4地號等55筆土地都市更新權利變換計畫案	擬訂臺北市中正區南海段二小段41-4地號等55筆土地都市更新權利變換計畫案	臺北市中正區南海段二小段41-4、50-3、51-2、52-2、66-3、66-5、67-1、67-2、68-1、68-2、68-3、69、70、71、71-1、72、72-1、72-2、72-3、72-4、72-5、72-6、73、73-1、73-2、74、74-2、75、76、77、82、83、84、85、85-2、86、87、88、89、90、102-2、102-3、102-9、102-12、103-1、103-3、103-4、103-5、103-6、103-13、130-2、130-10、130-11、130-12、130-13地號等55筆土地	南海段二小段	41-4	41-4|50-3|51-2|52-2|66-3|66-5|67-1|67-2|68-1|68-2|68-3|69|70|71|71-1|72|72-1|72-2|72-3|72-4|72-5|72-6|73|73-1|73-2|74|74-2|75|76|77|82|83|84|85|85-2|86|87|88|89|90|102-2|102-3|102-9|102-12|103-1|103-3|103-4|103-5|103-6|103-13|130-2|130-10|130-11|130-12|130-13		55				擬訂	0	權利變換	全陽建設股份有限公司	力冠丰都市規劃股份有限公司			中正區-南海段二小段-41-4地號等55筆	true	343
500	2021-12-23	110/12/23	中正區	大同區	擬訂臺北市中正區南海段二小段41-4地號等55筆土地都市更新計畫案	擬訂臺北市中正區南海段二小段41-4地號等55筆土地都市更新計畫案	臺北市大同區圓環段一小段41-4、50-3、51-2、52-2、66-3、66-5、67-1、67-2、68-1、68-2、68-3、69、70、71、71-1、72、72-1、72-2、72-3、72-4、72-5、72-6、73、73-1、73-2、74、74-2、75、76、77、82、83、84、85、85-2、86、87、88、89、90、102-2、102-3、102-6、102-12、103-1、103-3、103-4、103-5、103-6、103-13、130-2、130-10、130-11、130-12、130-13地號等55筆土地	南海段二小段	41-4	41-4|50-3|51-2|52-2|66-3|66-5|67-1|67-2|68-1|68-2|68-3|69|70|71|71-1|72|72-1|72-2|72-3|72-4|72-5|72-6|73|73-1|73-2|74|74-2|75|76|77|82|83|84|85|85-2|86|87|88|89|90|102-2|102-3|102-6|102-12|103-1|103-3|103-4|103-5|103-6|103-13|130-2|130-10|130-11|130-12|130-13		55				擬訂	0	都市更新計畫	全陽建設股份有限公司	園皓都市規劃股份有限公司		行政區與地號行政區不一致(地號為大同區)|案名與地號段小段不一致(地號為圓環段一小段)	中正區-南海段二小段-41-4地號等55筆	false	343
476	2022-03-17	111/3/17	中正區	中正區	擬訂臺北市中正區南海段五小段68-1地號等26筆土地都市更新事業計畫及權利變換計畫案	擬訂臺北市中正區南海段五小段68-1地號等26筆土地都市更新事業計畫及權利變換計畫案	臺北市中正區南海段五小段68-1、68-2、69-1、69-2、70、70-1、71、71-1、72、73、74-1、74-2、74-4、74-5、75-1、75-2、75-3、75-4、75-5、75-6、75-7、77、77-1、77-3、77-4、78地號等26筆土地	南海段五小段	68-1	68-1|68-2|69-1|69-2|70|70-1|71|71-1|72|73|74-1|74-2|74-4|74-5|75-1|75-2|75-3|75-4|75-5|75-6|75-7|77|77-1|77-3|77-4|78		26				擬訂	0	事業計畫、權利變換	潤泰創新國際股份有限公司	邑相更新規劃股份有限公司			中正區-南海段五小段-68-1地號等26筆	true	476
1008	2017-02-09	106/2/9	中正區	中正區	擬訂臺北市中正區南海段五小段79地號等12筆土地都市更新事業計畫案	擬訂臺北市中正區南海段五小段79地號等12筆土地都市更新事業計畫案	臺北市中正區南海段五小段79、80、81、82、83、84、84-2、85、85-2、103、104、104-1地號等12筆土地	南海段五小段	79	79|80|81|82|83|84|84-2|85|85-2|103|104|104-1		12				擬訂	0	事業計畫	四方開發建設股份有限公司	弘傑不動產事業股份有限公司			中正區-南海段五小段-79地號等12筆	true	1008
1128	2014-04-25	103/4/25	中正區	中正區	變更臺北市中正區城中段三小段116地號1筆土地都市更新事業計畫案	變更臺北市中正區城中段三小段116地號1筆土地都市更新事業計畫案	臺北市中正區城中段三小段116地號等1筆土地	城中段三小段	116	116		1				變更	1	事業計畫	皇翔建設股份有限公司	規模工程顧問公司			中正區-城中段三小段-116地號等1筆	true	1128
1216	2012-10-04	101/10/4	中正區	中正區	擬訂臺北市中正區城中段三小段116地號等1筆土地都市更新事業計畫案	擬訂臺北市中正區城中段三小段116地號等1筆土地都市更新事業計畫案	臺北市中正區城中段三小段116地號等1筆土地	城中段三小段	116	116		1				擬訂	0	事業計畫	皇翔建設股份有限公司	規模工程顧問有限公司			中正區-城中段三小段-116地號等1筆	false	1128
650	2020-08-05	109/8/5	中正區	大安區	擬訂臺北市大安區懷生段三小段249地號等26筆土地都市更新事業計畫案	擬訂臺北市大安區懷生段三小段249地號等26筆土地都市更新事業計畫案	臺北市大安區懷生段三小段249、250、251、252、276-1、276-3、277、277-1、277-2、278、278-1、278-2、278-3、278-4、278-5、278-6、278-7、278-8、278-9、278-10、278-11、278-12、278-13、278-14、278-15、278-16地號等26筆土地	懷生段三小段	249	249|250|251|252|276-1|276-3|277|277-1|277-2|278|278-1|278-2|278-3|278-4|278-5|278-6|278-7|278-8|278-9|278-10|278-11|278-12|278-13|278-14|278-15|278-16		26				擬訂	0	事業計畫	統創建設開發股份有限公司	財團法人都市更新研究發展基金會		行政區與地號行政區不一致(地號為大安區)	中正區-懷生段三小段-249地號等26筆	true	650
244	2024-02-22	113/2/22	中正區	中正區	擬訂臺北市中正區成功段三小段69地號1筆土地都市更新事業計畫及權利變換計畫案	擬訂臺北市中正區成功段三小段69地號1筆土地都市更新事業計畫及權利變換計畫案	臺北市中正區成功段三小段69地號1筆土地	成功段三小段	69	69		1				擬訂	0	事業計畫、權利變換	丹棠開發股份有限公司	丹棠開發股份有限公司			中正區-成功段三小段-69地號等1筆	true	244
714	2020-01-14	109/1/14	中正區	中正區	擬訂臺北市中正區成功段三小段69地號1筆土地都市更新事業概要案	擬訂臺北市中正區成功段三小段69地號1筆土地都市更新事業概要案	臺北市中正區成功段三小段69地號1筆土地	成功段三小段	69	69		1				擬訂	0	事業概要	蔡○興	丹棠開發股份有限公司			中正區-成功段三小段-69地號等1筆	false	244
459	2022-04-25	111/4/25	中正區	中正區	變更臺北市中正區永昌段一小段277地號等13筆土地都市更新事業計畫及擬訂權利變換計畫案	變更臺北市中正區永昌段一小段277地號等13筆土地都市更新事業計畫及擬訂權利變換計畫案	臺北市中正區永昌段一小段277、278、279-2、291、291-1、292、293、294、295、295-1、296、296-1、302地號等13筆土地	永昌段一小段	277	277|278|279-2|291|291-1|292|293|294|295|295-1|296|296-1|302		13				變更	1	事業計畫、權利變換	全坤建設開發股份有限公司	奇模工程有限公司			中正區-永昌段一小段-277地號等13筆	true	459
864	2018-09-25	107/9/25	中正區	中正區	擬訂臺北市中正區永昌段一小段277地號等13筆土地都市更新事業計畫案	擬訂臺北市中正區永昌段一小段277地號等13筆土地都市更新事業計畫案	臺北市中正區永昌段一小段277、278、279-2、291、291-1、292、293、294、295、295-1、296、296-1、302地號等13筆土地	永昌段一小段	277	277|278|279-2|291|291-1|292|293|294|295|295-1|296|296-1|302		13				擬訂	0	事業計畫	全坤建設開發股份有限公司	奇模工程有限公司			中正區-永昌段一小段-277地號等13筆	false	459
435	2022-08-03	111/8/3	中正區	中正區	擬訂臺北市中正區永昌段一小段646地號等20筆土地都市更新事業計畫案	擬訂臺北市中正區永昌段一小段646地號等20筆土地都市更新事業計畫案	臺北市中正區永昌段一小段646、647、650、651、654、655、658、659、662、663、666-3、666-4、667、667-1、680、696、696-2、719-2、719-3、719-4地號等20筆土地	永昌段一小段	646	646|647|650|651|654|655|658|659|662|663|666-3|666-4|667|667-1|680|696|696-2|719-2|719-3|719-4		20				擬訂	0	事業計畫	太平洋建設股份有限公司	財團法人都市更新研究發展基金會			中正區-永昌段一小段-646地號等20筆	true	435
684	2020-04-28	109/4/28	中正區	中正區	變更(第四次)臺北市中正區永昌段三小段159地號等113筆土地都市更新權利變換案	變更(第四次)臺北市中正區永昌段三小段159地號等113筆土地都市更新權利變換案	臺北市中正區永昌段三小段26-1、28-1、30、30-1、32、33、33-1、37、37-1、38、39、40、43、44、45、46、49、50、51、52、55、56、57、58、59、60、61、62、63、64、65、66、66-1、67、67-1、68-1、69-1、83、83-1、83-3、83-4、84、84-1、85、85-1、86、86-1、87、88、89、90、91、91-1、92、92-1、93、94、95、95-1、98、98-1、99、100、101、101-1、104、104-1、105、106、107、107-1、109-1、113、114、115、116、116-1、117、117-1、118、119、120、125、126、127、128、128-1、138、138-1、139、139-1、140、140-1、141、141-1、150、151、152、153、154、155、156、157、158、159、160、	永昌段三小段	159	26-1|28-1|30|30-1|32|33|33-1|37|37-1|38|39|40|43|44|45|46|49|50|51|52|55|56|57|58|59|60|61|62|63|64|65|66|66-1|67|67-1|68-1|69-1|83|83-1|83-3|83-4|84|84-1|85|85-1|86|86-1|87|88|89|90|91|91-1|92|92-1|93|94|95|95-1|98|98-1|99|100|101|101-1|104|104-1|105|106|107|107-1|109-1|113|114|115|116|116-1|117|117-1|118|119|120|125|126|127|128|128-1|138|138-1|139|139-1|140|140-1|141|141-1|150|151|152|153|154|155|156|157|158|159|160		113				變更(第四次)	4	權利變換	太平洋建設股份有限公司	財團法人都市更新研究發展基金會			中正區-永昌段三小段-159地號等113筆	true	684
692	2020-03-24	109/3/24	中正區		變更(第三次)臺北市中正區永昌段三小段159地號等113筆土地都市更新權利變換案	變更(第三次)臺北市中正區永昌段三小段159地號等113筆土地都市更新權利變換案	37、37-1、38、39、40、43、44、45、46、49、50、51、52、55、56、57、58、59、60、61、62、63、64、65、66、66-1、67、67-1、68-1、69-1、83、83-1、83-3、83-4、84、84-1、85、85-1、86、86-1、87、88、89、90、91、91-1、92、92-1、93、94、95、95-1、98、98-1、99、100、101、101-1、104、104-1、105、106、107、107-1、109-1、113、114、115、116、116-1、117、117-1、118、119、120、125、126、127、128、128-1、138、138-1、139、139-1、140、140-1、141、141-1、150、151、152、153、154、155、156、157、158、159、160、	永昌段三小段	159	37|37-1|38|39|40|43|44|45|46|49|50|51|52|55|56|57|58|59|60|61|62|63|64|65|66|66-1|67|67-1|68-1|69-1|83|83-1|83-3|83-4|84|84-1|85|85-1|86|86-1|87|88|89|90|91|91-1|92|92-1|93|94|95|95-1|98|98-1|99|100|101|101-1|104|104-1|105|106|107|107-1|109-1|113|114|115|116|116-1|117|117-1|118|119|120|125|126|127|128|128-1|138|138-1|139|139-1|140|140-1|141|141-1|150|151|152|153|154|155|156|157|158|159|160		113				變更(第三次)	3	權利變換	太平洋建設股份有限公司	財團法人都市更新研究發展基金會		地號無法解析(缺少段小段)	中正區-永昌段三小段-159地號等113筆	false	684
720	2020-01-08	109/1/8	中正區		變更(第二次)臺北市中正區永昌段三小段159地號等113筆土地都市更新權利變換案	變更(第二次)臺北市中正區永昌段三小段159地號等113筆土地都市更新權利變換案	37、37-1、38、39、40、43、44、45、46、49、50、51、52、55、56、57、58、59、60、61、62、63、64、65、66、66-1、67、67-1、68-1、69-1、83、83-1、83-3、83-4、84、84-1、85、85-1、86、86-1、87、88、89、90、91、91-1、92、92-1、93、94、95、95-1、98、98-1、99、100、101、101-1、104、104-1、105、106、107、107-1、109-1、113、114、115、116、116-1、117、117-1、118、119、120、125、126、127、128、128-1、138、138-1、139、139-1、140、140-1、141、141-1、150、151、152、153、154、155、156、157、158、159、160、	永昌段三小段	159	37|37-1|38|39|40|43|44|45|46|49|50|51|52|55|56|57|58|59|60|61|62|63|64|65|66|66-1|67|67-1|68-1|69-1|83|83-1|83-3|83-4|84|84-1|85|85-1|86|86-1|87|88|89|90|91|91-1|92|92-1|93|94|95|95-1|98|98-1|99|100|101|101-1|104|104-1|105|106|107|107-1|109-1|113|114|115|116|116-1|117|117-1|118|119|120|125|126|127|128|128-1|138|138-1|139|139-1|140|140-1|141|141-1|150|151|152|153|154|155|156|157|158|159|160		113				變更(第二次)	2	權利變換	太平洋建設股份有限公司	財團法人都市更新研究發展基金會		地號無法解析(缺少段小段)	中正區-永昌段三小段-159地號等113筆	false	684
822	2019-02-19	108/2/19	中正區		變更臺北市中正區永昌段三小段159地號等113筆土地都市更新事業計畫案	變更臺北市中正區永昌段三小段159地號等113筆土地都市更新事業計畫案	37、37-1、38、39、40、43、44、45、46、49、50、51、52、55、56、57、58、59、60、61、62、63、64、65、66、66-1、67、67-1、68-1、69-1、83、83-1、83-3、83-4、84、84-1、85、85-1、86、86-1、87、88、89、90、91、91-1、92、92-1、93、94、95、95-1、98、98-1、99、100、101、101-1、104、104-1、105、106、107、107-1、109-1、113、114、115、116、116-1、117、117-1、118、119、120、125、126、127、128、128-1、138、138-1、139、139-1、140、140-1、141、141-1、150、151、152、153、154、155、156、157、158、159、160、	永昌段三小段	159	37|37-1|38|39|40|43|44|45|46|49|50|51|52|55|56|57|58|59|60|61|62|63|64|65|66|66-1|67|67-1|68-1|69-1|83|83-1|83-3|83-4|84|84-1|85|85-1|86|86-1|87|88|89|90|91|91-1|92|92-1|93|94|95|95-1|98|98-1|99|100|101|101-1|104|104-1|105|106|107|107-1|109-1|113|114|115|116|116-1|117|117-1|118|119|120|125|126|127|128|128-1|138|138-1|139|139-1|140|140-1|141|141-1|150|151|152|153|154|155|156|157|158|159|160		113				變更	1	事業計畫	太平洋建設股份有限公司	財團法人都市更新研究發展基金會		地號無法解析(缺少段小段)	中正區-永昌段三小段-159地號等113筆	false	684
1066	2015-12-24	104/12/24	中正區	中正區	變更臺北市中正區永昌段三小段159地號等113筆土地都市更新權利變換計畫案	變更臺北市中正區永昌段三小段159地號等113筆土地都市更新權利變換計畫案	臺北市中正區永昌段三小段26-1、28-1、30、30-1、32、33、33-1、37、37-1、38、39、40、43、44、45、46、49、50、51、52、55、56、57、58、59、60、61、62、63、64、65、66、66-1、67、67-1、68-1、69-1、83、83-1、83-3、83-4、84、84-1、85、85-1、86、86-1、87、88、89、90、91、91-1、92、92-1、93、94、95、95-1、98、98-1、99、100、101、101-1、104、104-1、105、106、107、107-1、109-1、113、114、115、116、116-1、117、117-1、118、119、120、125、126、127、128、128-1、138、138-1、139、139-1、140、140-1、141、141-1、150、151、152、153、154、155、156、157、158、159、160、	永昌段三小段	159	26-1|28-1|30|30-1|32|33|33-1|37|37-1|38|39|40|43|44|45|46|49|50|51|52|55|56|57|58|59|60|61|62|63|64|65|66|66-1|67|67-1|68-1|69-1|83|83-1|83-3|83-4|84|84-1|85|85-1|86|86-1|87|88|89|90|91|91-1|92|92-1|93|94|95|95-1|98|98-1|99|100|101|101-1|104|104-1|105|106|107|107-1|109-1|113|114|115|116|116-1|117|117-1|118|119|120|125|126|127|128|128-1|138|138-1|139|139-1|140|140-1|141|141-1|150|151|152|153|154|155|156|157|158|159|160		113				變更	1	權利變換	太平洋建設股份有限公司	財團法人都市更新研究發展基金會			中正區-永昌段三小段-159地號等113筆	false	684
1144	2014-01-23	103/1/23	中正區	中正區	擬訂臺北市中正區永昌段三小段159地號等113筆土地都市更新事業計畫及權利變換計畫案	擬訂臺北市中正區永昌段三小段159地號等113筆土地都市更新事業計畫及權利變換計畫案	臺北市中正區永昌段三小段26-1、28-1、30、30-1、32、33、33-1、37、37-1、38、39、40、43、44、45、46、49、50、51、52、55、56、57、58、59、60、61、62、63、64、65、66、66-1、67、67-1、68-1、69-1、83、83-1、83-3、83-4、84、84-1、85、85-1、86、86-1、87、88、89、90、91、91-1、92、92-1、93、94、95、95-1、98、98-1、99、100、101、101-1、104、104-1、105、106、107、107-1、109-1、113、114、115、116、116-1、117、117-1、118、119、120、125、126、127、128、128-1、138、138-1、139、139-1、140、140-1、141、141-1、150、151、152、153、154、155、156、157、158、159、160、	永昌段三小段	159	26-1|28-1|30|30-1|32|33|33-1|37|37-1|38|39|40|43|44|45|46|49|50|51|52|55|56|57|58|59|60|61|62|63|64|65|66|66-1|67|67-1|68-1|69-1|83|83-1|83-3|83-4|84|84-1|85|85-1|86|86-1|87|88|89|90|91|91-1|92|92-1|93|94|95|95-1|98|98-1|99|100|101|101-1|104|104-1|105|106|107|107-1|109-1|113|114|115|116|116-1|117|117-1|118|119|120|125|126|127|128|128-1|138|138-1|139|139-1|140|140-1|141|141-1|150|151|152|153|154|155|156|157|158|159|160		113				擬訂	0	事業計畫、權利變換	太平洋建設股份有限公司	財團法人都市更新研究發展基金會			中正區-永昌段三小段-159地號等113筆	false	684
41	2026-03-31	115/3/31	中正區	中正區	變更臺北市中正區永昌段五小段142-1地號等38筆土地都市更新權利變換計畫案	變更臺北市中正區永昌段五小段142-1地號等38筆土地都市更新權利變換計畫案	臺北市中正區永昌段五小段142-1、142-2、142-11、142-15、142-16、145-1、157-1、157-2、158-1、159、159-1、159-2、159-3、160、160-2、161、161-1、163、163-1、164、165、166、166-1、167、168、169、169-1、170、171、172、173、442、442-1、442-2、442-3、442-4、442-5及443地號等38筆土地	永昌段五小段	142-1	142-1|142-2|142-11|142-15|142-16|145-1|157-1|157-2|158-1|159|159-1|159-2|159-3|160|160-2|161|161-1|163|163-1|164|165|166|166-1|167|168|169|169-1|170|171|172|173|442|442-1|442-2|442-3|442-4		38				變更	1	權利變換	總業建設股份有限公司	逢達不動產開發顧問股份有限公司			中正區-永昌段五小段-142-1地號等38筆	true	41
698	2020-03-05	109/3/5	中正區	中正區	擬訂臺北市中正區永昌段五小段142-1地號等38筆土地都市更新事業計畫及權利變換計畫案	擬訂臺北市中正區永昌段五小段142-1地號等38筆土地都市更新事業計畫及權利變換計畫案	臺北市中正區永昌段五小段142-1、142-2、142-11、142-15、142-16、145-1、157-1、157-2、158-1、159、159-1、159-2、159-3、160、160-2、161、161-1、163、163-1、164、165、166、166-1、167、168、169、169-1、170、171、172、173、442、442-1、442-2、442-3、442-4、442-5及443地號等38筆土地	永昌段五小段	142-1	142-1|142-2|142-11|142-15|142-16|145-1|157-1|157-2|158-1|159|159-1|159-2|159-3|160|160-2|161|161-1|163|163-1|164|165|166|166-1|167|168|169|169-1|170|171|172|173|442|442-1|442-2|442-3|442-4		38				擬訂	0	事業計畫、權利變換	總業建設股份有限公司	逢達不動產開發顧問股份有限公司			中正區-永昌段五小段-142-1地號等38筆	false	41
201	2024-07-11	113/7/11	中正區	中正區	變更臺北市中正區永昌段五小段446-1地號等40筆土地都市更新事業計畫及擬訂權利變換計畫案	變更臺北市中正區永昌段五小段446-1地號等40筆土地都市更新事業計畫及擬訂權利變換計畫案	臺北市中正區永昌段五小段446-1、449-2、451-2、452、452-2、452-3、452-4、453、454、455、456、456-4、456-5、457、458、459、460、461、462、463、464、465、466、467、468、468-6、469、497、497-8、497-9、497-10、497-13、497-14、497-15、497-16、497-17、497-18、497-19、497-22、497-23地號等40筆土地	永昌段五小段	446-1	446-1|449-2|451-2|452|452-2|452-3|452-4|453|454|455|456|456-4|456-5|457|458|459|460|461|462|463|464|465|466|467|468|468-6|469|497|497-8|497-9|497-10|497-13|497-14|497-15|497-16|497-17|497-18|497-19|497-22|497-23		40				變更	1	事業計畫、權利變換	東家建設股份有限公司	東禧不動產創新股份有限公司			中正區-永昌段五小段-446-1地號等40筆	true	201
1305	2009-08-10	98/8/10	中正區	中正區	擬訂臺北市中正區永昌段五小段446-1地號等40筆土地都市更新事業計畫案	擬訂臺北市中正區永昌段五小段446-1地號等40筆土地都市更新事業計畫案	臺北市中正區永昌段五小段446-1、449-2、451-2、452、452-2、452-3、452-4、453、454、455、456、456-4、456-5、457、458、459、460、461、462、463、464、465、466、467、468、468-6、469、497、497-8、497-9、497-10、497-13、497-14、497-15、497-16、497-17、497-18、497-19、497-22、497-23地號等40筆土地	永昌段五小段	446-1	446-1|449-2|451-2|452|452-2|452-3|452-4|453|454|455|456|456-4|456-5|457|458|459|460|461|462|463|464|465|466|467|468|468-6|469|497|497-8|497-9|497-10|497-13|497-14|497-15|497-16|497-17|497-18|497-19|497-22|497-23		40				擬訂	0	事業計畫	東家建設股份有限公司	元宏聯合建築師事務所			中正區-永昌段五小段-446-1地號等40筆	false	201
1231	2012-02-29	101/2/29	中正區		變更臺北市中正區永昌段六小段158地號等48筆土地都市更新事業計畫及權利變換計畫案	變更臺北市中正區永昌段六小段158地號等48筆土地都市更新事業計畫及權利變換計畫案	10、158-11、158-12、158-13、158-14、158-15、158-16、158-17、158-18、158-19、158-20、158-21、158-22、158-23、158-24、158-25、158-26、158-27、158-28、158-29、158-30、158-31、158-32、158-33、159、160、161、161-1、162、163、163-1、164、165、166、166-1、167、167-1、167-2、167-3、167-4、167-5、167-6、168-1地號	永昌段六小段	158	10|158-11|158-12|158-13|158-14|158-15|158-16|158-17|158-18|158-19|158-20|158-21|158-22|158-23|158-24|158-25|158-26|158-27|158-28|158-29|158-30|158-31|158-32|158-33|159|160|161|161-1|162|163|163-1|164|165|166|166-1|167|167-1|167-2|167-3|167-4|167-5|167-6|168-1		48				變更	1	事業計畫、權利變換	吉美建設事業股份有限公司	財團法人都市更新研究發展基金會		地號無法解析(缺少段小段)	中正區-永昌段六小段-158地號等48筆	true	1231
1300	2009-10-12	98/10/12	中正區		擬訂臺北市中正區永昌段六小段158地號等48筆土地都市更新權利變換計畫案	擬訂臺北市中正區永昌段六小段158地號等48筆土地都市更新權利變換計畫案	10、158-11、158-12、158-13、158-14、158-15、158-16、158-17、158-18、158-19、158-20、158-21、158-22、158-23、158-24、158-25、158-26、158-27、158-28、158-29、158-30、158-31、158-32、158-33、159、160、161、161-1、162、163、163-1、164、165、166、166-1、167、167-1、167-2、167-3、167-4、167-5、167-6、168-1地號	永昌段六小段	158	10|158-11|158-12|158-13|158-14|158-15|158-16|158-17|158-18|158-19|158-20|158-21|158-22|158-23|158-24|158-25|158-26|158-27|158-28|158-29|158-30|158-31|158-32|158-33|159|160|161|161-1|162|163|163-1|164|165|166|166-1|167|167-1|167-2|167-3|167-4|167-5|167-6|168-1		48				擬訂	0	權利變換	富廣開發股份有限公司	財團法人都市更新研究發展基金會		地號無法解析(缺少段小段)	中正區-永昌段六小段-158地號等48筆	false	1231
1344	2008-06-02	97/6/2	中正區	中正區	擬訂臺北市中正區永昌段六小段158地號等48筆土地都市更新事業計畫案	擬訂臺北市中正區永昌段六小段158地號等48筆土地都市更新事業計畫案	臺北市中正區永昌段六小段158、158-3、158-7、158-8、158-9、158-10、158-11、158-12、158-13、158-14、158-15、158-16、158-17、158-18、158-19、158-20、158-21、158-22、158-23、158-24、158-25、158-26、158-27、158-28、158-29、158-30、158-31、158-32、158-33、159、160、161、161-1、162、163、163-1、164、165、166、166-1、167、167-1、167-2、167-3、167-4、167-5、167-6、168-1地號	永昌段六小段	158	158|158-3|158-7|158-8|158-9|158-10|158-11|158-12|158-13|158-14|158-15|158-16|158-17|158-18|158-19|158-20|158-21|158-22|158-23|158-24|158-25|158-26|158-27|158-28|158-29|158-30|158-31|158-32|158-33|159|160|161|161-1|162|163|163-1|164|165|166|166-1|167|167-1|167-2|167-3|167-4|167-5|167-6|168-1		48				擬訂	0	事業計畫	富廣開發股份有限公司	財團法人都市更新研究發展基金會			中正區-永昌段六小段-158地號等48筆	false	1231
1357	2007-12-11	96/12/11	中正區	中正區	擬訂臺北市中正區永昌段六小段96地號等19筆土地都市更新事業計畫案	擬訂臺北市中正區永昌段六小段96地號等19筆土地都市更新事業計畫案	臺北市中正區永昌段六小段86、86-3、83-4、83-5、83-6、83-7、87、87-2、87-3、88、89、90、91、92、92-1、92-2、92-3、96、97-2地號等19筆土地	永昌段六小段	96	86|86-3|83-4|83-5|83-6|83-7|87|87-2|87-3|88|89|90|91|92|92-1|92-2|92-3|96|97-2		19				擬訂	0	事業計畫	巧洋實業股份有限公司	簡俊卿建築師事務所			中正區-永昌段六小段-96地號等19筆	true	1357
313	2023-07-11	112/7/11	中正區	中正區	擬訂臺北市中正區永昌段四小段132-2地號等15筆土地都市更新事業計畫及權利變換計畫案	擬訂臺北市中正區永昌段四小段132-2地號等15筆土地都市更新事業計畫及權利變換計畫案	臺北市中正區永昌段四小段132-2、294、295、296、297、298、299、299-1、300、301、302、303、303-2、307、308地號等15筆土地	永昌段四小段	132-2	132-2|294|295|296|297|298|299|299-1|300|301|302|303|303-2|307|308		15				擬訂	0	事業計畫、權利變換	雋品建設股份有限公司	園皓都市規劃有限公司			中正區-永昌段四小段-132-2地號等15筆	true	313
1212	2012-11-15	101/11/15	中正區	中正區	變更臺北市中正區永昌段四小段332地號等43筆(原36筆)土地都市更新事業計畫及權利變換計畫案	變更臺北市中正區永昌段四小段332地號等43筆(原36筆)土地都市更新事業計畫及權利變換計畫案	臺北市中正區永昌段四小段130-5、318-4、318-5、324、325、326、327、328、329、330、331、331-1、331-2、331-3、331-4、331-5、331-6、331-7、331-8、331-9、331-10、331-11、331-12、332、334、335、335-3、335-4、335-5、336-1、337、337-1、337-2、337-3、337-4、337-5、337-6、337-7、337-8、337-9、337-10、337-11地號等43筆(原36筆)土地	永昌段四小段	332	130-5|318-4|318-5|324|325|326|327|328|329|330|331|331-1|331-2|331-3|331-4|331-5|331-6|331-7|331-8|331-9|331-10|331-11|331-12|332|334|335|335-3|335-4|335-5|336-1|337|337-1|337-2|337-3|337-4|337-5|337-6|337-7|337-8|337-9|337-10|337-11		43	36			變更	1	事業計畫、權利變換	建洋實業股份有限公司	簡俊卿建築師事務所			中正區-永昌段四小段-332地號等43筆	true	1212
1297	2009-11-25	98/11/25	中正區	中正區	擬訂臺北市中正區永昌段四小段332地號等36筆土地都市更新事業計畫案	擬訂臺北市中正區永昌段四小段332地號等36筆土地都市更新事業計畫案	臺北市中正區永昌段四小段130-5、318-4、318-5、324、325、326、327、328、329、330、331、331-1、331-2、331-3、331-4、331-5、331-6、331-7、331-8、331-9、331-10、331-11、331-12、332、334、335、335-3、335-4、335-5、336-1、337、337-1、337-2、337-3、337-4、337-5地號等36筆土地	永昌段四小段	332	130-5|318-4|318-5|324|325|326|327|328|329|330|331|331-1|331-2|331-3|331-4|331-5|331-6|331-7|331-8|331-9|331-10|331-11|331-12|332|334|335|335-3|335-4|335-5|336-1|337|337-1|337-2|337-3|337-4|337-5		36				擬訂	0	事業計畫	建洋實業股份有限公司	簡俊卿建築師事務所			中正區-永昌段四小段-332地號等43筆	false	1212
8	2026-07-16	115/7/16	中正區	中正區	變更(第二次)臺北市中正區永昌段四小段366-3地號等14筆土地都市更新事業計畫及權利變換計畫案	變更(第二次)臺北市中正區永昌段四小段366-3地號等14筆土地都市更新事業計畫及權利變換計畫案	臺北市中正區永昌段四小段366-3、366-19、366-20、366-34、366-35、366-36、366-37、366-46、366-50、366-51、367、368、398-3、398-4地號等14筆土地	永昌段四小段	366-3	366-3|366-19|366-20|366-34|366-35|366-36|366-37|366-46|366-50|366-51|367|368|398-3|398-4		14				變更(第二次)	2	事業計畫、權利變換	晶匯建設開發股份有限公司	園皓都市規劃有限公司			中正區-永昌段四小段-366-3地號等14筆	true	8
246	2024-02-20	113/2/20	中正區	中正區	變更臺北市中正區永昌段四小段366-3地號等14筆土地都市更新事業計畫及權利變換計畫案	變更臺北市中正區永昌段四小段366-3地號等14筆土地都市更新事業計畫及權利變換計畫案	臺北市中正區永昌段四小段366-3、366-19、366-20、366-34、366-35、366-36、366-37、366-46、366-50、366-51、367、368、398-3、398-4地號等14筆土地	永昌段四小段	366-3	366-3|366-19|366-20|366-34|366-35|366-36|366-37|366-46|366-50|366-51|367|368|398-3|398-4		14				變更	1	事業計畫、權利變換	悅龍建設股份有限公司	築璟都市更新有限公司			中正區-永昌段四小段-366-3地號等14筆	false	8
584	2021-02-25	110/2/25	中正區	中正區	擬訂臺北市中正區永昌段四小段366-3地號等14筆土地都市更新權利變換計畫案	擬訂臺北市中正區永昌段四小段366-3地號等14筆土地都市更新權利變換計畫案	臺北市中正區永昌段四小段366-3、366-19、366-20、366-34、366-35、366-36、366-37、366-46、366-50、366-51、367、368、398-3、398-4地號等14筆土地臺北市內湖區康寧段三小段430-48、466-1、466-2、469、470-1、470-	永昌段四小段	366-3	366-3|366-19|366-20|366-34|366-35|366-36|366-37|366-46|366-50|366-51|367|368|398-3|398-4		14				擬訂	0	權利變換	合宏建設股份有限公司	築璟都市更新有限公司			中正區-永昌段四小段-366-3地號等14筆	false	8
761	2019-09-12	108/9/12	中正區	中正區	擬訂臺北市中正區永昌段四小段366-3地號等14筆土地都市更新事業計畫案	擬訂臺北市中正區永昌段四小段366-3地號等14筆土地都市更新事業計畫案	臺北市中正區永昌段四小段366-3、366-19、366-20、366-34、366-35、366-36、366-37、366-46、366-50、366-51、367、368、398-3、398-4地號等14筆土地	永昌段四小段	366-3	366-3|366-19|366-20|366-34|366-35|366-36|366-37|366-46|366-50|366-51|367|368|398-3|398-4		14				擬訂	0	事業計畫	合宏建設股份有限公司	築璟都市更新有限公司			中正區-永昌段四小段-366-3地號等14筆	false	8
199	2024-07-26	113/7/26	中正區		變更(第二次)臺北市中正區永昌段四小段44地號等43筆(原35筆)土地都市更新權利變換計畫案	變更(第二次)臺北市中正區永昌段四小段44地號等43筆(原35筆)土地都市更新權利變換計畫案	46-1、46-2、46-3、46-5、46-11、46-12、46-15、46-16、46-17、46-18、47、85、85-7、112、113、114、115、116、117、120、121、122-4、122-8、122-9、122-11、122-12、122-14、122-15、122-16、122-17、122-18、122-19、122-20、122-21、122-22及122-23地號等43筆土地	永昌段四小段	44	46-1|46-2|46-3|46-5|46-11|46-12|46-15|46-16|46-17|46-18|47|85|85-7|112|113|114|115|116|117|120|121|122-4|122-8|122-9|122-11|122-12|122-14|122-15|122-16|122-17|122-18|122-19|122-20|122-21		43	35			變更(第二次)	2	權利變換	品陽建設股份有限公司	財團法人都市更新研究發展基金會		地號無法解析(缺少段小段)	中正區-永昌段四小段-44地號等43筆	true	199
482	2022-02-15	111/2/15	中正區	中正區	變更臺北市中正區永昌段四小段44地號等43筆(原35筆)土地都市更新權利變換計畫案	變更臺北市中正區永昌段四小段44地號等43筆(原35筆)土地都市更新權利變換計畫案	臺北市中正區永昌段四小段44、44-1、44-2、44-3、45、45-2、46、46-1、46-2、46-3、46-5、46-11、46-12、46-15、46-16、46-17、46-18、47、85、85-7、112、113、114、115、116、117、120、121、122-4、122-8、122-9、122-11、122-12、122-14、122-15、122-16、122-17、122-18、122-19、122-20、122-21、122-22及122-23地號等43筆土地	永昌段四小段	44	44|44-1|44-2|44-3|45|45-2|46|46-1|46-2|46-3|46-5|46-11|46-12|46-15|46-16|46-17|46-18|47|85|85-7|112|113|114|115|116|117|120|121|122-4|122-8|122-9|122-11|122-12|122-14|122-15|122-16|122-17|122-18|122-19|122-20|122-21		43	35			變更	1	權利變換	品陽建設股份有限公司	財團法人都市更新研究發展基金會			中正區-永昌段四小段-44地號等43筆	false	199
851	2018-11-15	107/11/15	中正區	中正區	擬訂臺北市中正區永昌段四小段44地號等43筆(原35筆)土地都市更新事業計畫及權利變換計畫案	擬訂臺北市中正區永昌段四小段44地號等43筆(原35筆)土地都市更新事業計畫及權利變換計畫案	臺北市中正區永昌段四小段44、44-1、44-2、44-3、45、45-2、46、46-1、46-2、46-3、46-5、46-11、46-12、46-15、46-16、46-17、46-18、47、85、85-7、112、113、114、115、116、117、120、121、122-4、122-8、122-9、122-11、122-12、122-14、122-15、122-16、122-17、122-18、122-19、122-20、122-21、122-22及122-23地號等43筆土地	永昌段四小段	44	44|44-1|44-2|44-3|45|45-2|46|46-1|46-2|46-3|46-5|46-11|46-12|46-15|46-16|46-17|46-18|47|85|85-7|112|113|114|115|116|117|120|121|122-4|122-8|122-9|122-11|122-12|122-14|122-15|122-16|122-17|122-18|122-19|122-20|122-21		43	35			擬訂	0	事業計畫、權利變換	品陽建設股份有限公司	財團法人都市更新研究發展基金會			中正區-永昌段四小段-44地號等43筆	false	199
166	2024-12-30	113/12/30	中正區		擬訂臺北市中正區永昌段四小段46-4地號等117筆(原116筆)土地都市更新事業計畫及權利變換計畫案	擬訂臺北市中正區永昌段四小段46-4地號等117筆(原116筆)土地都市更新事業計畫及權利變換計畫案	14、46-19、46-20、46-21、46-23、46-25、46-29、46-30、47-1、47-2、48、48-1、49、50、51、51-1、52、52-1、53、54、54-1、54-2、55、72、76、76-1、77、77-1、77-2、78、78-1、79、79-1、80、80-1、81、81-1、82、82-1、83、83-1、84、84-1、85-1、85-2、85-3、85-4、85-5、85-6、85-8、85-9、85-10、85-11、85-13、85-15、85-17、85-18、86、87、88、89、90、91、92、98、99、102、103、104、105、106、106-1、106-2、106-3、106-4、106-5、106-6、106-8、106-9、106-12、107、108、108-1、108-2、109、110、110-1、111、112-1、112-2、112-3、112-4、112-5、112-6、113-1、113-2、113-3、113-4、114-1、114-2、114-3、114-4、115-	永昌段四小段	46-4	14|46-19|46-20|46-21|46-23|46-25|46-29|46-30|47-1|47-2|48|48-1|49|50|51|51-1|52|52-1|53|54|54-1|54-2|55|72|76|76-1|77|77-1|77-2|78|78-1|79|79-1|80|80-1|81|81-1|82|82-1|83|83-1|84|84-1|85-1|85-2|85-3|85-4|85-5|85-6|85-8|85-9|85-10|85-11|85-13|85-15|85-17|85-18|86|87|88|89|90|91|92|98|99|102|103|104|105|106|106-1|106-2|106-3|106-4|106-5|106-6|106-8|106-9|106-12|107|108|108-1|108-2|109|110|110-1|111|112-1|112-2|112-3|112-4|112-5|112-6|113-1|113-2|113-3|113-4|114-1|114-2|114-3|114-4		117	116			擬訂	0	事業計畫、權利變換	潤泰創新國際股份有限公司	邑相更新規劃股份有限公司		地號無法解析(缺少段小段)	中正區-永昌段四小段-46-4地號等117筆	true	166
181	2024-10-29	113/10/29	中正區	中正區	變更(第三次)臺北市中正區河堤五小段399地號等3筆土地都市更新權利變換計畫案	變更(第三次)臺北市中正區河堤五小段399地號等3筆土地都市更新權利變換計畫案	臺北市中正區河堤段五小段399、400、403地號等3筆土地	河堤五小段	399	399|400|403		3				變更(第三次)	3	權利變換	永陞建設股份有限公司			案名與地號段小段不一致(地號為河堤段五小段)	中正區-河堤五小段-399地號等3筆	true	181
872	2018-09-06	107/9/6	中正區	中正區	擬訂臺北市中正區河堤段一小段191地號等26筆土都市更新事業計畫及權利變換計畫案	擬訂臺北市中正區河堤段一小段191地號等26筆土都市更新事業計畫及權利變換計畫案	臺北市中正區河堤段一小段191、191-1、192、193、193-1、194、194-1、195、195-1、196、197、198、198-1、199、199-1、200、200-1、215、216、217、218、219、220、220-1、221、222地號等26筆土地	河堤段一小段	191	191|191-1|192|193|193-1|194|194-1|195|195-1|196|197|198|198-1|199|199-1|200|200-1|215|216|217|218|219|220|220-1|221|222		26				擬訂	0	事業計畫、權利變換	北城建設開發股份有限公司	弘傑不動產事業股份有限公司			中正區-河堤段一小段-191地號等26筆	true	872
83	2025-10-02	114/10/2	中正區	中正區	變更(第二次)臺北市中正區河堤段二小段21地號等38筆土地都市更新事業計畫及變更權利變換計畫案	變更(第二次)臺北市中正區河堤段二小段21地號等38筆土地都市更新事業計畫及變更權利變換計畫案	臺北市中正區河堤段二小段21、22、23、24、25、25-1、25-2、25-3、25-4、26、27、28、29、30、31、32、33、34、35、36、37、40、46、47、48、48-1、48-2、49、50、51、57、57-3、69、70、72、73、74、75地號等38筆土地	河堤段二小段	21	21|22|23|24|25|25-1|25-2|25-3|25-4|26|27|28|29|30|31|32|33|34|35|36|37|40|46|47|48|48-1|48-2|49|50|51|57|57-3|69|70|72|73|74|75		38				變更(第二次)	2	事業計畫、權利變換	正隆股份有限公司奇模工程有限公司				中正區-河堤段二小段-21地號等38筆	true	83
377	2022-12-28	111/12/28	中正區	中正區	變更臺北市中正區河堤段二小段21地號等38筆土地都市更新事業計畫及擬訂權利變換計畫案	變更臺北市中正區河堤段二小段21地號等38筆土地都市更新事業計畫及擬訂權利變換計畫案	臺北市中正區河堤段二小段21、22、23、24、25、25-1、25-2、25-3、25-4、26、27、28、29、30、31、32、33、34、35、36、37、40、46、47、48、48-1、48-2、49、50、51、57、57-3、69、70、72、73、74、75地號等38筆土地	河堤段二小段	21	21|22|23|24|25|25-1|25-2|25-3|25-4|26|27|28|29|30|31|32|33|34|35|36|37|40|46|47|48|48-1|48-2|49|50|51|57|57-3|69|70|72|73|74|75		38				變更	1	事業計畫、權利變換	正隆股份有限公司奇模工程有限公司				中正區-河堤段二小段-21地號等38筆	false	83
823	2019-02-19	108/2/19	中正區	中正區	擬訂臺北市中正區河堤段二小段21地號等38筆土地都市更新事業計畫案	擬訂臺北市中正區河堤段二小段21地號等38筆土地都市更新事業計畫案	166、167、168、169、170、171、172地號等113筆土地臺北市中正區河堤段二小段21、22、23、24、25、25-1、25-2、25-3、25-4、26、27、28、29、30、31、32、33、34、35、36、37、40、46、47、48、48-1、48-2、49、50、51、57、57-3、69、70、72、73、74、75地號等38筆土地	河堤段二小段	21	21|22|23|24|25|25-1|25-2|25-3|25-4|26|27|28|29|30|31|32|33|34|35|36|37|40|46|47|48|48-1|48-2|49|50|51|57|57-3|69|70|72|73|74|75		38				擬訂	0	事業計畫	正隆股份有限公司奇模工程有限公司				中正區-河堤段二小段-21地號等38筆	false	83
792	2019-05-21	108/5/21	中正區	中正區	變更(第四次)臺北市中正區河堤段二小段435地號等45筆土地都市更新權利變換計畫案	變更(第四次)臺北市中正區河堤段二小段435地號等45筆土地都市更新權利變換計畫案	臺北市中正區河堤段二小段435、435-2、436、436-1、437、438、439、439-1、439-2、439-3、439-4、440、441、442、443、444、445、446、447、447-1、447-2、448、449、450、450-1、451、452、453、453-5、525、525-1、525-2、525-4、529、530、530-1、530-2、530-3、530-4、530-5、533、534、534-1、535、535-1	河堤段二小段	435	435|435-2|436|436-1|437|438|439|439-1|439-2|439-3|439-4|440|441|442|443|444|445|446|447|447-1|447-2|448|449|450|450-1|451|452|453|453-5|525|525-1|525-2|525-4|529|530|530-1|530-2|530-3|530-4|530-5|533|534|534-1|535|535-1		45				變更(第四次)	4	權利變換	正隆股份有限公司奇模工程有限公司				中正區-河堤段二小段-435地號等45筆	true	792
818	2019-02-27	108/2/27	中正區	中正區	變更(第三次)臺北市中正區河堤段二小段435地號等45筆土地都市更新權利變換計畫案(含釐正圖冊)	變更(第三次)臺北市中正區河堤段二小段435地號等45筆土地都市更新權利變換計畫案(含釐正圖冊)	臺北市中正區河堤段二小段435、435-2、436、436-1、437、438、439、439-1、439-2、439-3、439-4、440、441、442、443、444、445、446、447、447-1、447-2、448、449、450、450-1、451、452、453、453-5、525、525-1、525-2、525-4、529、530、530-1、530-2、530-3、530-4、530-5、533、534、534-1、535、535-1地號等45筆土地	河堤段二小段	435	435|435-2|436|436-1|437|438|439|439-1|439-2|439-3|439-4|440|441|442|443|444|445|446|447|447-1|447-2|448|449|450|450-1|451|452|453|453-5|525|525-1|525-2|525-4|529|530|530-1|530-2|530-3|530-4|530-5|533|534|534-1|535|535-1		45				變更(第三次)	3	權利變換	正隆股份有限公司奇模工程有限公司				中正區-河堤段二小段-435地號等45筆	false	792
870	2018-09-11	107/9/11	中正區	中正區	變更(第二次)臺北市中正區河堤段二小段435地號等45筆土地都市更新權利變換計畫案(含釐正圖冊)	變更(第二次)臺北市中正區河堤段二小段435地號等45筆土地都市更新權利變換計畫案(含釐正圖冊)	臺北市中正區河堤段二小段435、435-2、436、436-1、437、438、439、439-1、439-2、439-3、439-4、440、441、442、443、444、445、446、447、447-1、447-2、448、449、450、450-1、451、452、453、453-5、525、525-1、525-2、525-4、529、530、530-1、530-2、530-3、530-4、530-5、533、534、534-1、535、535-1地號等45筆土地	河堤段二小段	435	435|435-2|436|436-1|437|438|439|439-1|439-2|439-3|439-4|440|441|442|443|444|445|446|447|447-1|447-2|448|449|450|450-1|451|452|453|453-5|525|525-1|525-2|525-4|529|530|530-1|530-2|530-3|530-4|530-5|533|534|534-1|535|535-1		45				變更(第二次)	2	權利變換	正隆股份有限公司奇模工程有限公司				中正區-河堤段二小段-435地號等45筆	false	792
1220	2012-08-27	101/8/27	中正區	中正區	變更臺北市中正區河堤段二小段435地號等45筆土地都市更新事業計畫及權利變換計畫案	變更臺北市中正區河堤段二小段435地號等45筆土地都市更新事業計畫及權利變換計畫案	臺北市中正區河堤段二小段435、435-2、436、436-1、437、438、439、439-1、439-2、439-3、439-4、440、441、442、443、444、445、446、447、447-1、447-2、448、449、450、450-1、451、452、453、453-5、525、525-1、525-2、525-4、529、530、530-1、530-2、530-3、530-4、530-5、533、534、534-1、535、535-1地號等45筆土地	河堤段二小段	435	435|435-2|436|436-1|437|438|439|439-1|439-2|439-3|439-4|440|441|442|443|444|445|446|447|447-1|447-2|448|449|450|450-1|451|452|453|453-5|525|525-1|525-2|525-4|529|530|530-1|530-2|530-3|530-4|530-5|533|534|534-1|535|535-1		45				變更	1	事業計畫、權利變換	正隆股份有限公司台呈開發設計股份	有限公司			中正區-河堤段二小段-435地號等45筆	false	792
1314	2009-05-26	98/5/26	中正區	中正區	擬訂臺北市中正區河堤段二小段435地號等37筆土地都市更新事業計畫案	擬訂臺北市中正區河堤段二小段435地號等37筆土地都市更新事業計畫案	臺北市中正區河堤段二小段435、436、437、438、439、439-1、439-2、439-3、439-4、440、441、442、443、444、445、446、447、447-1、447-2、448、449、450、451、452、453、525、525-1、525-2、525-4、529、530、530-1、530-2、530-3、533、534、535地號等37筆土地	河堤段二小段	435	435|436|437|438|439|439-1|439-2|439-3|439-4|440|441|442|443|444|445|446|447|447-1|447-2|448|449|450|451|452|453|525|525-1|525-2|525-4|529|530|530-1|530-2|530-3|533|534|535		37				擬訂	0	事業計畫	正隆股份有限公司台呈開發設計股份	有限公司			中正區-河堤段二小段-435地號等45筆	false	792
296	2023-09-05	112/9/5	中正區	中正區	變更(第二次)臺北市中正區河堤段五小段399地號等3筆土地都市更新權利變換計畫案	變更(第二次)臺北市中正區河堤段五小段399地號等3筆土地都市更新權利變換計畫案	臺北市中正區河堤段五小段399、400、403地號等3筆土地	河堤段五小段	399	399|400|403		3				變更(第二次)	2	權利變換	永陞建設股份有限公司	奇模工程有限公司			中正區-河堤段五小段-399地號等3筆	true	296
376	2022-12-28	111/12/28	中正區	中正區	變更臺北市中正區河堤段五小段399地號等3筆土地都市更新事業計畫及權利變換計畫案	變更臺北市中正區河堤段五小段399地號等3筆土地都市更新事業計畫及權利變換計畫案	臺北市中正區河堤段五小段399、400、403地號等3筆土地	河堤段五小段	399	399|400|403		3				變更	1	事業計畫、權利變換	永陞建設股份有限公司				中正區-河堤段五小段-399地號等3筆	false	296
764	2019-09-03	108/9/3	中正區	中正區	擬訂臺北市中正區河堤段五小段399地號等3筆土地都市更新事業計畫及權利變換計畫案	擬訂臺北市中正區河堤段五小段399地號等3筆土地都市更新事業計畫及權利變換計畫案	臺北市中正區河堤段五小段399、400、403地號等3筆土地	河堤段五小段	399	399|400|403		3				擬訂	0	事業計畫、權利變換	永陞建設股份有限公司	奇模工程有限公司			中正區-河堤段五小段-399地號等3筆	false	296
631	2020-09-10	109/9/10	中正區	中正區	變更(第二次)臺北市中正區河堤段六小段501-1地號等28筆土地都市更新權利變換計畫案	變更(第二次)臺北市中正區河堤段六小段501-1地號等28筆土地都市更新權利變換計畫案	臺北市中正區河堤段六小段501-1、502-2、503、503-2、504、504-1、504-2、504-3、505、506、506-1、507、508、508-2、509、509-2、510、510-2、511、511-2、535、536、537、538、542、543、544、545地號等28筆土地	河堤段六小段	501-1	501-1|502-2|503|503-2|504|504-1|504-2|504-3|505|506|506-1|507|508|508-2|509|509-2|510|510-2|511|511-2|535|536|537|538|542|543|544|545		28				變更(第二次)	2	權利變換	東亞建築經理股份有限公司	東亞建築經理股份有限公司			中正區-河堤段六小段-501-1地號等28筆	true	631
653	2020-07-30	109/7/30	中正區	中正區	變更臺北市中正區河堤段六小段501-1地號等28筆土地都市更新事業計畫及權利變換計畫案	變更臺北市中正區河堤段六小段501-1地號等28筆土地都市更新事業計畫及權利變換計畫案	臺北市中正區河堤段六小段501-1、502-2、503、503-2、504、504-1、504-2、504-3、505、506、506-1、507、508、508-2、509、509-2、510、510-2、511、511-2、535、536、537、538、542、543、544、545地號等28筆土地	河堤段六小段	501-1	501-1|502-2|503|503-2|504|504-1|504-2|504-3|505|506|506-1|507|508|508-2|509|509-2|510|510-2|511|511-2|535|536|537|538|542|543|544|545		28				變更	1	事業計畫、權利變換	東亞建築經理股份有限公司	東亞建築經理股份有限公司			中正區-河堤段六小段-501-1地號等28筆	false	631
1100	2015-06-02	104/6/2	中正區	中正區	擬訂臺北市中正區河堤段六小段501-1地號等28筆土地都市更新事業計畫及權利變換計畫案	擬訂臺北市中正區河堤段六小段501-1地號等28筆土地都市更新事業計畫及權利變換計畫案	臺北市中正區河堤段六小段501-1、502-2、503、503-2、504、504-1、504-2、504-3、505、506、506-1、507、508、509、510、511、508-2、509-2、510-2、511-2、535、536、537、538、542、543、544、545地號等28筆土地	河堤段六小段	501-1	501-1|502-2|503|503-2|504|504-1|504-2|504-3|505|506|506-1|507|508|509|510|511|508-2|509-2|510-2|511-2|535|536|537|538|542|543|544|545		28				擬訂	0	事業計畫、權利變換	東亞建築經理股份有限公司	東亞建築經理股份有限公司			中正區-河堤段六小段-501-1地號等28筆	false	631
772	2019-08-01	108/8/1	中正區	中正區	變更臺北市中正區河堤段四小段263-19地號等25筆土地都市更新事業計畫案	變更臺北市中正區河堤段四小段263-19地號等25筆土地都市更新事業計畫案	臺北市中正區河堤段四小段263-19、263-20、337-6、337-14、337-15、359、360-1、361-1、361-2、361-3、362、362-1、363、364、365、366、367、368、368-1、369、369-1、370、371、372、374-6地號等25筆土地	河堤段四小段	263-19	263-19|263-20|337-6|337-14|337-15|359|360-1|361-1|361-2|361-3|362|362-1|363|364|365|366|367|368|368-1|369|369-1|370|371|372|374-6		25				變更	1	事業計畫	萬仕達建設股份有限公司	爵鼎都市建築股份有限公司			中正區-河堤段四小段-263-19地號等25筆	true	772
1042	2016-07-05	105/7/5	中正區	中正區	擬訂臺北市中正區河堤段四小段263-19地號等25筆土地都市更新計畫案	擬訂臺北市中正區河堤段四小段263-19地號等25筆土地都市更新計畫案	臺北市中正區河堤段四小段263-19、263-20、337-6、337-14、337-15、359、360-1、361-1、361-2、361-3、362、362-1、363、364、365、366、367、368、368-1、369、369-1、370、371、372、374-6地號等25筆土地	河堤段四小段	263-19	263-19|263-20|337-6|337-14|337-15|359|360-1|361-1|361-2|361-3|362|362-1|363|364|365|366|367|368|368-1|369|369-1|370|371|372|374-6		25				擬訂	0	都市更新計畫	富鉅祿建設股份有限公司	爵鼎都市建築股份有限公司			中正區-河堤段四小段-263-19地號等25筆	false	772
951	2017-10-19	106/10/19	中正區	中正區	擬訂臺北市中正區河堤段四小段276地號等6筆土地都市更新事業計畫案	擬訂臺北市中正區河堤段四小段276地號等6筆土地都市更新事業計畫案	臺北市中正區河堤段四小段276、276-1、277、277-1、313、314地號等6筆土地	河堤段四小段	276	276|276-1|277|277-1|313|314		6				擬訂	0	事業計畫	阿曼開發股份有限公司	禾大國際管理顧問股份有限公司			中正區-河堤段四小段-276地號等6筆	true	951
1031	2016-09-20	105/9/20	中正區	中正區	變更(第二次)臺北市中正區河堤段四小段527地號等22筆土地都市更新事業計畫案	變更(第二次)臺北市中正區河堤段四小段527地號等22筆土地都市更新事業計畫案	臺北市中正區河堤段四小段527、528-1、530-1、531、531-1、531-2、531-4、532、532-1、532-3、533、533-1、534、534-3、540、541、542、543、544、547-1、547-4、547-5地號等22筆土地	河堤段四小段	527	527|528-1|530-1|531|531-1|531-2|531-4|532|532-1|532-3|533|533-1|534|534-3|540|541|542|543|544|547-1|547-4|547-5		22				變更(第二次)	2	事業計畫	汎利建設股份有限公司	奇模工程有限公司			中正區-河堤段四小段-527地號等22筆	true	1031
1127	2014-04-25	103/4/25	中正區	中正區	變更臺北市中正區河堤段四小段527地號等22筆土地都市更新事業計畫案	變更臺北市中正區河堤段四小段527地號等22筆土地都市更新事業計畫案	臺北市中正區河堤段四小段527、528-1、530-1、531、531-1、531-2、531-4、532、532-1、532-3、533、533-1、534、534-3、540、541、542、543、544、547-1、547-4、547-5地號等22筆土地	河堤段四小段	527	527|528-1|530-1|531|531-1|531-2|531-4|532|532-1|532-3|533|533-1|534|534-3|540|541|542|543|544|547-1|547-4|547-5		22				變更	1	事業計畫	汎利建設股份有限公司	呂大吉建築師事務所			中正區-河堤段四小段-527地號等22筆	false	1031
1240	2011-11-11	100/11/11	中正區	中正區	擬訂臺北市中正區河堤段四小段527地號等22筆土地都市更新事業計畫案	擬訂臺北市中正區河堤段四小段527地號等22筆土地都市更新事業計畫案	臺北市中正區河堤段四小段527、528-1、530-1、531、531-1、531-2、531-4、532、532-1、532-3、533、533-1、534、534-3、540、541、542、543、544、547-1、547-4、547-5地號等22筆土地	河堤段四小段	527	527|528-1|530-1|531|531-1|531-2|531-4|532|532-1|532-3|533|533-1|534|534-3|540|541|542|543|544|547-1|547-4|547-5		22				擬訂	0	事業計畫	汎利建設股份有限公司	呂大吉建築師事務所			中正區-河堤段四小段-527地號等22筆	false	1031
589	2021-02-04	110/2/4	中正區	中正區	變更臺北市中正區福和段一小段10-1地號等26筆土地都市更新事業權利變換計畫案	變更臺北市中正區福和段一小段10-1地號等26筆土地都市更新事業權利變換計畫案	臺北市中正區福和段一小段10-1、10-8、10-9、13-1、14、15、16-2、153、153-5、153-6、155、156、156-6、157、158、158-1、159、160、161、162、163、164、164-1、164-2、164-3、164-4地號等26筆土地	福和段一小段	10-1	10-1|10-8|10-9|13-1|14|15|16-2|153|153-5|153-6|155|156|156-6|157|158|158-1|159|160|161|162|163|164|164-1|164-2|164-3|164-4		26				變更	1	權利變換	冠德建設股份有限公司	財團法人都市更新研究發展基金會			中正區-福和段一小段-10-1地號等26筆	true	589
1009	2017-01-24	106/1/24	中正區	中正區	變更臺北市中正區福和段一小段10-1地號等26筆土地都市更新事業計畫及擬訂權利變換計畫案	變更臺北市中正區福和段一小段10-1地號等26筆土地都市更新事業計畫及擬訂權利變換計畫案	臺北市中正區福和段一小段10-1、10-8、10-9、13-1、14、15、16-2、153、153-5、153-6、155、156、156-6、157、158、158-1、159、160、161、162、163、164、164-1、164-2、164-3、164-4地號等26筆土地	福和段一小段	10-1	10-1|10-8|10-9|13-1|14|15|16-2|153|153-5|153-6|155|156|156-6|157|158|158-1|159|160|161|162|163|164|164-1|164-2|164-3|164-4		26				變更	1	事業計畫、權利變換	冠德建設股份有限公司	財團法人都市更新研究發展基金會			中正區-福和段一小段-10-1地號等26筆	false	589
1177	2013-07-16	102/7/16	中正區	中正區	擬訂臺北市中正區福和段一小段10-1地號等26筆土地都市更新事業計畫案	擬訂臺北市中正區福和段一小段10-1地號等26筆土地都市更新事業計畫案	臺北市中正區福和段一小段10-1、10-8、10-9、13-1、14、15、16-2、153、153-5、153-6、155、156、156-6、157、158、158-1、159、160、161、162、163、164、164-1、164-2、164-3、164-4地號等26筆土地	福和段一小段	10-1	10-1|10-8|10-9|13-1|14|15|16-2|153|153-5|153-6|155|156|156-6|157|158|158-1|159|160|161|162|163|164|164-1|164-2|164-3|164-4		26				擬訂	0	事業計畫	冠德建設股份有限公司	財團法人都市更新研究發展基金會			中正區-福和段一小段-10-1地號等26筆	false	589
1024	2016-10-04	105/10/4	中正區	中正區	變更(第二次)臺北市中正區福和段一小段165地號等34筆土地都市更新權利變換計畫(含釐正圖冊)案	變更(第二次)臺北市中正區福和段一小段165地號等34筆土地都市更新權利變換計畫(含釐正圖冊)案	臺北市中正區福和段一小段165、165-3、165-4、166、167、168、169、170、171、171-1、172、172-1、173、174、175、175-1、176、177、178、179、180、181、182、182-1、183、183-1、184、185、185-1、186、187-1、187-4、187-5、187-6地號等34筆土地	福和段一小段	165	165|165-3|165-4|166|167|168|169|170|171|171-1|172|172-1|173|174|175|175-1|176|177|178|179|180|181|182|182-1|183|183-1|184|185|185-1|186|187-1|187-4|187-5|187-6		34				變更(第二次)	2	權利變換	保強建設開發股份有限公司	黃秀莊建築師事務所			中正區-福和段一小段-165地號等34筆	true	1024
1086	2015-08-20	104/8/20	中正區	中正區	變更(第二次)臺北市中正區福和段一小段165地號等34筆土地都市更新事業計畫案	變更(第二次)臺北市中正區福和段一小段165地號等34筆土地都市更新事業計畫案	臺北市中正區福和段一小段10-1、156、156-3、159、160、162、163、164-1、164-2、165、165-1、165-3、166、167、168、169、170、171、172、173、174、175、176、177、178、179、180、181、182、183、184、185、186、187-1地號等34筆土地	福和段一小段	165	10-1|156|156-3|159|160|162|163|164-1|164-2|165|165-1|165-3|166|167|168|169|170|171|172|173|174|175|176|177|178|179|180|181|182|183|184|185|186|187-1		34				變更(第二次)	2	事業計畫	保強建設開發股份有限公司	黃秀莊建築師事務所			中正區-福和段一小段-165地號等34筆	false	1024
1247	2011-07-11	100/7/11	中正區	中正區	變更臺北市中正區福和段一小段165地號等34筆土地都市更新事業計畫及擬訂權利變換計畫案	變更臺北市中正區福和段一小段165地號等34筆土地都市更新事業計畫及擬訂權利變換計畫案	臺北市中正區福和段一小段10-1、156、156-3、159、160、162、163、164-1、164-2、165、165-1、165-3、166、167、168、169、170、171、172、173、174、175、176、177、178、179、180、181、182、183、184、185、186、187-1地號等34筆土地	福和段一小段	165	10-1|156|156-3|159|160|162|163|164-1|164-2|165|165-1|165-3|166|167|168|169|170|171|172|173|174|175|176|177|178|179|180|181|182|183|184|185|186|187-1		34				變更	1	事業計畫、權利變換	保強建設開發股份有限公司	黃秀莊建築師事務所			中正區-福和段一小段-165地號等34筆	false	1024
1368	2007-10-01	96/10/1	中正區	中正區	擬訂臺北市中正區福和段一小段165地號等26筆土地都市更新事業計畫案	擬訂臺北市中正區福和段一小段165地號等26筆土地都市更新事業計畫案	臺北市中正區福和段一小段10-1、156、165、165-3、166、167、168、169、170、171、172、173、174、175、176、177、178、179、180、181、182、183、184、185、186、187-1地號等26筆土地	福和段一小段	165	10-1|156|165|165-3|166|167|168|169|170|171|172|173|174|175|176|177|178|179|180|181|182|183|184|185|186|187-1		26				擬訂	0	事業計畫	保強建設開發股份有限公司	黃秀莊建築師事務所			中正區-福和段一小段-165地號等34筆	false	1024
960	2017-08-24	106/8/24	中正區	中正區	變更臺北市中正區福和段一小段363-2地號等7筆土地都市更新事業計畫案	變更臺北市中正區福和段一小段363-2地號等7筆土地都市更新事業計畫案	臺北市中正區福和段一小段363-2、369-2、369-4、370、370-4、370-5、370-6地號等7筆土地	福和段一小段	363-2	363-2|369-2|369-4|370|370-4|370-5|370-6		7				變更	1	事業計畫	華陞開發股份有限公司	邑相更新規劃股份有限公司			中正區-福和段一小段-363-2地號等7筆	true	960
1129	2014-04-25	103/4/25	中正區	中正區	擬訂臺北市中正區福和段一小段363-2地號等7筆土地都市更新事業計畫案	擬訂臺北市中正區福和段一小段363-2地號等7筆土地都市更新事業計畫案	臺北市中正區福和段一小段363-2、369-2、369-4、370、370-4、370-5、370-6地號等7筆土地	福和段一小段	363-2	363-2|369-2|369-4|370|370-4|370-5|370-6		7				擬訂	0	事業計畫	華陞開發股份有限公司	邑相更新規劃股份有限公司			中正區-福和段一小段-363-2地號等7筆	false	960
39	2026-04-09	115/4/9	中正區	中正區	擬訂臺北市中正區福和段一小段436地號等5筆(原4筆)土地都市更新事業計畫案	擬訂臺北市中正區福和段一小段436地號等5筆(原4筆)土地都市更新事業計畫案	臺北市中正區福和段一小段436、436-1、436-2、581、581-3地號等5筆土地	福和段一小段	436	436|436-1|436-2|581|581-3		5	4			擬訂	0	事業計畫	國美建設股份有限公司	舜磐創新股份有限公司			中正區-福和段一小段-436地號等5筆	true	39
350	2023-03-22	112/3/22	中正區	中正區	擬訂臺北市中正區福和段一小段694地號等18筆土地都市更新權利變換計畫案	擬訂臺北市中正區福和段一小段694地號等18筆土地都市更新權利變換計畫案	臺北市中正區福和段一小段694、694-2、702、703、704、705、706、707、707-1、709、709-1、710、711、712、714、715、716、717等18筆土地	福和段一小段	694	694|694-2|702|703|704|705|706|707|707-1|709|709-1|710|711|712|714|715|716		18				擬訂	0	權利變換	璞真誠美建築開發股份有限公司	里美都市開發股設有限公司			中正區-福和段一小段-694地號等18筆	true	350
635	2020-09-08	109/9/8	中正區	中正區	擬訂臺北市中正區福和段一小段694地號等18筆土地都市更新事業計畫案	擬訂臺北市中正區福和段一小段694地號等18筆土地都市更新事業計畫案	臺北市中正區福和段一小段694、694-2、702、703、704、705、706、707、707-1、709、709-1、710、711、712、714、715、716、717等18筆土地	福和段一小段	694	694|694-2|702|703|704|705|706|707|707-1|709|709-1|710|711|712|714|715|716		18				擬訂	0	事業計畫	璞真誠美建築開發股份有限公司	里美都市開發股設有限公司			中正區-福和段一小段-694地號等18筆	false	350
198	2024-07-29	113/7/29	中正區	中正區	擬訂臺北市中正區福和段二小段472-1地號等3筆土地事業概要案臺北市中正區福和段二小段	擬訂臺北市中正區福和段二小段472-1地號等3筆土地事業概要案臺北市中正區福和段二小段	472-1、473、473地號等3筆土地臺北市中正區永昌段四小段44、44-1、44-2、44-3、45、45-2、46、	福和段二小段	472-1	44|44-1|44-2|44-3|45|45-2|46		3				擬訂	0	事業概要	東南亞育樂股份有限公司	弘傑永續股份有限公司		案名與地號段小段不一致(地號為永昌段四小段)	中正區-福和段二小段-472-1地號等3筆	true	198
768	2019-08-22	108/8/22	中正區	中正區	變更(第四次)臺北市中正區福和段二小段75地號等2筆土地都市更新權利變換計畫案	變更(第四次)臺北市中正區福和段二小段75地號等2筆土地都市更新權利變換計畫案	臺北市中正區福和段二小段75、76地號等2筆土地	福和段二小段	75	75|76		2				變更(第四次)	4	權利變換	臺北市中正區兒童交通博物館附近更新地區水源路四五期整宅都市更新會	聖洪建築師事務所			中正區-福和段二小段-75地號等2筆	true	768
796	2019-05-14	108/5/14	中正區	中正區	變更(第三次)臺北市中正區福和段二小段75地號等2筆土地都市更新權利變換計畫案	變更(第三次)臺北市中正區福和段二小段75地號等2筆土地都市更新權利變換計畫案	臺北市中正區福和段二小段75、76地號等2筆土地	福和段二小段	75	75|76		2				變更(第三次)	3	權利變換	臺北市中正區兒童交通博物館附近更新地區水源路四五期整宅都市更新會	聖洪建築師事務所			中正區-福和段二小段-75地號等2筆	false	768
828	2019-01-31	108/1/31	中正區	中正區	變更(第二次)臺北市中正區福和段二小段75地號等2筆土地都市更新權利變換計畫(含釐正圖冊)案	變更(第二次)臺北市中正區福和段二小段75地號等2筆土地都市更新權利變換計畫(含釐正圖冊)案	臺北市中正區福和段二小段75、76地號等2筆土地	福和段二小段	75	75|76		2				變更(第二次)	2	權利變換	臺北市中正區兒童交通博物館附近更新地區水源路四五期整宅都市更新會	聖洪建築師事務所			中正區-福和段二小段-75地號等2筆	false	768
941	2017-11-21	106/11/21	中正區	中正區	變更臺北市中正區福和段二小段75地號等2筆土地都市更新權利變換計畫案	變更臺北市中正區福和段二小段75地號等2筆土地都市更新權利變換計畫案	臺北市中正區福和段二小段75、76地號等2筆土地	福和段二小段	75	75|76		2				變更	1	權利變換	臺北市中正區兒童交通博物館附近更新地區水源路四五期整宅都市更新會	聖洪建築師事務所			中正區-福和段二小段-75地號等2筆	false	768
1135	2014-04-23	103/4/23	中正區	中正區	擬訂臺北市中正區福和段二小段75地號等2筆土地(原水源路四、五期整宅)都市更新事業計畫及權利變換計畫案	擬訂臺北市中正區福和段二小段75地號等2筆土地(原水源路四、五期整宅)都市更新事業計畫及權利變換計畫案	臺北市中正區福和段二小段75、76地號等2筆土地	福和段二小段	75	75|76		2				擬訂	0	事業計畫、權利變換	臺北市中正區兒童交通博物館附近更新地區水源路四五期整宅都市更新會	聖洪建築師事務所			中正區-福和段二小段-75地號等2筆	false	768
824	2019-02-19	108/2/19	中正區	中正區	擬訂臺北市中正區臨沂段一小段396地號等3筆土地都市更新事業計畫案	擬訂臺北市中正區臨沂段一小段396地號等3筆土地都市更新事業計畫案	臺北市中正區臨沂段三小段396、397、404地號等3筆土地	臨沂段一小段	396	396|397|404		3				擬訂	0	事業計畫	僑福建設股份有限公司	邑相更新規劃股份有限公司		案名與地號段小段不一致(地號為臨沂段三小段)	中正區-臨沂段一小段-396地號等3筆	true	824
662	2020-06-24	109/6/24	中正區	中正區	擬訂臺北市中正區臨沂段一小段435地號等13筆土地都市更新事業概要案	擬訂臺北市中正區臨沂段一小段435地號等13筆土地都市更新事業概要案	臺北市中正區臨沂段一小段435、436、437、438、439、440、441、442、474、474-1、475、475-1、477-1地號等13筆土地	臨沂段一小段	435	435|436|437|438|439|440|441|442|474|474-1|475|475-1|477-1		13				擬訂	0	事業概要	弘千建設股份有限公司	園皓都市規劃有限公司			中正區-臨沂段一小段-435地號等13筆	true	662
106	2025-05-29	114/5/29	中正區	中正區	變更臺北市中正區臨沂段一小段495-4地號等9筆土地都市更新權利變換計畫案	變更臺北市中正區臨沂段一小段495-4地號等9筆土地都市更新權利變換計畫案	臺北市中正區臨沂段一小段495-4、497、498、499、500、501、521、522、523地號等9筆土地	臨沂段一小段	495-4	495-4|497|498|499|500|501|521|522|523		9				變更	1	權利變換	安家卓越股份有限公司	玉山創意行銷股份有限公司			中正區-臨沂段一小段-495-4地號等9筆	true	106
642	2020-08-21	109/8/21	中正區	中正區	擬訂臺北市中正區臨沂段一小段495-4地號等9筆土地都市更新權利變換計畫案	擬訂臺北市中正區臨沂段一小段495-4地號等9筆土地都市更新權利變換計畫案	臺北市中正區臨沂段一小段495-4、497、498、499、500、501、521、522、523地號等9筆土地	臨沂段一小段	495-4	495-4|497|498|499|500|501|521|522|523		9				擬訂	0	權利變換	安家卓越股份有限公司	鄭誌明建築師事務所			中正區-臨沂段一小段-495-4地號等9筆	false	106
883	2018-07-04	107/7/4	中正區	中正區	擬訂臺北市中正區臨沂段一小段495-4地號等9筆土地都市更新事業計畫案	擬訂臺北市中正區臨沂段一小段495-4地號等9筆土地都市更新事業計畫案	臺北市中正區臨沂段一小段495-4、497、498、499、500、501、521、522、523地號等9筆土地	臨沂段一小段	495-4	495-4|497|498|499|500|501|521|522|523		9				擬訂	0	事業計畫	安家卓越股份有限公司	鄭誌明建築師事務所			中正區-臨沂段一小段-495-4地號等9筆	false	106
1	2026-08-11	115/8/11	中正區	中正區	變更臺北市中正區臨沂段一小段507地號等3筆土地都市更新事業計畫及變更(第二次)權利變換計畫案	變更臺北市中正區臨沂段一小段507地號等3筆土地都市更新事業計畫及變更(第二次)權利變換計畫案	臺北市中正區臨沂段一小段507、511、512地號等3筆土地	臨沂段一小段	507	507|511|512		3				變更	1	事業計畫、權利變換	東綺建設股份有限公司	築璟都市更新有限公司			中正區-臨沂段一小段-507地號等3筆	true	1
189	2024-08-22	113/8/22	中正區	中正區	變更臺北市中正區臨沂段一小段507地號等3筆土地都市更新權利變換計畫案	變更臺北市中正區臨沂段一小段507地號等3筆土地都市更新權利變換計畫案	臺北市中正區臨沂段一小段507、511、512地號等3筆土地	臨沂段一小段	507	507|511|512		3				變更	1	權利變換	東綺建設股份有限公司	築璟都市更新有限公司			中正區-臨沂段一小段-507地號等3筆	false	1
484	2022-02-07	111/2/7	中正區	中正區	擬訂臺北市中正區臨沂段一小段507地號等3筆土地都市更新權利變換計畫案	擬訂臺北市中正區臨沂段一小段507地號等3筆土地都市更新權利變換計畫案	臺北市中正區臨沂段一小段507、511、512地號等3筆土地	臨沂段一小段	507	507|511|512		3				擬訂	0	權利變換	東綺建設股份有限公司臺北市北投區振興	翔宇國際開發顧問股份有限公司			中正區-臨沂段一小段-507地號等3筆	false	1
994	2017-03-21	106/3/21	中正區	中正區	擬訂臺北市中正區臨沂段一小段507地號等3筆土地都市更新事業計畫案	擬訂臺北市中正區臨沂段一小段507地號等3筆土地都市更新事業計畫案	臺北市中正區臨沂段一小段507、511、512地號等3筆土地	臨沂段一小段	507	507|511|512		3				擬訂	0	事業計畫	東綺建設股份有限公司	翔宇國際開發顧問股份有限公司			中正區-臨沂段一小段-507地號等3筆	false	1
121	2025-04-16	114/4/16	中正區	中正區	變更(第三次)臺北市中正區臨沂段三小段318地號等4筆土地都市更新權利變換計畫案	變更(第三次)臺北市中正區臨沂段三小段318地號等4筆土地都市更新權利變換計畫案	臺北市中正區臨沂段三小段318、319、320及321地號等4筆土地	臨沂段三小段	318	318|319		4				變更(第三次)	3	權利變換	耕薪都市更新股份有限公司	耕磊都市規劃股份有限公司			中正區-臨沂段三小段-318地號等4筆	true	121
171	2024-12-12	113/12/12	中正區	中正區	變更(第二次)臺北市中正區臨沂段三小段318地號等4筆土地都市更新權利變換計畫案	變更(第二次)臺北市中正區臨沂段三小段318地號等4筆土地都市更新權利變換計畫案	臺北市中正區臨沂段三小段318、319、320及321地號等4筆土地	臨沂段三小段	318	318|319		4				變更(第二次)	2	權利變換	耕薪都市更新股份有限公司	耕磊都市規劃股份有限公司			中正區-臨沂段三小段-318地號等4筆	false	121
363	2023-02-09	112/2/9	中正區	中正區	變更臺北市中正區臨沂段三小段318地號等4筆土地都市更新事業計畫及權利變換計畫案	變更臺北市中正區臨沂段三小段318地號等4筆土地都市更新事業計畫及權利變換計畫案	臺北市中正區臨沂段三小段318、319、320及321地號等4筆土地	臨沂段三小段	318	318|319		4				變更	1	事業計畫、權利變換	耕薪都市更新股份有限公司	耕磊都市規劃股份有限公司			中正區-臨沂段三小段-318地號等4筆	false	121
879	2018-07-19	107/7/19	中正區	中正區	擬訂臺北市中正區臨沂段三小段318地號等4筆土地都市更新事業計畫及權利變換計畫案	擬訂臺北市中正區臨沂段三小段318地號等4筆土地都市更新事業計畫及權利變換計畫案	臺北市中正區臨沂段三小段318、319、320及321地號等4筆土地	臨沂段三小段	318	318|319		4				擬訂	0	事業計畫、權利變換	耕薪都市更新股份有限公司	耕磊都市規劃股份有限公司			中正區-臨沂段三小段-318地號等4筆	false	121
988	2017-04-25	106/4/25	中正區	中正區	變更臺北市中正區臨沂段三小段370地號等16筆土地都市更新事業計畫案	變更臺北市中正區臨沂段三小段370地號等16筆土地都市更新事業計畫案	臺北市中正區臨沂段三小段370、370-1、370-2、370-3、370-4、370-5、371、371-1、371-2、386、386-1、386-2、386-3、386-4、386-5、386-6地號等16筆土地	臨沂段三小段	370	370|370-1|370-2|370-3|370-4|370-5|371|371-1|371-2|386|386-1|386-2|386-3|386-4|386-5|386-6		16				變更	1	事業計畫	中華工程股份有限公司	築璟都市更新有限公司			中正區-臨沂段三小段-370地號等16筆	true	988
1124	2014-09-02	103/9/2	中正區	中正區	擬訂臺北市中正區臨沂段三小段370地號等16筆土地都市更新事業計畫案	擬訂臺北市中正區臨沂段三小段370地號等16筆土地都市更新事業計畫案	臺北市中正區臨沂段三小段370、370-1、370-2、370-3、370-4、370-5、371、371-1、371-2、386、386-1、386-2、386-3、386-4、386-5、386-6地號等16筆土地	臨沂段三小段	370	370|370-1|370-2|370-3|370-4|370-5|371|371-1|371-2|386|386-1|386-2|386-3|386-4|386-5|386-6		16				擬訂	0	事業計畫	中華工程股份有限公司	築璟都市更新有限公司			中正區-臨沂段三小段-370地號等16筆	false	988
99	2025-07-22	114/7/22	中正區	中正區	擬訂臺北市中正區臨沂段三小段412地號等12筆(原11筆)土地都市更新事業計畫案_核定公告	擬訂臺北市中正區臨沂段三小段412地號等12筆(原11筆)土地都市更新事業計畫案_核定公告	臺北市中正區臨沂段三小段412、412-1、413、413-1、414、414-1、415、415-1、418、419、420、421地號等12筆土地	臨沂段三小段	412	412|412-1|413|413-1|414|414-1|415|415-1|418|419|420|421		12	11			擬訂	0	事業計畫	璞永建設股份有限公司	里美都市開發股份有限公司			中正區-臨沂段三小段-412地號等12筆	true	99
200	2024-07-18	113/7/18	中正區	中正區	擬訂臺北市中正區臨沂段二小段108地號等10筆土地(原9筆)都市更新事業計畫及權利變換計畫案	擬訂臺北市中正區臨沂段二小段108地號等10筆土地(原9筆)都市更新事業計畫及權利變換計畫案	臺北市中正區臨沂段二小段108、109、110、111、112、113、113-1、113-2、125-1、125-3地號等10筆土地	臨沂段二小段	108	108|109|110|111|112|113|113-1|113-2|125-1|125-3		10	9			擬訂	0	事業計畫、權利變換	震大建設股份有限公司	邑相更新規劃股份有限公司			中正區-臨沂段二小段-108地號等10筆	true	200
352	2023-03-21	112/3/21	中正區	中正區	變更臺北市中正區臨沂段二小段363地號等28筆土地都市更新權利變換計畫案	變更臺北市中正區臨沂段二小段363地號等28筆土地都市更新權利變換計畫案	臺北市中正區臨沂段二小段363、363-2、390-1、390-2、390-8、391、391-3、391-5、392-2、392-3、395、396、397、398、398-1、399、400、401、402、403、403-3、404、404-2、405、406、407、408、409地號等28筆土地	臨沂段二小段	363	363|363-2|390-1|390-2|390-8|391|391-3|391-5|392-2|392-3|395|396|397|398|398-1|399|400|401|402|403|403-3|404|404-2|405|406|407|408|409		28				變更	1	權利變換	正隆股份有限公司奇模工程有限公司				中正區-臨沂段二小段-363地號等28筆	true	352
948	2017-10-20	106/10/20	中正區	中正區	變更臺北市中正區臨沂段二小段363地號等28筆土地都市更新事業計畫案	變更臺北市中正區臨沂段二小段363地號等28筆土地都市更新事業計畫案	臺北市中正區臨沂段二小段363、363-2、390-1、390-2、390-8、391、391-3、391-5、392-2、392-3、395、396、397、398、398-1、399、400、401、402、403、403-3、404、404-2、405、406、407、408、409地號等28筆土地	臨沂段二小段	363	363|363-2|390-1|390-2|390-8|391|391-3|391-5|392-2|392-3|395|396|397|398|398-1|399|400|401|402|403|403-3|404|404-2|405|406|407|408|409		28				變更	1	事業計畫	正隆股份有限公司奇模工程有限公司				中正區-臨沂段二小段-363地號等28筆	false	352
1332	2008-11-12	97/11/12	中正區	中正區	擬訂臺北市中正區臨沂段二小段363地號等27筆土地都市更新事業計畫案	擬訂臺北市中正區臨沂段二小段363地號等27筆土地都市更新事業計畫案	臺北市中正區臨沂段二小段363、363-2、390-1、390-8、391、391-3、391-5、392-2、392-3、395、396、397、398、398-1、399、400、401、402、403、403-3、404、405、406、407、408、409地號等27筆土地	臨沂段二小段	363	363|363-2|390-1|390-8|391|391-3|391-5|392-2|392-3|395|396|397|398|398-1|399|400|401|402|403|403-3|404|405|406|407|408|409		27				擬訂	0	事業計畫	正隆股份有限公司奇模工程有限公司				中正區-臨沂段二小段-363地號等28筆	false	352
289	2023-10-17	112/10/17	中正區	中正區	變更(第三次)臺北市中正區臨沂段四小段21地號等14筆土地都市更新權利變換計畫案(含釐正圖冊)	變更(第三次)臺北市中正區臨沂段四小段21地號等14筆土地都市更新權利變換計畫案(含釐正圖冊)	臺北市中正區臨沂段四小段21、26、27、28、29、32、32-1、33、34、35、36、36-1、39、39-1地號等14筆土地	臨沂段四小段	21	21|26|27|28|29|32|32-1|33|34|35|36|36-1|39|39-1		14				變更(第三次)	3	權利變換	璞慧建設股份有限公司	台北再開發規劃股份有限公司			中正區-臨沂段四小段-21地號等14筆	true	289
319	2023-06-14	112/6/14	中正區	中正區	變更(第二次)臺北市中正區臨沂段四小段21地號等14筆土地都市更新權利變換計畫案	變更(第二次)臺北市中正區臨沂段四小段21地號等14筆土地都市更新權利變換計畫案	臺北市中正區臨沂段四小段21、26、27、28、29、32、32-1、33、34、35、36、36-1、39、39-1地號等14筆土地	臨沂段四小段	21	21|26|27|28|29|32|32-1|33|34|35|36|36-1|39|39-1		14				變更(第二次)	2	權利變換	璞慧建設股份有限公司	台北再開發規劃股份有限公司			中正區-臨沂段四小段-21地號等14筆	false	289
744	2019-11-07	108/11/7	中正區	中正區	變更(第二次)臺北市中正區臨沂段四小段21地號等14筆土地都市更新事業計畫及變更權利變換計畫案	變更(第二次)臺北市中正區臨沂段四小段21地號等14筆土地都市更新事業計畫及變更權利變換計畫案	臺北市中正區臨沂段四小段21、26、27、28、29、32、32-1、33、34、35、36、36-1、39、39-1地號等14筆土地	臨沂段四小段	21	21|26|27|28|29|32|32-1|33|34|35|36|36-1|39|39-1		14				變更(第二次)	2	事業計畫、權利變換	璞慧建設股份有限公司	台北再開發規劃股份有限公司			中正區-臨沂段四小段-21地號等14筆	false	289
915	2018-03-06	107/3/6	中正區	中正區	變更臺北市中正區臨沂段四小段21地號等14筆土地都市更新事業計畫及擬訂權利變換計畫案	變更臺北市中正區臨沂段四小段21地號等14筆土地都市更新事業計畫及擬訂權利變換計畫案	臺北市中正區臨沂段四小段21、26、27、28、29、32、32-1、33、34、35、36、36-1、39、39-1地號等14筆土地	臨沂段四小段	21	21|26|27|28|29|32|32-1|33|34|35|36|36-1|39|39-1		14				變更	1	事業計畫、權利變換	璞慧建設股份有限公司	台北再開發規劃股份有限公司			中正區-臨沂段四小段-21地號等14筆	false	289
1137	2014-03-04	103/3/4	中正區	中正區	擬訂臺北市中正區臨沂段四小段21地號等14筆土地都市更新事業計畫案	擬訂臺北市中正區臨沂段四小段21地號等14筆土地都市更新事業計畫案	臺北市中正區臨沂段四小段21、26、27、28、29、32、32-1、33、34、35、36、36-1、39、39-1地號等14筆土地	臨沂段四小段	21	21|26|27|28|29|32|32-1|33|34|35|36|36-1|39|39-1		14				擬訂	0	事業計畫	璞慧建設股份有限公司	台北再開發規劃股份有限公司			中正區-臨沂段四小段-21地號等14筆	false	289
97	2025-07-30	114/7/30	信義區	信義區	變更臺北市信義區三興段一小段972地號等9筆土地都市更新權利變換計畫案	變更臺北市信義區三興段一小段972地號等9筆土地都市更新權利變換計畫案	臺北市信義區三興段一小段972、973、974、975、976、977、978、979、981地號等9筆土地	三興段一小段	972	972|973|974|975|976|977|978|979|981		9				變更	1	權利變換	臺北市住宅及都市更新推動中心	邑相更新規劃股份有限公司			信義區-三興段一小段-972地號等9筆	true	97
596	2021-01-19	110/1/19	信義區	信義區	擬訂臺北市信義區三興段一小段972地號等9筆土地都市更新事業計畫及權利變換計畫案	擬訂臺北市信義區三興段一小段972地號等9筆土地都市更新事業計畫及權利變換計畫案	臺北市信義區三興段一小段972、973、974、975、976、977、978、979、981地號等9筆土地	三興段一小段	972	972|973|974|975|976|977|978|979|981		9				擬訂	0	事業計畫、權利變換	財團法人臺北市都市更新推動中心	邑相更新規劃股份有限公司			信義區-三興段一小段-972地號等9筆	false	97
264	2023-12-20	112/12/20	信義區	信義區	擬訂臺北市信義區信義段二小段142地號等11筆土地都市更新事業計畫案	擬訂臺北市信義區信義段二小段142地號等11筆土地都市更新事業計畫案	臺北市信義區信義段二小段142、143、144、145、157、158、159、160、161、162、163地號等11筆土地	信義段二小段	142	142|143|144|145|157|158|159|160|161|162|163		11				擬訂	0	事業計畫	璞慧建設股份有限公司	台北再開發規劃股份有限公司			信義區-信義段二小段-142地號等11筆	true	264
360	2023-02-14	112/2/14	信義區	信義區	擬訂臺北市信義區信義段五小段38地號1筆土地都市更新事業概要案	擬訂臺北市信義區信義段五小段38地號1筆土地都市更新事業概要案	臺北市信義區信義段五小段38地號1筆土地	信義段五小段	38	38		1				擬訂	0	事業概要	胥小蝶	財團法人都市更新研究發展基金會			信義區-信義段五小段-38地號等1筆	true	360
533	2021-09-15	110/9/15	信義區	信義區	擬訂臺北市信義區吳興一小段330地號等43筆土地都市更新事業計畫及權利變換計畫案	擬訂臺北市信義區吳興一小段330地號等43筆土地都市更新事業計畫及權利變換計畫案	臺北市信義區吳興一小段330、331、332、333、334、335、336、337、338、339、340、341、342、343、344、345、346、347、348、349、350、351、352、353、354、355、356、357、358、359、360、354-3、361、361-1、362、391、440、441、442、442-1、446、448、451地號等43筆土地	吳興一小段	330	330|331|332|333|334|335|336|337|338|339|340|341|342|343|344|345|346|347|348|349|350|351|352|353|354|355|356|357|358|359|360|354-3|361|361-1|362|391|440|441|442|442-1|446|448|451		43				擬訂	0	事業計畫、權利變換	欣偉傑建設股份有限公司	園皓都市規劃有限公司			信義區-吳興一小段-330地號等43筆	true	533
503	2021-12-21	110/12/21	信義區	信義區	變更臺北市信義區吳興段三小段196地號等17筆土地都市更新權利變換計畫案	變更臺北市信義區吳興段三小段196地號等17筆土地都市更新權利變換計畫案	臺北市信義區吳興段三小段196、197、198、199、200、201、202、205、206、207、210、211、212、213、214、215、216地號等17筆土地	吳興段三小段	196	196|197|198|199|200|201|202|205|206|207|210|211|212|213|214|215|216		17				變更	1	權利變換	昇陽建設企業股份有限公司	程煦實業有限公司			信義區-吳興段三小段-196地號等17筆	true	503
696	2020-03-11	109/3/11	信義區	信義區	擬訂臺北市信義區吳興段三小段196地號等17筆土地都市更新權利變換計畫案	擬訂臺北市信義區吳興段三小段196地號等17筆土地都市更新權利變換計畫案	臺北市信義區吳興段三小段196、197、198、199、200、201、202、205、206、207、210、211、212、213、214、215、216地號等17筆土地	吳興段三小段	196	196|197|198|199|200|201|202|205|206|207|210|211|212|213|214|215|216		17				擬訂	0	權利變換	立偕建設股份有限公司	立偕建設股份有限公司			信義區-吳興段三小段-196地號等17筆	false	503
897	2018-05-15	107/5/15	信義區	信義區	擬訂臺北市信義區吳興段三小段196地號等17筆土地都市更新事業計畫案	擬訂臺北市信義區吳興段三小段196地號等17筆土地都市更新事業計畫案	臺北市信義區吳興段三小段196、197、198、199、200、201、202、205、206、207、210、211、212、213、214、215、216地號等17筆	吳興段三小段	196	196|197|198|199|200|201|202|205|206|207|210|211|212|213|214|215|216		17				擬訂	0	事業計畫	立偕建設股份有限公司	立偕建設股份有限公司			信義區-吳興段三小段-196地號等17筆	false	503
1139	2014-02-27	103/2/27	信義區	信義區	擬訂臺北市信義區吳興段三小段196地號等17筆土地都市更新事業計畫案	擬訂臺北市信義區吳興段三小段196地號等17筆土地都市更新事業計畫案	臺北市信義區吳興段三小段196、197、198、199、200、201、202、205、206、207、210、211、212、213、214、215、216地號等17筆土地	吳興段三小段	196	196|197|198|199|200|201|202|205|206|207|210|211|212|213|214|215|216		17				擬訂	0	事業計畫	立偕建設股份有限公司	聖洪建築師事務所			信義區-吳興段三小段-196地號等17筆	false	503
694	2020-03-19	109/3/1９	信義區	信義區	變更(第二次)臺北市信義區吳興街二期整宅地區都市更新事業計畫及變更權利變換計畫案	變更(第二次)臺北市信義區吳興街二期整宅地區都市更新事業計畫及變更權利變換計畫案	臺北市信義區吳興段二小段163-2、247地號等2筆土地	吳興段二小段	163-2	163-2|247		2				變更(第二次)	2	事業計畫、權利變換	信義區吳興街二期整宅地區都市更新會	聖洪建築師事務所、里成都市更新股份有限公司			信義區-吳興段二小段-163-2地號等2筆	true	694
1312	2009-06-10	98/6/10	信義區	信義區	變更臺北市信義區吳興段二小段247地號等2筆土地(原吳興街二期整宅地區)都市更新事業計畫及擬訂權利變換計畫案	變更臺北市信義區吳興段二小段247地號等2筆土地(原吳興街二期整宅地區)都市更新事業計畫及擬訂權利變換計畫案	地號等83筆土地臺北市信義區吳興段二小段163-2、247地號等2筆土地	吳興段二小段	247	163-2|247		2				變更	1	事業計畫、權利變換	信義區吳興街二期整宅地區都市更新會	胡宗雄建築師事務所			信義區-吳興段二小段-163-2地號等2筆	false	694
1407	2004-06-24	93/6/24	信義區	信義區	擬訂臺北市信義區吳興段二小段247地號等2筆土地(原吳興街二期整宅地區)都市更新事業計畫案	擬訂臺北市信義區吳興段二小段247地號等2筆土地(原吳興街二期整宅地區)都市更新事業計畫案	臺北市信義區吳興段二小段163-2、247地號等2筆土地	吳興段二小段	247	163-2|247		2				擬訂	0	事業計畫	信義區吳興街二期整宅地區都市更新會	胡宗雄建築師事務所			信義區-吳興段二小段-163-2地號等2筆	false	694
1153	2013-12-10	102/12/10	信義區	信義區	變更(第二次)臺北市信義區吳興段二小段790-6地號等29筆土地都市更新事業計畫案	變更(第二次)臺北市信義區吳興段二小段790-6地號等29筆土地都市更新事業計畫案	臺北市信義區吳興段二小段790-6、804-1、805-1、806-1、806-2、806-3、806-4、806-5、806-9、806-10、806-11、806-12、806-13、806-14、806-15、806-16、806-17、811-5、811-6、811-7、811-9、811-10、811-11、871-2、871-6、871-7、871-35、871-36、871-37地號等29筆土地	吳興段二小段	790-6	790-6|804-1|805-1|806-1|806-2|806-3|806-4|806-5|806-9|806-10|806-11|806-12|806-13|806-14|806-15|806-16|806-17|811-5|811-6|811-7|811-9|811-10|811-11|871-2|871-6|871-7|871-35|871-36|871-37		29				變更(第二次)	2	事業計畫	東騰開發股份有限公司	邑相更新規劃股份有限公司			信義區-吳興段二小段-790-6地號等29筆	true	1153
1224	2012-06-11	101/6/11	信義區	信義區	變更臺北市信義區吳興段二小段790-6地號等29筆土地都市更新事業計畫案	變更臺北市信義區吳興段二小段790-6地號等29筆土地都市更新事業計畫案	臺北市信義區吳興段二小段790-6、804-1、805-1、806-1、806-2、806-3、806-4、806-5、806-9、806-10、806-11、806-12、806-13、806-14、806-15、806-16、806-17、811-5、811-6、811-7、811-9、811-10、811-11、871-2、871-6、871-7、871-35、871-36、871-37地號等29筆土地	吳興段二小段	790-6	790-6|804-1|805-1|806-1|806-2|806-3|806-4|806-5|806-9|806-10|806-11|806-12|806-13|806-14|806-15|806-16|806-17|811-5|811-6|811-7|811-9|811-10|811-11|871-2|871-6|871-7|871-35|871-36|871-37		29				變更	1	事業計畫	凱泰建設股份有限公司	亞門工程顧問有限公司			信義區-吳興段二小段-790-6地號等29筆	false	1153
1254	2011-04-07	100/4/7	信義區	信義區	擬訂臺北市信義區吳興段二小段790-6地號等29筆土地都市更新事業計畫案	擬訂臺北市信義區吳興段二小段790-6地號等29筆土地都市更新事業計畫案	臺北市信義區吳興段二小段790-6、804-1、805-1、806-1、806-2、806-3、806-4、806-5、806-9、806-10、806-11、806-12、806-13、806-14、806-15、806-16、806-17、811-5、811-6、811-7、811-9、811-10、811-11、871-2、871-6、871-7、871-35、871-36、871-37地號等29筆土地	吳興段二小段	790-6	790-6|804-1|805-1|806-1|806-2|806-3|806-4|806-5|806-9|806-10|806-11|806-12|806-13|806-14|806-15|806-16|806-17|811-5|811-6|811-7|811-9|811-10|811-11|871-2|871-6|871-7|871-35|871-36|871-37		29				擬訂	0	事業計畫	凱泰建設股份有限公司	雅門工程顧問有限公司			信義區-吳興段二小段-790-6地號等29筆	false	1153
978	2017-07-04	106/7/4	信義區	信義區	變更(第三次)臺北市信義區吳興段二小段790-6地號等4筆(原29筆)土地都市更新事業計畫案	變更(第三次)臺北市信義區吳興段二小段790-6地號等4筆(原29筆)土地都市更新事業計畫案	臺北市信義區吳興段二小段790-6、790-14、790-15、790-16地號等4筆土地	吳興段二小段	790-6	790-6|790-14|790-15|790-16		4	29			變更(第三次)	3	事業計畫	東騰開發股份有限公司	邑相更新規劃股份有限公司			信義區-吳興段二小段-790-6地號等4筆	true	978
471	2022-03-30	111/3/30	信義區	信義區	擬訂臺北市信義區吳興段二小段871-13地號等4筆土地都市更新事業計畫及權利變換計畫案	擬訂臺北市信義區吳興段二小段871-13地號等4筆土地都市更新事業計畫及權利變換計畫案	臺北市信義區吳興段二小段871-13、871-14、884-5、884-6地號等4筆土地	吳興段二小段	871-13	871-13|871-14|884-5|884-6		4				擬訂	0	事業計畫、權利變換	凱泰建設股份有限公司	一心不動產管理顧問有限公司			信義區-吳興段二小段-871-13地號等4筆	true	471
970	2017-07-25	106/7/25	信義區	信義區	變更臺北市信義區永吉段一小段119-1地號等8筆(原17筆)土地都市更新事業計畫案	變更臺北市信義區永吉段一小段119-1地號等8筆(原17筆)土地都市更新事業計畫案	臺北市信義區永吉段一小段119-1、122、122-1、122-2、123、124、127、236地號等8筆土地	永吉段一小段	119-1	119-1|122|122-1|122-2|123|124|127|236		8	17			變更	1	事業計畫	達麗建設事業股份有限公司	安邦工程顧問股份有限公司			信義區-永吉段一小段-119-1地號等8筆	true	970
1092	2015-07-15	104/7/15	信義區	信義區	擬訂臺北市信義區永吉段一小段119-1地號等17筆土地都市更新事業計畫案	擬訂臺北市信義區永吉段一小段119-1地號等17筆土地都市更新事業計畫案	臺北市信義區永吉段一小段119-1、120、120-1、120-2、122、122-1、123、124、125、126、127、128、129、130、130-1、236、296-5地號等17筆土地	永吉段一小段	119-1	119-1|120|120-1|120-2|122|122-1|123|124|125|126|127|128|129|130|130-1|236|296-5		17				擬訂	0	事業計畫	達麗建設事業股份有限公司	安邦工程顧問股份有限公司			信義區-永吉段一小段-119-1地號等8筆	false	970
43	2026-03-18	115/3/18	信義區	信義區	擬訂臺北市信義區永吉段三小段148地號等32筆土地都市更新事業計畫案	擬訂臺北市信義區永吉段三小段148地號等32筆土地都市更新事業計畫案	臺北市信義區永吉段三小段148、149、153、155、156、159、160、161、162、163、164、165、166、167、168、169、170、171、172、173、174、175、176、177、178、179、180、181、182、183、184、187地號等32筆土地	永吉段三小段	148	148|149|153|155|156|159|160|161|162|163|164|165|166|167|168|169|170|171|172|173|174|175|176|177|178|179|180|181|182|183|184|187		32				擬訂	0	事業計畫	永慶國際企業股份有限公司	冠霖不動產顧問股份有限公司			信義區-永吉段三小段-148地號等32筆	true	43
86	2025-09-18	114/9/18	信義區	信義區	變更臺北市信義區永吉段三小段869-3地號等13筆土地都市更新權利變換計畫案	變更臺北市信義區永吉段三小段869-3地號等13筆土地都市更新權利變換計畫案	臺北市信義區永吉段三小段869-3、869-4、869-7、869-8、875、875-2、875-5、875-6、875-7、875-8、875-9、875-10、876地號等13筆土地	永吉段三小段	869-3	869-3|869-4|869-7|869-8|875|875-2|875-5|875-6|875-7|875-8|875-9|875-10|876		13				變更	1	權利變換	國家住宅及都市更新中心	財團法人都市更新研究發展基金會			信義區-永吉段三小段-869-3地號等13筆	true	86
524	2021-10-28	110/10/28	信義區	信義區	擬訂臺北市信義區永吉段三小段869-3地號等13筆土地都市更新事業計畫及權利變換計畫案	擬訂臺北市信義區永吉段三小段869-3地號等13筆土地都市更新事業計畫及權利變換計畫案	擬訂臺北市信義區永吉段三小段869-3、869-4、869-7、869-8、875、875-2、875-5、875-6、875-7、875-8、875-9、875-10、876地號等13筆土地	永吉段三小段	869-3	869-3|869-4|869-7|869-8|875|875-2|875-5|875-6|875-7|875-8|875-9|875-10|876		13				擬訂	0	事業計畫、權利變換	國家住宅及都市更新中心	財團法人都市更新研究發展基金會			信義區-永吉段三小段-869-3地號等13筆	false	86
432	2022-08-10	111/8/10	信義區	信義區	擬訂臺北市信義區永吉段二小段33-2地號等2筆土地都市更新權利變換計畫案	擬訂臺北市信義區永吉段二小段33-2地號等2筆土地都市更新權利變換計畫案	臺北市信義區永吉段二小段33-2、33-5地號等2筆土地	永吉段二小段	33-2	33-2|33-5		2				擬訂	0	權利變換	昇陽建設企業股份有限公司	園皓都市規劃有限公司			信義區-永吉段二小段-33-2地號等2筆	true	432
1215	2012-10-12	101/10/12	信義區	信義區	擬訂臺北市信義區永吉段二小段33-2地號等2筆土地都市更新事業計畫案	擬訂臺北市信義區永吉段二小段33-2地號等2筆土地都市更新事業計畫案	臺北市信義區永吉段二小段33-2、33-5地號等2筆土地	永吉段二小段	33-2	33-2|33-5		2				擬訂	0	事業計畫	昇陽建設企業股份有限公司	大展資產顧問股份有限公司			信義區-永吉段二小段-33-2地號等2筆	false	432
375	2022-12-29	111/12/29	信義區	信義區	變更(第三次)臺北市信義區永吉段二小段376地號等30筆土地都市更新權利變換計畫案	變更(第三次)臺北市信義區永吉段二小段376地號等30筆土地都市更新權利變換計畫案	臺北市信義區永吉段二小段376、377、378、379、380、381、382、383、384、385、386、386-1、389、389-1、390、390-1、393、393-1、394、394-1、397、397-1、398、398-1、401、401-1、402、402-1、405、405-1地號等30筆土地	永吉段二小段	376	376|377|378|379|380|381|382|383|384|385|386|386-1|389|389-1|390|390-1|393|393-1|394|394-1|397|397-1|398|398-1|401|401-1|402|402-1|405|405-1		30				變更(第三次)	3	權利變換	璞真建設股份有限公司	規模工程顧問有限公司			信義區-永吉段二小段-376地號等30筆	true	375
427	2022-08-25	111/8/25	信義區	信義區	變更(第二次)臺北市信義區永吉段二小段376地號等30筆土地都市更新權利變換計畫案	變更(第二次)臺北市信義區永吉段二小段376地號等30筆土地都市更新權利變換計畫案	臺北市信義區永吉段二小段376、377、378、379、380、381、382、383、384、385、386、386-1、389、389-1、390、390-1、393、393-1、394、394-1、397、397-1、398、398-1、401、401-1、402、402-1、405、405-1地號等30筆土地	永吉段二小段	376	376|377|378|379|380|381|382|383|384|385|386|386-1|389|389-1|390|390-1|393|393-1|394|394-1|397|397-1|398|398-1|401|401-1|402|402-1|405|405-1		30				變更(第二次)	2	權利變換	璞真建設股份有限公司	規模工程顧問有限公司			信義區-永吉段二小段-376地號等30筆	false	375
481	2022-02-17	111/2/17	信義區	信義區	變更(第二次)臺北市信義區永吉段二小段376地號等30筆土地都市更新事業計畫及變更權利變換計畫案	變更(第二次)臺北市信義區永吉段二小段376地號等30筆土地都市更新事業計畫及變更權利變換計畫案	臺北市信義區永吉段二小段376、377、378、379、380、381、382、383、384、385、386、386-1、389、389-1、390、390-1、393、393-1、394、394-1、397、397-1、398、398-1、401、401-1、402、402-1、405、405-1地號等30筆土地	永吉段二小段	376	376|377|378|379|380|381|382|383|384|385|386|386-1|389|389-1|390|390-1|393|393-1|394|394-1|397|397-1|398|398-1|401|401-1|402|402-1|405|405-1		30				變更(第二次)	2	事業計畫、權利變換	璞真建設股份有限公司	規模工程顧問有限公司			信義區-永吉段二小段-376地號等30筆	false	375
894	2018-05-22	107/5/22	信義區	信義區	變更臺北市信義區永吉段二小段376地號等30筆土地都市更新事業計畫及擬訂權利變換計畫案	變更臺北市信義區永吉段二小段376地號等30筆土地都市更新事業計畫及擬訂權利變換計畫案	臺北市信義區永吉段二小段376、377、378、379、380、381、382、383、384、385、386、386-1、389、389-1、390、390-1、393、393-1、394、394-1、397、397-1、398、398-1、401、401-1、402、402-1、405、405-1地號等30筆土地	永吉段二小段	376	376|377|378|379|380|381|382|383|384|385|386|386-1|389|389-1|390|390-1|393|393-1|394|394-1|397|397-1|398|398-1|401|401-1|402|402-1|405|405-1		30				變更	1	事業計畫、權利變換	璞真建設股份有限公司	規模工程顧問有限公司			信義區-永吉段二小段-376地號等30筆	false	375
1074	2015-11-24	104/11/24	信義區	信義區	擬訂臺北市信義區永吉段二小段376地號等30筆土地都市更新事業計畫案	擬訂臺北市信義區永吉段二小段376地號等30筆土地都市更新事業計畫案	臺北市信義區永吉段二小段376、377、378、379、380、381、382、383、384、385、386、386-1、389、389-1、390、390-1、393、393-1、394、394-1、397、397-1、398、398-1、401、401-1、402、402-1、405、405-1地號等30筆土地	永吉段二小段	376	376|377|378|379|380|381|382|383|384|385|386|386-1|389|389-1|390|390-1|393|393-1|394|394-1|397|397-1|398|398-1|401|401-1|402|402-1|405|405-1		30				擬訂	0	事業計畫	璞真建設股份有限公司	規模工程顧問股份有限公司			信義區-永吉段二小段-376地號等30筆	false	375
101	2025-07-02	114/7/2	信義區	信義區	變更(第三次)臺北市信義區永吉段四小段105地號等7筆土地都市更新權利變換計畫(含釐正圖冊)案	變更(第三次)臺北市信義區永吉段四小段105地號等7筆土地都市更新權利變換計畫(含釐正圖冊)案	臺北市信義區永吉段四小段105、106、107、108、109、129、130等7筆土地	永吉段四小段	105	105|106|107|108|109|129		7				變更(第三次)	3	權利變換	僑馥建築經理股份有限公司	大展資產顧問股份有限公司			信義區-永吉段四小段-105地號等7筆	true	101
214	2024-05-29	113/5/29	信義區	信義區	變更(第二次)臺北市信義區永吉段四小段105地號等7筆土地都市更新權利變換計畫案	變更(第二次)臺北市信義區永吉段四小段105地號等7筆土地都市更新權利變換計畫案	臺北市信義區永吉段四小段105、106、107、108、109、129、130等7筆土地	永吉段四小段	105	105|106|107|108|109|129		7				變更(第二次)	2	權利變換	僑馥建築經理股份有限公司	大展資產顧問股份有限公司			信義區-永吉段四小段-105地號等7筆	false	101
627	2020-09-16	109/9/16	信義區	信義區	變更臺北市信義區永吉段四小段105地號等7筆土地都市更新事業計畫及權利變換計畫案	變更臺北市信義區永吉段四小段105地號等7筆土地都市更新事業計畫及權利變換計畫案	臺北市信義區永吉段四小段105、106、107、108、109、129、130等7筆土地	永吉段四小段	105	105|106|107|108|109|129		7				變更	1	事業計畫、權利變換	僑馥建築經理股份有限公司	大展資產顧問股份有限公司			信義區-永吉段四小段-105地號等7筆	false	101
845	2018-12-18	107/12/18	信義區	信義區	擬訂臺北市信義區永吉段四小段105地號等7筆土地都市更新事業計畫及權利變換計畫案	擬訂臺北市信義區永吉段四小段105地號等7筆土地都市更新事業計畫及權利變換計畫案	臺北市信義區永吉段四小段105、106、107、108、109、129、130等7筆土地	永吉段四小段	105	105|106|107|108|109|129		7				擬訂	0	事業計畫、權利變換	東其建設股份有限公司	大展資產顧問股份有限公司			信義區-永吉段四小段-105地號等7筆	false	101
530	2021-09-23	110/9/23	信義區	信義區	變更(第二次)臺北市信義區永吉段四小段44地號等26筆土地都市更新權利變換計畫(變更釐正圖冊)案	變更(第二次)臺北市信義區永吉段四小段44地號等26筆土地都市更新權利變換計畫(變更釐正圖冊)案	臺北市信義區永吉段四小段44、44-1、44-2、44-3、44-4、44-5、44-6、44-7、44-8、44-9、44-10、44-11、44-12、44-13、44-14、44-15、44-16、44-17、44-19、44-20、44-21、45、46、47、48、49地號等26筆土地	永吉段四小段	44	44|44-1|44-2|44-3|44-4|44-5|44-6|44-7|44-8|44-9|44-10|44-11|44-12|44-13|44-14|44-15|44-16|44-17|44-19|44-20|44-21|45|46|47|48|49		26				變更(第二次)	2	權利變換	森業營造股份有限公司	梁正芳建築師事務所			信義區-永吉段四小段-44地號等26筆	true	530
577	2021-03-24	110/3/24	信義區	信義區	變更(第二次)臺北市信義區永吉段四小段44地號等26筆土地都市更新權利變換計畫案	變更(第二次)臺北市信義區永吉段四小段44地號等26筆土地都市更新權利變換計畫案	臺北市信義區永吉段四小段44、44-1、44-2、44-3、44-4、44-5、44-6、44-7、44-8、44-9、44-10、44-11、44-12、44-13、44-14、44-15、44-16、44-17、44-19、44-20、44-21、45、46、47、48、49地號等26筆土地	永吉段四小段	44	44|44-1|44-2|44-3|44-4|44-5|44-6|44-7|44-8|44-9|44-10|44-11|44-12|44-13|44-14|44-15|44-16|44-17|44-19|44-20|44-21|45|46|47|48|49		26				變更(第二次)	2	權利變換	森業營造股份有限公司	梁正芳建築師事務所			信義區-永吉段四小段-44地號等26筆	false	530
921	2018-01-25	107/1/25	信義區	信義區	變更(第二次)臺北市信義區永吉段四小段44地號等26筆土地都市更新事業及變更權利變換計畫案	變更(第二次)臺北市信義區永吉段四小段44地號等26筆土地都市更新事業及變更權利變換計畫案	臺北市信義區永吉段四小段44、44-1、44-2、44-3、44-4、44-5、44-6、44-7、44-8、44-9、44-10、44-11、44-12、44-13、44-14、44-15、44-16、44-17、44-19、44-20、44-21、45、46、47、48、49地號等26筆	永吉段四小段	44	44|44-1|44-2|44-3|44-4|44-5|44-6|44-7|44-8|44-9|44-10|44-11|44-12|44-13|44-14|44-15|44-16|44-17|44-19|44-20|44-21|45|46|47|48|49		26				變更(第二次)	2	權利變換	森業營造股份有限公司	梁正芳建築師事務所			信義區-永吉段四小段-44地號等26筆	false	530
1113	2015-01-29	104/1/29	信義區	信義區	變更(第二次)臺北市信義區永吉段四小段44地號等26筆土地都市更新事業計畫及變更權利變換計畫案	變更(第二次)臺北市信義區永吉段四小段44地號等26筆土地都市更新事業計畫及變更權利變換計畫案	臺北市信義區永吉段四小段44、44-1、44-2、44-3、44-4、44-5、44-6、44-7、44-8、44-9、44-10、44-11、44-12、44-13、44-14、44-15、44-16、44-17、44-19、44-20、44-21、45、46、47、48、49地號等26筆土地	永吉段四小段	44	44|44-1|44-2|44-3|44-4|44-5|44-6|44-7|44-8|44-9|44-10|44-11|44-12|44-13|44-14|44-15|44-16|44-17|44-19|44-20|44-21|45|46|47|48|49		26				變更(第二次)	2	事業計畫、權利變換	森業營造股份有限公司	梁正芳建築師事務所			信義區-永吉段四小段-44地號等26筆	false	530
1336	2008-09-05	97/9/5	信義區	信義區	變更臺北市信義區永吉段四小段44地號等26筆土地都市更新事業計畫及擬訂權利變換計畫案	變更臺北市信義區永吉段四小段44地號等26筆土地都市更新事業計畫及擬訂權利變換計畫案	臺北市信義區永吉段四小段44、44-1、44-2、44-3、44-4、44-5、44-6、44-7、44-8、44-9、44-10、44-11、44-12、44-13、44-14、44-15、44-16、44-17、44-19、44-20、44-21、45、46、47、48、49地號等26筆土地	永吉段四小段	44	44|44-1|44-2|44-3|44-4|44-5|44-6|44-7|44-8|44-9|44-10|44-11|44-12|44-13|44-14|44-15|44-16|44-17|44-19|44-20|44-21|45|46|47|48|49		26				變更	1	事業計畫、權利變換	萬宇開發股份有限公司	梁正芳建築師事務所			信義區-永吉段四小段-44地號等26筆	false	530
1400	2005-02-16	94/2/16	信義區	信義區	擬訂臺北市信義區永吉段四小段44地號等26筆土地都市更新事業計畫案	擬訂臺北市信義區永吉段四小段44地號等26筆土地都市更新事業計畫案	臺北市信義區永吉段四小段44、44-1、44-2、44-3、44-4、44-5、44-6、44-7、44-8、44-9、44-10、44-11、44-12、44-13、44-14、44-15、44-16、44-17、44-19、44-20、44-21、45、46、47、48、49地號等26筆土地	永吉段四小段	44	44|44-1|44-2|44-3|44-4|44-5|44-6|44-7|44-8|44-9|44-10|44-11|44-12|44-13|44-14|44-15|44-16|44-17|44-19|44-20|44-21|45|46|47|48|49		26				擬訂	0	事業計畫	萬宇開發股份有限公司	梁正芳建築師事務所			信義區-永吉段四小段-44地號等26筆	false	530
178	2024-11-14	113/11/14	信義區	信義區	變更(第二次)臺北市信義區永春段三小段22-7地號3筆土地都市更新權利變換計畫案	變更(第二次)臺北市信義區永春段三小段22-7地號3筆土地都市更新權利變換計畫案	臺北市信義區永春段三小段22-7、22-8、22-14地號3筆土地	永春段三小段	22-7	22-7|22-8|22-14		3				變更(第二次)	2	權利變換	臺北市信義區永春段三小段22-7地號等3筆土地更新單元都市更新會	上築國際規劃設計顧問有限公司			信義區-永春段三小段-22-7地號等3筆	true	178
217	2024-05-22	113/5/22	信義區	信義區	變更臺北市信義區永春段三小段22-7地號3筆土地都市更新事業計畫及權利變換計畫案	變更臺北市信義區永春段三小段22-7地號3筆土地都市更新事業計畫及權利變換計畫案	臺北市信義區永春段三小段22-7、22-8、22-14地號3筆土地	永春段三小段	22-7	22-7|22-8|22-14		3				變更	1	事業計畫、權利變換	臺北市信義區永春段三小段22-7地號等3筆土地更新單元都市更新會	上築國際規劃設計顧問有限公司			信義區-永春段三小段-22-7地號等3筆	false	178
754	2019-10-09	108/10/9	信義區	信義區	擬訂臺北市信義區永春段三小段22-7地號3筆土地都市更新事業計畫及權利變換計畫案	擬訂臺北市信義區永春段三小段22-7地號3筆土地都市更新事業計畫及權利變換計畫案	臺北市信義區永春段三小段22-7、22-8、22-14地號3筆土地	永春段三小段	22-7	22-7|22-8|22-14		3				擬訂	0	事業計畫、權利變換	中華建築經理股份有限公司	上築國際規劃設計顧問有限公司			信義區-永春段三小段-22-7地號等3筆	false	178
147	2025-02-19	114/2/19	信義區	信義區	變更(第二次)臺北市信義區永春段二小段15地號等19筆(原18筆)土地都市更新權利變換計畫案	變更(第二次)臺北市信義區永春段二小段15地號等19筆(原18筆)土地都市更新權利變換計畫案	臺北市信義區永春段二小段15、16、17、18、19、20、21、22、23、24、25(部分)、25-1、28、32、33、36、37、38、51地號等19筆土地	永春段二小段	15	15|16|17|18|19|20|21|22|23|24|25|25-1|28|32|33|36|37|38|51		19	18			變更(第二次)	2	權利變換	長虹建設股份有限公司	丹棠開發股份有限公司			信義區-永春段二小段-15地號等19筆	true	147
547	2021-08-04	110/8/4	信義區	信義區	變更臺北市信義區永春段二小段15地號等19筆(原18筆)土地都市更新事業計畫及權利變換計畫案	變更臺北市信義區永春段二小段15地號等19筆(原18筆)土地都市更新事業計畫及權利變換計畫案	臺北市信義區永春段二小段15、16、17、18、19、20、21、22、23、24、25(部分)、25-1、28、32、33、36、37、38、51地號等19筆土地	永春段二小段	15	15|16|17|18|19|20|21|22|23|24|25|25-1|28|32|33|36|37|38|51		19	18			變更	1	事業計畫、權利變換	長虹建設股份有限公司	丹棠開發股份有限公司			信義區-永春段二小段-15地號等19筆	false	147
936	2017-11-28	106/11/28	信義區	信義區	擬訂臺北市信義區永春段二小段15地號等18筆土地都市更新事業計畫及權利變換計畫案	擬訂臺北市信義區永春段二小段15地號等18筆土地都市更新事業計畫及權利變換計畫案	臺北市信義區永春段二小段15、16、17、18、19、20、21、22、23、24、25-1、28、32、33、36、37、38、51地號等18筆土地	永春段二小段	15	15|16|17|18|19|20|21|22|23|24|25-1|28|32|33|36|37|38|51		18				擬訂	0	事業計畫、權利變換	長虹建設股份有限公司	丹棠開發股份有限公司			信義區-永春段二小段-15地號等19筆	false	147
505	2021-12-16	110/12/16	信義區	信義區	變更(第二次)臺北市信義區犁和段一小段102地號等3筆土地都市更新事業計畫及變更權利變換計畫案	變更(第二次)臺北市信義區犁和段一小段102地號等3筆土地都市更新事業計畫及變更權利變換計畫案	臺北市信義區犁和段一小段102、159、161地號等3筆土地	犁和段一小段	102	102|159|161		3				變更(第二次)	2	事業計畫、權利變換	立築開發股份有限公司	丹棠開發股份有限公司			信義區-犁和段一小段-102地號等3筆	true	505
846	2018-12-13	107/12/13	信義區	信義區	變更臺北市信義區犁和段一小段102地號等3筆土地都市更新事業計畫及擬訂權利變換計畫案	變更臺北市信義區犁和段一小段102地號等3筆土地都市更新事業計畫及擬訂權利變換計畫案	臺北市信義區犁和段一小段102、159、161地號等3筆土地	犁和段一小段	102	102|159|161		3				變更	1	事業計畫、權利變換	立築開發股份有限公司	中興都更事業股份有限公司			信義區-犁和段一小段-102地號等3筆	false	505
1322	2009-01-15	98/1/15	信義區	信義區	擬訂臺北市信義區犁和段一小段165地號等20筆土地都市更新事業計畫案	擬訂臺北市信義區犁和段一小段165地號等20筆土地都市更新事業計畫案	臺北市信義區犁和段一小段102、144-4、144-24、146、147、159、159-5、159-14、159-19、159-20、159-22、159-23、161、164、165、165-7、165-8、166、167、167-6地號等20筆土地	犁和段一小段	165	102|144-4|144-24|146|147|159|159-5|159-14|159-19|159-20|159-22|159-23|161|164|165|165-7|165-8|166|167|167-6		20				擬訂	0	事業計畫	宏築建設股份有限公司	中興都更事業股份有限公司			信義區-犁和段一小段-165地號等20筆	true	1322
261	2023-12-28	112/12/28	信義區	信義區	變更臺北市信義區犁和段三小段302地號等2筆土地都市更新權利變換計畫案	變更臺北市信義區犁和段三小段302地號等2筆土地都市更新權利變換計畫案	66筆土地臺北市信義區犁和段三小段302及303地號等2筆土地	犁和段三小段	302			2				變更	1	權利變換	潤泰創新國際股份有限公司	振皓工程顧問股份有限公司		地號無法解析(缺少地號清單)	信義區-犁和段三小段-302地號等2筆	true	261
830	2019-01-31	108/1/31	信義區	信義區	擬訂臺北市信義區犁和段三小段302地號等2筆土地都市更新事業計畫及權利變換計畫案	擬訂臺北市信義區犁和段三小段302地號等2筆土地都市更新事業計畫及權利變換計畫案	臺北市信義區犁和段三小段302及303地號等2筆土地	犁和段三小段	302			2				擬訂	0	事業計畫、權利變換	潤泰創新國際股份有限公司	振皓工程顧問股份有限公司		地號無法解析(缺少地號清單)	信義區-犁和段三小段-302地號等2筆-2	true	830
811	2019-03-21	108/3/21	信義區	信義區	擬訂臺北市信義區犁和段三小段89地號等16筆土地都市更新事業計畫及權利變換計畫案	擬訂臺北市信義區犁和段三小段89地號等16筆土地都市更新事業計畫及權利變換計畫案	臺北市信義區犁和段三小段89、89-1、89-2、90、91、92、96、97、100、101、102、103、106、107、109、111地號等16筆土地	犁和段三小段	89	89|89-1|89-2|90|91|92|96|97|100|101|102|103|106|107|109|111		16				擬訂	0	事業計畫、權利變換	東禧建設股份有限公司	安邦工程顧問股份有限公司			信義區-犁和段三小段-89地號等16筆	true	811
491	2022-01-13	111/1/13	信義區	信義區	變更臺北市信義區犁和段三小段89地號1筆(原16筆)土地都市更新事業計畫及權利變換計畫案	變更臺北市信義區犁和段三小段89地號1筆(原16筆)土地都市更新事業計畫及權利變換計畫案	臺北市信義區犁和段三小段89地號1筆土地	犁和段三小段	89	89		1	16			變更	1	事業計畫、權利變換	東禧建設股份有限公司	安邦工程顧問股份有限公司			信義區-犁和段三小段-89地號等1筆	true	491
84	2025-09-25	114/9/25	信義區	信義區	擬訂臺北市信義區犁和段二小段261-4地號等8筆土地都市更新事業計畫案	擬訂臺北市信義區犁和段二小段261-4地號等8筆土地都市更新事業計畫案	臺北市信義區犁和段二小段261-4、261-5、265、266、268、269、270、271地號等8筆土地	犁和段二小段	261-4	261-4|261-5|265|266|268|269|270|271		8				擬訂	0	事業計畫	新濠建設事業股份有限公司	邑相更新規劃股份有限公司			信義區-犁和段二小段-261-4地號等8筆	true	84
91	2025-08-18	114/8/18	信義區	信義區	擬訂臺北市信義區犁和段二小段302地號等8筆土地都市更新事業概要案	擬訂臺北市信義區犁和段二小段302地號等8筆土地都市更新事業概要案	臺北市信義區犁和段二小段302、303、314-2、315、316、317-3、355-10、355-14地號等8筆土地	犁和段二小段	302	302|303|314-2|315|316|317-3|355-10|355-14		8				擬訂	0	事業概要	崇偉開發建設股份有限公司	宏宇建築師事務所			信義區-犁和段二小段-302地號等8筆	true	91
452	2022-05-25	111/5/25	信義區	信義區	擬訂臺北市信義區祥和段二小段101地號等10筆（原8筆）土地都市更新事業計畫案	擬訂臺北市信義區祥和段二小段101地號等10筆（原8筆）土地都市更新事業計畫案	臺北市信義區祥和段二小段101、101-1、101-2、102、102-1、102-2、104、104-2、105、106地號等10筆土地	祥和段二小段	101	101|101-1|101-2|102|102-1|102-2|104|104-2|105|106		10				擬訂	0	事業計畫	富裔實業股份有限公司	黃秀莊建築師事務所			信義區-祥和段二小段-101地號等10筆	true	452
973	2017-07-18	106/7/18	信義區	信義區	變更臺北市信義區福德段一小段624-1地號等13筆土地都市更新事業計畫案	變更臺北市信義區福德段一小段624-1地號等13筆土地都市更新事業計畫案	臺北市信義區福德段一小段624-1、625、626、627、628、629、630、632-2、637、638、639、640、641地號等13筆土地	福德段一小段	624-1	624-1|625|626|627|628|629|630|632-2|637|638|639|640|641		13				變更	1	事業計畫	大師開發股份有限公司	奇模工程有限公司			信義區-福德段一小段-624-1地號等13筆	true	973
1082	2015-09-17	104/9/17	信義區	信義區	擬訂臺北市信義區福德段一小段624-1地號等13筆土地都市更新事業計畫案	擬訂臺北市信義區福德段一小段624-1地號等13筆土地都市更新事業計畫案	臺北市信義區福德段一小段624-1、625、626、627、628、629、630、632-2、637、638、639、640、641地號等13筆土地	福德段一小段	624-1	624-1|625|626|627|628|629|630|632-2|637|638|639|640|641		13				擬訂	0	事業計畫	大師開發股份有限公司	奇模工程有限公司			信義區-福德段一小段-624-1地號等13筆	false	973
1251	2011-06-01	100/6/1	信義區	信義區	擬訂臺北市信義區虎林段五小段15地號等10筆土地都市更新事業計畫案	擬訂臺北市信義區虎林段五小段15地號等10筆土地都市更新事業計畫案	臺北市信義區虎林段五小段15、15-1、16、16-1、17、17-1、17-2、17-3、17-4、17-5地號等10筆土地	虎林段五小段	15	15|15-1|16|16-1|17|17-1|17-2|17-3|17-4|17-5		10				擬訂	0	事業計畫	忠泰建設股份有限公司	弘傑不動產事業股份有限公司			信義區-虎林段五小段-15地號等10筆	true	1251
349	2023-03-28	112/3/28	信義區	信義區	變更(第二次)臺北市信義區虎林段四小段310地號等34筆土地都市更新權利變換計畫案	變更(第二次)臺北市信義區虎林段四小段310地號等34筆土地都市更新權利變換計畫案	臺北市信義區虎林段四小段310、633、633-1、633-2、633-3、633-4、633-5、633-6、633-7、633-8、633-9、633-10、633-11、633-12、633-13、633-14、633-15、633-16、633-17、633-18、633-19、633-20、633-21、633-22、633-23、633-24、633-25、633-26、633-27、634、638、639、640、651地號等34筆土地	虎林段四小段	310	310|633|633-1|633-2|633-3|633-4|633-5|633-6|633-7|633-8|633-9|633-10|633-11|633-12|633-13|633-14|633-15|633-16|633-17|633-18|633-19|633-20|633-21|633-22|633-23|633-24|633-25|633-26|633-27|634|638|639|640|651		34				變更(第二次)	2	權利變換	鼎邦開發股份有限公司	鼎邦開發股份有限公司			信義區-虎林段四小段-310地號等34筆	true	349
430	2022-08-11	111/8/11	信義區	信義區	變更臺北市信義區虎林段四小段310地號等34筆土地都市更新權利變換計畫案	變更臺北市信義區虎林段四小段310地號等34筆土地都市更新權利變換計畫案	臺北市信義區虎林段四小段310、633、633-1、633-2、633-3、633-4、633-5、633-6、633-7、633-8、633-9、633-10、633-11、633-12、633-13、633-14、633-15、633-16、633-17、633-18、633-19、633-20、633-21、633-22、633-23、633-24、633-25、633-26、633-27、634、638、639、640、651地號等34筆土地	虎林段四小段	310	310|633|633-1|633-2|633-3|633-4|633-5|633-6|633-7|633-8|633-9|633-10|633-11|633-12|633-13|633-14|633-15|633-16|633-17|633-18|633-19|633-20|633-21|633-22|633-23|633-24|633-25|633-26|633-27|634|638|639|640|651		34				變更	1	權利變換	鼎邦開發股份有限公司	鼎邦開發股份有限公司			信義區-虎林段四小段-310地號等34筆	false	349
1077	2015-11-04	104/11/4	信義區	信義區	擬訂臺北市信義區虎林段四小段310地號等34筆土地都市更新事業計畫及權利變換計畫案	擬訂臺北市信義區虎林段四小段310地號等34筆土地都市更新事業計畫及權利變換計畫案	臺北市信義區虎林段四小段310、633、633-1、633-2、633-3、633-4、633-5、633-6、633-7、633-8、633-9、633-10、633-11、633-12、633-13、633-14、633-15、633-16、633-17、633-18、633-19、633-20、633-21、633-22、633-23、633-24、633-25、633-26、633-27、634、638、639、640、651地號等34筆土地	虎林段四小段	310	310|633|633-1|633-2|633-3|633-4|633-5|633-6|633-7|633-8|633-9|633-10|633-11|633-12|633-13|633-14|633-15|633-16|633-17|633-18|633-19|633-20|633-21|633-22|633-23|633-24|633-25|633-26|633-27|634|638|639|640|651		34				擬訂	0	事業計畫、權利變換	鳳磐開發股份有限公司	鳳磐開發股份有限公司			信義區-虎林段四小段-310地號等34筆	false	349
45	2026-03-12	115/3/12	信義區	信義區	變更(第二次)臺北市信義區虎林段四小段38地號等138筆(原120筆)土地都市更新事業計畫案	變更(第二次)臺北市信義區虎林段四小段38地號等138筆(原120筆)土地都市更新事業計畫案	臺北市信義區虎林段四小段38、41、45、46、47、48、49、50、51、52、53、54、55、55-1、55-2、55-3、55-4、55-5、55-6、55-7、55-8、55-9、55-10、55-11、55-12、55-13、55-14、55-15、55-16、56、57、58、59、60、61、62、63、64、65、66、67、67-1、68、69、71、71-1、71-2、71-3、71-4、71-5、71-6、71-7、71-8、71-9、71-10、71-11、71-12、71-13、71-14、71-15、71-16、71-17、72、73、74、74-1、75、76、77、77-1、77-2、78、79、80、81、81-1、81-2、82、82-1、83、83-1、83-2、83-3、83-4、83-5、83-6、83-7、83-8、83-9、83-10、83-11、84、86、88、90、90-1、93、93-1、93-2、93-3、93-4、93-5、93-6、93-7、93-8、93-9、93-10、93-11、93-12、93-13、93-14、93-15、93-16、93-17、93-18、93-19、93-20、93-21、93-22、93-23、93-24、93-25、93-26、93-27、93-28、93-29、93-30、93-31、93-32、93-33、93-34、93-35、93-36、93-37、93-38、93-39、93-40、93-41地	虎林段四小段	38	38|41|45|46|47|48|49|50|51|52|53|54|55|55-1|55-2|55-3|55-4|55-5|55-6|55-7|55-8|55-9|55-10|55-11|55-12|55-13|55-14|55-15|55-16|56|57|58|59|60|61|62|63|64|65|66|67|67-1|68|69|71|71-1|71-2|71-3|71-4|71-5|71-6|71-7|71-8|71-9|71-10|71-11|71-12|71-13|71-14|71-15|71-16|71-17|72|73|74|74-1|75|76|77|77-1|77-2|78|79|80|81|81-1|81-2|82|82-1|83|83-1|83-2|83-3|83-4|83-5|83-6|83-7|83-8|83-9|83-10|83-11|84|86|88|90|90-1|93|93-1|93-2|93-3|93-4|93-5|93-6|93-7|93-8|93-9|93-10|93-11|93-12|93-13|93-14|93-15|93-16|93-17|93-18|93-19|93-20|93-21|93-22|93-23|93-24|93-25|93-26|93-27|93-28|93-29|93-30|93-31|93-32|93-33|93-34|93-35|93-36|93-37|93-38|93-39|93-40		138	120			變更(第二次)	2	事業計畫	創頂建設股份有限公司	協和都市更新股份有限公司			信義區-虎林段四小段-38地號等138筆	true	45
555	2021-07-20	110/7/20	信義區		擬訂臺北市信義區虎林段四小段38地號等138筆(原120筆)土地都市更新事業計畫案	擬訂臺北市信義區虎林段四小段38地號等138筆(原120筆)土地都市更新事業計畫案	55、55-1、55-2、55-3、55-4、55-5、55-6、55-7、55-8、55-9、55-10、55-11、55-12、55-13、55-14、55-15、55-16、56、57、58、59、60、61、62、63、64、65、66、67、67-1、68、69、71、71-1、71-2、71-3、71-4、71-5、71-6、71-7、71-8、71-9、71-10、71-11、71-12、71-13、71-14、71-15、71-16、71-17、72、73、74、74-1、75、76、77、77-1、77-2、78、79、80、81、81-1、81-2、82、82-1、83、83-1、83-2、83-3、83-4、83-5、83-6、83-7、83-8、83-9、83-10、83-11、84、86、88、90、90-1、93、93-1、93-2、93-3、93-4、93-5、93-6、93-7、93-8、93-9、93-10、93-11、93-12、93-13、93-14、93-15、93-16、93-17、93-18、93-19、93-20、93-21、93-22、93-23、93-24、93-25、93-26、93-27、93-28、93-29、93-30、93-31、93-32、93-33、93-34、93-35、93-36、93-37、93-38、93-39、93-40、93-41地	虎林段四小段	38	55|55-1|55-2|55-3|55-4|55-5|55-6|55-7|55-8|55-9|55-10|55-11|55-12|55-13|55-14|55-15|55-16|56|57|58|59|60|61|62|63|64|65|66|67|67-1|68|69|71|71-1|71-2|71-3|71-4|71-5|71-6|71-7|71-8|71-9|71-10|71-11|71-12|71-13|71-14|71-15|71-16|71-17|72|73|74|74-1|75|76|77|77-1|77-2|78|79|80|81|81-1|81-2|82|82-1|83|83-1|83-2|83-3|83-4|83-5|83-6|83-7|83-8|83-9|83-10|83-11|84|86|88|90|90-1|93|93-1|93-2|93-3|93-4|93-5|93-6|93-7|93-8|93-9|93-10|93-11|93-12|93-13|93-14|93-15|93-16|93-17|93-18|93-19|93-20|93-21|93-22|93-23|93-24|93-25|93-26|93-27|93-28|93-29|93-30|93-31|93-32|93-33|93-34|93-35|93-36|93-37|93-38|93-39|93-40		138	120			擬訂	0	事業計畫	台北遷建基地都市更新股份有限公司	協和都市更新股份有限公司		地號無法解析(缺少段小段)	信義區-虎林段四小段-38地號等138筆	false	45
789	2019-05-28	108/5/28	信義區		擬訂臺北市信義區虎林段四小段38地號等138筆(原120筆)土地都市更新事業計畫案	擬訂臺北市信義區虎林段四小段38地號等138筆(原120筆)土地都市更新事業計畫案	55、55-1、55-2、55-3、55-4、55-5、55-6、55-7、55-8、55-9、55-10、55-11、55-12、55-13、55-14、55-15、55-16、56、57、58、59、60、61、62、63、64、65、66、67、67-1、68、69、71、71-1、71-2、71-3、71-4、71-5、71-6、71-7、71-8、71-9、71-10、71-11、71-12、71-13、71-14、71-15、71-16、71-17、72、73、74、74-1、75、76、77、77-1、77-2、78、79、80、81、81-1、81-2、82、82-1、83、83-1、83-2、83-3、83-4、83-5、83-6、83-7、83-8、83-9、83-10、83-11、84、86、88、90、90-1、93、93-1、93-2、93-3、93-4、93-5、93-6、93-7、93-8、93-9、93-10、93-11、93-12、93-13、93-14、93-15、93-16、93-17、93-18、93-19、93-20、93-21、93-22、93-23、93-24、93-25、93-26、93-27、93-28、93-29、93-30、93-31、93-32、93-33、93-34、93-35、93-36、93-37、93-38、93-39、93-40、93-41地號等138筆土地	虎林段四小段	38	55|55-1|55-2|55-3|55-4|55-5|55-6|55-7|55-8|55-9|55-10|55-11|55-12|55-13|55-14|55-15|55-16|56|57|58|59|60|61|62|63|64|65|66|67|67-1|68|69|71|71-1|71-2|71-3|71-4|71-5|71-6|71-7|71-8|71-9|71-10|71-11|71-12|71-13|71-14|71-15|71-16|71-17|72|73|74|74-1|75|76|77|77-1|77-2|78|79|80|81|81-1|81-2|82|82-1|83|83-1|83-2|83-3|83-4|83-5|83-6|83-7|83-8|83-9|83-10|83-11|84|86|88|90|90-1|93|93-1|93-2|93-3|93-4|93-5|93-6|93-7|93-8|93-9|93-10|93-11|93-12|93-13|93-14|93-15|93-16|93-17|93-18|93-19|93-20|93-21|93-22|93-23|93-24|93-25|93-26|93-27|93-28|93-29|93-30|93-31|93-32|93-33|93-34|93-35|93-36|93-37|93-38|93-39|93-40|93-41		138	120			擬訂	0	事業計畫	台北遷建基地都市更新股份有限公司	協和都市更新股份有限公司		地號無法解析(缺少段小段)	信義區-虎林段四小段-38地號等138筆	false	45
886	2018-06-26	107/6/26	信義區	信義區	變更臺北市信義區虎林段四小段629地號等12筆土地都市更新權利變換計畫(含釐正圖冊)案	變更臺北市信義區虎林段四小段629地號等12筆土地都市更新權利變換計畫(含釐正圖冊)案	臺北市信義區虎林段四小段629、771、811、812、813、815、816、816-1、817、820、820-1、820-2地號等12筆土地	虎林段四小段	629	629|771|811|812|813|815|816|816-1|817|820|820-1|820-2		12				變更	1	權利變換	和暘建設股份有限公司	財團法人都市更新研究發展基金會			信義區-虎林段四小段-629地號等12筆	true	886
1295	2009-12-04	98/12/4	信義區	信義區	擬訂臺北市信義區虎林段四小段629地號等12筆土地都市更新事業計畫案	擬訂臺北市信義區虎林段四小段629地號等12筆土地都市更新事業計畫案	臺北市信義區虎林段四小段629、771、811、812、813、815、816、816-1、817、820、820-1、820-2地號等12筆土地	虎林段四小段	629	629|771|811|812|813|815|816|816-1|817|820|820-1|820-2		12				擬訂	0	事業計畫	和暘建設股份有限公司	緯城土地規劃工程顧問有限公司			信義區-虎林段四小段-629地號等12筆	false	886
1391	2006-01-09	95/1/9	信義區	信義區	擬訂臺北市信義區逸仙段三小段285地號等2筆土地(晶宮大廈)都市更新事業計畫案	擬訂臺北市信義區逸仙段三小段285地號等2筆土地(晶宮大廈)都市更新事業計畫案	臺北市信義區逸仙段三小段285、289-1地號等2筆土地	逸仙段三小段	285	285|289-1		2				擬訂	0	事業計畫	仁愛麗景大廈管理委員會	逢達地政士事務所			信義區-逸仙段三小段-285地號等2筆	true	1391
1221	2012-08-22	101/8/22	信義區	信義區	變更(第二次)臺北市信義區逸仙段三小段294-4地號1筆土地(原尚華仁愛大樓)都市更新事業計畫案	變更(第二次)臺北市信義區逸仙段三小段294-4地號1筆土地(原尚華仁愛大樓)都市更新事業計畫案	臺北市信義區逸仙段三小段294-4地號1筆土地	逸仙段三小段	294-4	294-4		1		原尚華仁愛大樓		變更(第二次)	2	事業計畫	逸仙段三小段294-4地號1筆土地都市更新案(尚華仁愛大廈)都市更新會	宏都更新建築股份有限公司			信義區-逸仙段三小段-294-4地號等1筆	true	1221
1330	2008-11-19	97/11/19	信義區	信義區	擬訂臺北市信義區逸仙段三小段294-4地號1筆土地(原尚華仁愛大樓)都市更新事業計畫案	擬訂臺北市信義區逸仙段三小段294-4地號1筆土地(原尚華仁愛大樓)都市更新事業計畫案	臺北市信義區逸仙段三小段294-4地號等1筆土地	逸仙段三小段	294-4	294-4		1		原尚華仁愛大樓		擬訂	0	事業計畫	逸仙段三小段294-4地號1筆土地都市更新案(尚華仁愛大廈)都市更新會	宏都更新建築股份有限公司			信義區-逸仙段三小段-294-4地號等1筆	false	1221
1331	2008-11-14	97/11/14	信義區	信義區	變更臺北市信義區逸仙段三小段294-4地號1筆土地(原尚華仁愛大樓)都市更新事業計畫案	變更臺北市信義區逸仙段三小段294-4地號1筆土地(原尚華仁愛大樓)都市更新事業計畫案	臺北市信義區逸仙段三小段294-4地號1筆土地	逸仙段三小段	294-4	294-4		1		原尚華仁愛大樓		變更	1	事業計畫	逸仙段三小段294-4地號1筆土地都市更新案(尚華仁愛大廈)都市更新會	宏都更新建築股份有限公司			信義區-逸仙段三小段-294-4地號等1筆	false	1221
29	2026-05-19	115/5/19	信義區	信義區	變更(第二次)臺北市信義區逸仙段三小段34地號等6筆(原4筆)土地(基隆路整宅B基地)都市更新權利變換計畫案	變更(第二次)臺北市信義區逸仙段三小段34地號等6筆(原4筆)土地(基隆路整宅B基地)都市更新權利變換計畫案	臺北市信義區逸仙段三小段34、34-2、34-3、34-4、35、36地號等6筆土地	逸仙段三小段	34	34|34-2|34-3|34-4|35|36		6	4			變更(第二次)	2	權利變換	昇陽建設企業股份有限公司	弘傑城市開發股份有限公司			信義區-逸仙段三小段-34地號等6筆	true	29
588	2021-02-04	110/2/4	信義區	信義區	變更(第二次)臺北市信義區逸仙段三小段34地號等6筆(原4筆)土地(基隆路整宅B基地)都市更新事業計畫及變更權利變換計畫案	變更(第二次)臺北市信義區逸仙段三小段34地號等6筆(原4筆)土地(基隆路整宅B基地)都市更新事業計畫及變更權利變換計畫案	臺北市信義區逸仙段三小段34、34-2、34-3、34-4、35、36地號等6筆土地	逸仙段三小段	34	34|34-2|34-3|34-4|35|36		6	4			變更(第二次)	2	事業計畫、權利變換	昇陽建設企業股份有限公司	弘傑城市開發股份有限公司			信義區-逸仙段三小段-34地號等6筆	false	29
902	2018-05-03	107/5/3	信義區	信義區	擬訂臺北市信義區逸仙段三小段34地號等4筆土地(基隆路整宅B基地)都市更新權利變換計畫案	擬訂臺北市信義區逸仙段三小段34地號等4筆土地(基隆路整宅B基地)都市更新權利變換計畫案	臺北市信義區逸仙段三小段34、34-2、35、36地號等4筆土地	逸仙段三小段	34	34|34-2|35|36		4				擬訂	0	權利變換	昇陽建設企業股份有限公司	瑋城土地規劃工程顧問有限公司			信義區-逸仙段三小段-34地號等6筆	false	29
1154	2013-12-05	102/12/5	信義區	信義區	變更臺北市信義區逸仙段三小段34地號等4筆土地(原基隆路整宅B基地)都市更新事業計畫案	變更臺北市信義區逸仙段三小段34地號等4筆土地(原基隆路整宅B基地)都市更新事業計畫案	臺北市信義區逸仙段三小段34、34-2、35、36地號等4筆土地	逸仙段三小段	34	34|34-2|35|36		4		原基隆路整宅B基地		變更	1	事業計畫	昇陽建設企業股份有限公司	緯城土地規劃工程顧問有限公司			信義區-逸仙段三小段-34地號等6筆	false	29
1359	2007-11-28	96/11/28	信義區	信義區	擬訂臺北市信義區逸仙段三小段34地號等4筆土地(原基隆路整宅B基地)都市更新事業計畫案	擬訂臺北市信義區逸仙段三小段34地號等4筆土地(原基隆路整宅B基地)都市更新事業計畫案	臺北市信義區逸仙段三小段34、34-2、35、36地號等4筆土地	逸仙段三小段	34	34|34-2|35|36		4		原基隆路整宅B基地		擬訂	0	事業計畫	昇陽建設企業股份有限公司	金以容建築師事務所			信義區-逸仙段三小段-34地號等6筆	false	29
512	2021-12-02	110/12/2	信義區	信義區	擬訂臺北市信義區逸仙段三小段657地號等10筆土地都市更新事業計畫案	擬訂臺北市信義區逸仙段三小段657地號等10筆土地都市更新事業計畫案	臺北市信義區逸仙段三小段657、658、659、662、663、664、665、666、667、668地號等10筆土地	逸仙段三小段	657	657|658|659|662|663|664|665|666|667|668		10				擬訂	0	事業計畫	首泰建設股份有限公司	弘傑開發事業股份有限公司			信義區-逸仙段三小段-657地號等10筆	true	512
35	2026-04-28	115/4/28	信義區	信義區	擬訂臺北市信義區逸仙段三小段766地號等14筆（原16筆）土地都市更新權利變換計畫案	擬訂臺北市信義區逸仙段三小段766地號等14筆（原16筆）土地都市更新權利變換計畫案	臺北市信義區逸仙段三小段766、767、768、771、772、773、776、777、778、779、783、784、786-1、787-1地號等14筆土地	逸仙段三小段	766	766|767|768|771|772|773|776|777|778|779|783|784|786-1|787-1		14				擬訂	0	權利變換	立樺建設股份有限公司	振皓工程顧問股份有限公司			信義區-逸仙段三小段-766地號等14筆	true	35
325	2023-05-31	112/5/31	信義區	信義區	擬訂臺北市信義區逸仙段三小段766地號等14筆（原16筆）土地都市更新事業計畫案	擬訂臺北市信義區逸仙段三小段766地號等14筆（原16筆）土地都市更新事業計畫案	臺北市信義區逸仙段三小段766、767、768、771、772、773、776、777、778、779、783、784、786-1、787-1地號等14筆土地	逸仙段三小段	766	766|767|768|771|772|773|776|777|778|779|783|784|786-1|787-1		14				擬訂	0	事業計畫	立樺建設股份有限公司	振皓工程顧問股份有限公司			信義區-逸仙段三小段-766地號等14筆	false	35
117	2025-04-24	114/4/24	信義區	信義區	擬訂臺北市信義區逸仙段三小段870地號等2筆土地都市更新事業計畫案	擬訂臺北市信義區逸仙段三小段870地號等2筆土地都市更新事業計畫案	臺北市信義區逸仙祥段三小段870、871地號等2筆土地	逸仙段三小段	870	870|871		2				擬訂	0	事業計畫	臺北市信義區逸仙段三小段870地號等2筆土地都市更新會	規模工程顧問股份有限公司		案名與地號段小段不一致(地號為逸仙祥段三小段)	信義區-逸仙段三小段-870地號等2筆	true	117
965	2017-08-08	106/8/8	信義區	信義區	變更(第二次)臺北市信義區逸仙段二小段107-2地號等9筆土地都市更新權利變換計畫案(含釐正圖冊)	變更(第二次)臺北市信義區逸仙段二小段107-2地號等9筆土地都市更新權利變換計畫案(含釐正圖冊)	臺北市信義區逸仙段二小段107-2、107-3、107-5、137、137-1、143、143-1、144-1、147-1地號等9筆土地	逸仙段二小段	107-2	107-2|107-3|107-5|137|137-1|143|143-1|144-1|147-1		9				變更(第二次)	2	權利變換	允鵬建設股份有限公司	東禧不動產創新股份有限公司			信義區-逸仙段二小段-107-2地號等9筆	true	965
1108	2015-03-05	104/3/5	信義區	信義區	變更臺北市信義區逸仙段二小段107-2地號等9筆土地都市更新事業計畫及權利變換計畫案	變更臺北市信義區逸仙段二小段107-2地號等9筆土地都市更新事業計畫及權利變換計畫案	臺北市信義區逸仙段二小段107-2、107-3、107-5、137、137-1、143、143-1、144-1、147-1地號等9筆土地臺北市萬華區雙園段二小段505、506、507、508、509、510、511-1、	逸仙段二小段	107-2	107-2|107-3|107-5|137|137-1|143|143-1|144-1|147-1		9				變更	1	事業計畫、權利變換	允鵬建設股份有限公司	東禧不動產創新股份有限公司			信義區-逸仙段二小段-107-2地號等9筆	false	965
1226	2012-05-17	101/5/17	信義區	信義區	擬訂臺北市信義區逸仙段二小段107-2地號等9筆土地都市更新事業計畫及權利變換計畫案	擬訂臺北市信義區逸仙段二小段107-2地號等9筆土地都市更新事業計畫及權利變換計畫案	臺北市信義區逸仙段二小段107-2、107-3、107-5、137、137-1、143、143-1、144-1、147-1地號等9筆土地	逸仙段二小段	107-2	107-2|107-3|107-5|137|137-1|143|143-1|144-1|147-1		9				擬訂	0	事業計畫、權利變換	允鵬建設股份有限公司	陳傳宗建築師事務所			信義區-逸仙段二小段-107-2地號等9筆	false	965
819	2019-02-26	108/2/26	信義區	信義區	變更(第二次)臺北市信義區逸仙段二小段151地號等21筆土地都市更新權利變換計畫案(含釐正圖冊)(A區段)	變更(第二次)臺北市信義區逸仙段二小段151地號等21筆土地都市更新權利變換計畫案(含釐正圖冊)(A區段)	臺北市信義區逸仙段二小段151、152、153、153-2、154、154-1、156-1、156-2、157、157-1、158、158-2、159、159-2、160、160-2、160-3、160-4、160-5、160-6、166地號等21筆土地	逸仙段二小段	151	151|152|153|153-2|154|154-1|156-1|156-2|157|157-1|158|158-2|159|159-2|160|160-2|160-3|160-4|160-5|160-6|166		21				變更(第二次)	2	權利變換	文茂興業股份有限公司	財團法人都市更新研究發展基金會			信義區-逸仙段二小段-151地號等21筆	true	819
838	2019-01-08	108/1/8	信義區	信義區	變更(第二次)臺北市信義區逸仙段二小段151地號等21筆土地都市更新權利變換計畫案(含釐正圖冊)(B區段)	變更(第二次)臺北市信義區逸仙段二小段151地號等21筆土地都市更新權利變換計畫案(含釐正圖冊)(B區段)	臺北市信義區逸仙段二小段151、152、153、153-2、154、154-1、156-1、156-2、157、157-1、158、158-2、159、159-2、160、160-2、160-3、160-4、160-5、160-6、166地號等21筆土地	逸仙段二小段	151	151|152|153|153-2|154|154-1|156-1|156-2|157|157-1|158|158-2|159|159-2|160|160-2|160-3|160-4|160-5|160-6|166		21				變更(第二次)	2	權利變換	文茂興業股份有限公司	財團法人都市更新研究發展基金會			信義區-逸仙段二小段-151地號等21筆	false	819
1061	2016-02-02	105/2/2	信義區	信義區	變更臺北市信義區逸仙段二小段151地號等21筆土地都市更新事業計畫及權利變換計畫案	變更臺北市信義區逸仙段二小段151地號等21筆土地都市更新事業計畫及權利變換計畫案	臺北市信義區逸仙段二小段151、152、153、153-2、154、154-1、156-1、156-2、157、157-1、158、158-2、159、159-2、160、160-2、160-3、160-4、160-5、160-6、166地號等21筆土地	逸仙段二小段	151	151|152|153|153-2|154|154-1|156-1|156-2|157|157-1|158|158-2|159|159-2|160|160-2|160-3|160-4|160-5|160-6|166		21				變更	1	事業計畫、權利變換	文茂興業股份有限公司	財團法人都市更新研究發展基金會			信義區-逸仙段二小段-151地號等21筆	false	819
1194	2013-02-26	102/2/26	信義區	信義區	擬訂臺北市信義區逸仙段二小段151地號等21筆土地都市更新事業計畫及權利變換計畫案	擬訂臺北市信義區逸仙段二小段151地號等21筆土地都市更新事業計畫及權利變換計畫案	文山區萬芳段三小段838-1地號等1筆土地臺北市信義區逸仙段二小段151、152、153、153-2、154、154-1、156-1、156-2、157、157-1、158、158-2、159、159-2、160、160-2、160-3、160-4、160-5、160-6、166地號等21筆土地	逸仙段二小段	151	151|152|153|153-2|154|154-1|156-1|156-2|157|157-1|158|158-2|159|159-2|160|160-2|160-3|160-4|160-5|160-6|166		21				擬訂	0	事業計畫、權利變換	文茂興業股份有限公司	財團法人都市更新研究發展基金會			信義區-逸仙段二小段-151地號等21筆	false	819
245	2024-02-21	113/2/21	信義區	信義區	變更臺北市信義區逸仙段二小段69地號等3筆土地都市更新事業計畫及權利變換計畫案	變更臺北市信義區逸仙段二小段69地號等3筆土地都市更新事業計畫及權利變換計畫案	臺北市信義區逸仙段二小段69、69-9、72地號等3筆土地	逸仙段二小段	69	69|69-9|72		3				變更	1	事業計畫、權利變換	珍進股份有限公司朱文熙建築師事務	所			信義區-逸仙段二小段-69地號等3筆	true	245
527	2021-10-26	110/10/26	信義區	信義區	擬訂臺北市信義區逸仙段二小段69地號等3筆土地都市更新事業計畫及權利變換計畫案	擬訂臺北市信義區逸仙段二小段69地號等3筆土地都市更新事業計畫及權利變換計畫案	臺北市信義區逸仙段二小段69、69-9、72地號等3筆土地	逸仙段二小段	69	69|69-9|72		3				擬訂	0	事業計畫、權利變換	珍進股份有限公司朱文熙建築師事務	所			信義區-逸仙段二小段-69地號等3筆	false	245
383	2022-12-14	111/12/14	信義區	信義區	擬訂臺北市信義區雅祥段一小段227-4地號等10筆土地事業概要案	擬訂臺北市信義區雅祥段一小段227-4地號等10筆土地事業概要案	臺北市信義區雅祥段一小段227-4、228-10、228-20、514、516、517、518、519、520、521地號等10筆土地	雅祥段一小段	227-4	227-4|228-10|228-20|514|516|517|518|519|520|521		10				擬訂	0	事業概要	睿泰建設股份有限公司	築璟都市更新有限公司			信義區-雅祥段一小段-227-4地號等10筆	true	383
163	2025-01-08	114/1/8	信義區	信義區	擬訂臺北市信義區雅祥段一小段31-4地號等18筆土地都市更新事業計畫案	擬訂臺北市信義區雅祥段一小段31-4地號等18筆土地都市更新事業計畫案	臺北市信義區雅祥段一小段31-4、31-6、39、40、40-7、41、43、84、84-1、87、88、88-1、88-3、94、95、96、97、98地號18筆土地	雅祥段一小段	31-4	31-4|31-6|39|40|40-7|41|43|84|84-1|87|88|88-1|88-3|94|95|96|97|98		18				擬訂	0	事業計畫	國美建設股份有限公司	舜磐創新股份有限公司			信義區-雅祥段一小段-31-4地號等18筆	true	163
267	2023-12-12	112/12/12	信義區	信義區	擬訂臺北市信義區雅祥段一小段349地號等14筆土地都市更新事業計畫案	擬訂臺北市信義區雅祥段一小段349地號等14筆土地都市更新事業計畫案	臺北市信義區雅祥段一小段349、351、353、355、356、357、358、359、359-1、360、360-1、400、400-1、401地號等14筆土地	雅祥段一小段	349	349|351|353|355|356|357|358|359|359-1|360|360-1|400|400-1|401		14				擬訂	0	事業計畫	潤泰創新國際股份有限公司	安邦工程顧問股份有限公司			信義區-雅祥段一小段-349地號等14筆	true	267
301	2023-08-22	112/8/22	信義區	信義區	擬訂臺北市信義區雅祥段一小段492地號等13筆土地都市更新事業計畫及權利變換計畫案	擬訂臺北市信義區雅祥段一小段492地號等13筆土地都市更新事業計畫及權利變換計畫案	臺北市信義區雅祥段一小段492、493、493-1、494、495、496、496-1、498、498-1、499、499-1、500、500-2地號等13筆土地	雅祥段一小段	492	492|493|493-1|494|495|496|496-1|498|498-1|499|499-1|500|500-2		13				擬訂	0	事業計畫、權利變換	宜民建設股份有限公司	振皓工程顧問股份有限公司			信義區-雅祥段一小段-492地號等13筆	true	301
387	2022-11-30	111/11/30	信義區	信義區	變更臺北市信義區雅祥段一小段578地號等15筆土地都市更新事業計畫及擬訂權利變換計畫案	變更臺北市信義區雅祥段一小段578地號等15筆土地都市更新事業計畫及擬訂權利變換計畫案	臺北市信義區雅祥段一小段578、580、582、584、586、588、590、592、594、596、596-2、596-3、597、598、598-2地號等15筆土地	雅祥段一小段	578	578|580|582|584|586|588|590|592|594|596|596-2|596-3|597|598|598-2		15				變更	1	事業計畫、權利變換	國美建設股份有限公司	丹棠開發股份有限公司			信義區-雅祥段一小段-578地號等15筆	true	387
1158	2013-11-12	102/11/12	信義區	信義區	擬訂臺北市信義區雅祥段一小段578地號等15筆土地都市更新事業計畫案	擬訂臺北市信義區雅祥段一小段578地號等15筆土地都市更新事業計畫案	臺北市信義區雅祥段一小段578、580、582、584、586、588、590、592、594、596、596-2、596-3、597、598、598-2地號等15筆土地	雅祥段一小段	578	578|580|582|584|586|588|590|592|594|596|596-2|596-3|597|598|598-2		15				擬訂	0	事業計畫	國美建設股份有限公司	丹棠開發股份有限公司			信義區-雅祥段一小段-578地號等15筆	false	387
183	2024-10-23	113/10/23	信義區	信義區	變更臺北市信義區雅祥段一小段614地號等10筆土地都市更新權利變換計畫案	變更臺北市信義區雅祥段一小段614地號等10筆土地都市更新權利變換計畫案	臺北市信義區雅祥段一小段614、615、615-1、616、617、617-1、618、618-2、618-3、619地號等10筆土地	雅祥段一小段	614	614|615|615-1|616|617|617-1|618|618-2|618-3|619		10				變更	1	權利變換	達永建設股份有限公司	弘傑開發事業股份有限公司			信義區-雅祥段一小段-614地號等10筆	true	183
286	2023-10-25	112/10/25	信義區	信義區	擬訂臺北市信義區雅祥段一小段614地號等10筆土地都市更新事業計畫及權利變換計畫案	擬訂臺北市信義區雅祥段一小段614地號等10筆土地都市更新事業計畫及權利變換計畫案	臺北市信義區雅祥段一小段614、615、615-1、616、617、617-1、618、618-2、618-3、619地號等10筆土地	雅祥段一小段	614	614|615|615-1|616|617|617-1|618|618-2|618-3|619		10				擬訂	0	事業計畫、權利變換	達永建設股份有限公司	弘傑開發事業股份有限公司			信義區-雅祥段一小段-614地號等10筆	false	183
82	2025-10-07	114/10/7	信義區	信義區	擬訂臺北市信義區雅祥段一小段6地號等21筆(原16筆)土地都市更新事業計畫及權利變換計畫案	擬訂臺北市信義區雅祥段一小段6地號等21筆(原16筆)土地都市更新事業計畫及權利變換計畫案	臺北市信義區雅祥段一小段6、10、16、16-8、16-9、16-14、16-15、16-16、16-46、16-47、16-48、19、20、20-1、21、22、23、24、24-2、293、295地號等21筆土地	雅祥段一小段	6	6|10|16|16-8|16-9|16-14|16-15|16-16|16-46|16-47|16-48|19|20|20-1|21|22|23|24|24-2|293|295		21	16			擬訂	0	事業計畫、權利變換	國家住宅及都市更新中心	丹棠開發股份有限公司			信義區-雅祥段一小段-6地號等21筆	true	82
1299	2009-10-14	98/10/14	信義區	信義區	擬訂臺北市信義區雅祥段三小段233地號等2筆土地都市更新事業計畫及權利變換計畫案	擬訂臺北市信義區雅祥段三小段233地號等2筆土地都市更新事業計畫及權利變換計畫案	臺北市信義區雅祥段三小段233、246地號等2筆土地臺北市中正區永昌段六小段158、158-3、158-7、158-8、158-9、158-	雅祥段三小段	233	233|246		2				擬訂	0	事業計畫、權利變換	國美建設股份有限公司	財團法人都市更新研究發展基金會			信義區-雅祥段三小段-233地號等2筆	true	1299
338	2023-04-26	112/4/26	信義區	信義區	擬訂臺北市信義區雅祥段三小段361地號等1筆土地都市更新事業計畫案	擬訂臺北市信義區雅祥段三小段361地號等1筆土地都市更新事業計畫案	臺北市信義區雅祥段三小段3611筆土地	雅祥段三小段	361			1				擬訂	0	事業計畫	東亞建築經理股份有限公司	冠霖不動產顧問股份有限公司		地號無法解析(缺少地號清單)	信義區-雅祥段三小段-361地號等1筆	true	338
634	2020-09-08	109/9/8	信義區	信義區	擬訂臺北市信義區雅祥段二小段469地號等5筆土地都市更新事業計畫案	擬訂臺北市信義區雅祥段二小段469地號等5筆土地都市更新事業計畫案	臺北市信義區雅祥段二小段469、469-1、469-2、474、476地號等5筆土地	雅祥段二小段	469	469|469-1|469-2|474|476		5				擬訂	0	事業計畫	臺北市信義區雅祥段二小段469地號等5筆土地都市更新會	傳家都更開發股設有限公司			信義區-雅祥段二小段-469地號等5筆	true	634
209	2024-06-06	113/6/6	信義區	信義區	擬訂臺北市信義區雅祥段四小段224地號等12筆土地都市更新事業計畫案	擬訂臺北市信義區雅祥段四小段224地號等12筆土地都市更新事業計畫案	臺北市信義區雅祥段四小段224、224-1、225、228、229、231、236、236-1、259、259-1、270、270-1地號等12筆土地	雅祥段四小段	224	224|224-1|225|228|229|231|236|236-1|259|259-1|270|270-1		12				擬訂	0	事業計畫	凱泰建設股份有限公司	一心不動產管理顧問有限公司			信義區-雅祥段四小段-224地號等12筆	true	209
673	2020-05-27	109/5/27	信義區	信義區	擬訂臺北市信義區雅祥段四小段662地號等32筆土地都市更新事業概要案	擬訂臺北市信義區雅祥段四小段662地號等32筆土地都市更新事業概要案	臺北市信義區雅祥段四小段662、662-1、663、663-1、664、664-1、665、665-1、666、666-1、667、667-1、668、668-1、669、669-1、670、670-1、671、671-1、672、672-1、673、673-1、674、674-1、675、675-1、676、676-1、677、677-1地號等32筆土地	雅祥段四小段	662	662|662-1|663|663-1|664|664-1|665|665-1|666|666-1|667|667-1|668|668-1|669|669-1|670|670-1|671|671-1|672|672-1|673|673-1|674|674-1|675|675-1|676|676-1|677|677-1		32				擬訂	0	事業概要	吳恩全	傳家都更開發股份有限公司			信義區-雅祥段四小段-662地號等32筆	true	673
330	2023-05-11	112/5/11	信義區	信義區	變更臺北市信義區雅祥段四小段735地號等44筆土地都市更新事業計畫及擬訂權利變換計畫案	變更臺北市信義區雅祥段四小段735地號等44筆土地都市更新事業計畫及擬訂權利變換計畫案	臺北市信義區雅祥段四小段735、736、736-1、736-2、736-3、736-4、737、739、741、743、745、747、749、751、753、755、757、760、761、762、763、764、765、766、767、768、769、770、771、772-1、772-2、772-3、772-4、772-5、773、780、782、784、786、788、790、792、794、796地號等44筆土地	雅祥段四小段	735	735|736|736-1|736-2|736-3|736-4|737|739|741|743|745|747|749|751|753|755|757|760|761|762|763|764|765|766|767|768|769|770|771|772-1|772-2|772-3|772-4|772-5|773|780|782|784|786|788|790|792|794|796		44				變更	1	事業計畫、權利變換	臺北市信義區雅祥段四小段735地號等44筆土地都市更新會	傳家都更開發股份有限公司(奇模工程有限公司協辦)			信義區-雅祥段四小段-735地號等44筆	true	330
856	2018-10-30	107/10/30	信義區	信義區	擬訂臺北市信義區雅祥段四小段735地號等44筆土地都市更新事業計畫案	擬訂臺北市信義區雅祥段四小段735地號等44筆土地都市更新事業計畫案	臺北市信義區雅祥段四小段735、736、736-1、736-2、736-3、736-4、737、739、741、743、745、747、749、751、753、755、757、760、761、762、763、764、765、766、767、768、769、770、771、772-1、772-2、772-3、772-4、772-5、773、780、782、784、786、788、790、792、794、796地號等44筆土地	雅祥段四小段	735	735|736|736-1|736-2|736-3|736-4|737|739|741|743|745|747|749|751|753|755|757|760|761|762|763|764|765|766|767|768|769|770|771|772-1|772-2|772-3|772-4|772-5|773|780|782|784|786|788|790|792|794|796		44				擬訂	0	事業計畫	臺北市信義區雅祥段四小段735地號等44筆土地都市更新會	傳家都更開發股份有限公司、吳家駒建築師事務所、黃芳利建築師事務所			信義區-雅祥段四小段-735地號等44筆	false	330
107	2025-05-21	114/5/21	內湖區	內湖區	擬訂臺北市內湖區大湖段二小段41地號等5筆(原4筆)土地都市更新事業計畫案	擬訂臺北市內湖區大湖段二小段41地號等5筆(原4筆)土地都市更新事業計畫案	臺北市內湖區大湖段二小段41、42、43、46、47地號等5筆土地	大湖段二小段	41	41|42|43|46|47		5	4			擬訂	0	事業計畫	富裔實業股份有限公司	邑相更新規劃股份有限公司			內湖區-大湖段二小段-41地號等5筆	true	107
68	2025-08-05	114/8/5	內湖區	內湖區	變更(第三次)臺北市內湖區康寧段三小段420地號等8筆土地都市更新事業計畫及變更(第二次)權利變換計畫案	變更(第三次)臺北市內湖區康寧段三小段420地號等8筆土地都市更新事業計畫及變更(第二次)權利變換計畫案	臺北市內湖區康寧段三小段420、420-3、420-4、422-2、422-10、422-22、422-23、422-24地號等8筆土地	康寧段三小段	420	420|420-3|420-4|422-2|422-10|422-22|422-23|422-24		8				變更(第三次)	3	事業計畫、權利變換	和沂建設股份有限公司	一心不動產管理顧問有限公司			內湖區-康寧段三小段-420地號等8筆	true	68
95	2025-08-05	114/8/5	內湖區	內湖區	變更(第二次)臺北市內湖區康寧段三小段420地號等8筆土地都市更新事業計畫及變更權利變換計畫案	變更(第二次)臺北市內湖區康寧段三小段420地號等8筆土地都市更新事業計畫及變更權利變換計畫案	臺北市內湖區康寧段三小段420、420-3、420-4、422-2、422-10、422-22、422-23、422-24地號等8筆土地	康寧段三小段	420	420|420-3|420-4|422-2|422-10|422-22|422-23|422-24		8				變更(第二次)	2	事業計畫、權利變換	京程建設股份有限公司	一心不動產管理顧問有限公司			內湖區-康寧段三小段-420地號等8筆	false	68
144	2025-02-26	114/2/26	內湖區	內湖區	變更臺北市內湖區康寧段三小段420地號等8筆土地都市更新事業計畫及擬訂權利變換計畫案	變更臺北市內湖區康寧段三小段420地號等8筆土地都市更新事業計畫及擬訂權利變換計畫案	臺北市內湖區康寧段三小段420、420-3、420-4、422-2、422-10、422-22、422-23、422-24地號等8筆土地	康寧段三小段	420	420|420-3|420-4|422-2|422-10|422-22|422-23|422-24		8				變更	1	事業計畫、權利變換	璞永建設股份有限公司	里美都市開發股設有限公司			內湖區-康寧段三小段-420地號等8筆	false	68
636	2020-09-08	109/9/8	內湖區	內湖區	擬訂臺北市內湖區康寧段三小段420地號等8筆土地都市更新事業計畫案	擬訂臺北市內湖區康寧段三小段420地號等8筆土地都市更新事業計畫案	臺北市內湖區康寧段三小段420、420-3、420-4、422-2、422-10、422-22、422-23、422-24地號等8筆土地	康寧段三小段	420	420|420-3|420-4|422-2|422-10|422-22|422-23|422-24		8				擬訂	0	事業計畫	璞永建設股份有限公司	里美都市開發股設有限公司			內湖區-康寧段三小段-420地號等8筆	false	68
1317	2009-03-27	98/3/27	內湖區	內湖區	變更臺北市內湖區康寧段三小段430-10地號等9筆土地都市更新事業計畫案	變更臺北市內湖區康寧段三小段430-10地號等9筆土地都市更新事業計畫案	臺北市內湖區康寧段三小段430-10、430-53、430-54、430-55、430-57、430-58、430-70、430-71、430-72地號等9筆土地	康寧段三小段	430-10	430-10|430-53|430-54|430-55|430-57|430-58|430-70|430-71|430-72		9				變更	1	事業計畫	巧洋實業股份有限公司	簡俊卿建築師事務所			內湖區-康寧段三小段-430-10地號等9筆	true	1317
1380	2006-11-10	95/11/10	內湖區	內湖區	擬訂臺北市內湖區康寧段三小段430-10地號等9筆土地都市更新事業計畫案	擬訂臺北市內湖區康寧段三小段430-10地號等9筆土地都市更新事業計畫案	臺北市內湖區康寧段三小段430-10、430-53、430-54、430-55、430-57、430-58、430-70、430-71、430-72地號等9筆土地	康寧段三小段	430-10	430-10|430-53|430-54|430-55|430-57|430-58|430-70|430-71|430-72		9				擬訂	0	事業計畫	巧洋實業股份有限公司	簡俊卿建築師事務所			內湖區-康寧段三小段-430-10地號等9筆	false	1317
260	2023-12-29	112/12/29	內湖區		變更臺北市內湖區康寧段三小段430-48地號等66筆土地都市更新事業計畫及權利變換計畫案	變更臺北市內湖區康寧段三小段430-48地號等66筆土地都市更新事業計畫及權利變換計畫案	3、470-4、470-5、470-6、471、471-1、472、473-2、475-3、475-5、483-5、484-1、484-2、484-3、485、485-2、485-4、485-5、485-6、485-7、485-8、485-9、485-10、485-11、485-12、486-1、486-2、486-3、487-1、487-2、488-1、488-2、488-3、488-4、549-5、550-2及康寧段四小段11、15、16、17、17-1、18、19、20、21、22、23、24、25、26、27、28、29、29-1、30、30-4、30-5、30-6、36-1、37地號等	康寧段三小段	430-48	11|15|16|17|17-1|18|19|20|21|22|23|24|25|26|27|28|29|29-1|30|30-4|30-5|30-6|36-1		66				變更	1	事業計畫、權利變換	凱越建設股份有限公司	凱越建設股份有限公司		案名與地號段小段不一致(地號為及康寧段四小段)	內湖區-康寧段三小段-430-48地號等66筆	true	260
585	2021-02-18	110/2/18	內湖區		擬訂臺北市內湖區康寧段三小段430-48地號等66筆土地都市更新權利變換計畫案	擬訂臺北市內湖區康寧段三小段430-48地號等66筆土地都市更新權利變換計畫案	3、470-4、470-5、470-6、471、471-1、472、473-2、475-3、475-5、483-5、484-1、484-2、484-3、485、485-2、485-4、485-5、485-6、485-7、485-8、485-9、485-10、485-11、485-12、486-1、486-2、486-3、487-1、487-2、488-1、488-2、488-3、488-4、549-5、550-2及康寧段四小段11、15、16、17、17-1、18、19、20、21、22、23、24、25、26、27、28、29、29-1、30、30-4、30-5、30-6、36-1、37地號等	康寧段三小段	430-48	11|15|16|17|17-1|18|19|20|21|22|23|24|25|26|27|28|29|29-1|30|30-4|30-5|30-6|36-1		66				擬訂	0	權利變換	巧洋實業股份有限公司	巧洋實業股份有限公司		案名與地號段小段不一致(地號為及康寧段四小段)	內湖區-康寧段三小段-430-48地號等66筆	false	260
854	2018-11-06	107/11/6	內湖區		擬訂臺北市內湖區康寧段三小段430-48地號等66筆土地都市更新事業計畫案	擬訂臺北市內湖區康寧段三小段430-48地號等66筆土地都市更新事業計畫案	3、470-4、470-5、470-6、471、471-1、472、473-2、475-3、475-5、483-5、484-1、484-2、484-3、485、485-2、485-4、485-5、485-6、485-7、485-8、485-9、485-10、485-11、485-12、486-1、486-2、486-3、487-1、487-2、488-1、488-2、488-3、488-4、549-5、550-2及康寧段四小段11、15、16、17、17-1、18、19、20、21、22、23、24、25、26、27、28、29、29-1、30、30-4、30-5、30-6、36-1、37地號等	康寧段三小段	430-48	11|15|16|17|17-1|18|19|20|21|22|23|24|25|26|27|28|29|29-1|30|30-4|30-5|30-6|36-1		66				擬訂	0	事業計畫	巧洋實業股份有限公司	巧洋實業股份有限公司		案名與地號段小段不一致(地號為及康寧段四小段)	內湖區-康寧段三小段-430-48地號等66筆	false	260
1209	2012-12-04	101/12/4	內湖區	內湖區	變更(第二次)臺北市內湖區康寧段三小段491地號等15筆土地都市更新事業計畫案	變更(第二次)臺北市內湖區康寧段三小段491地號等15筆土地都市更新事業計畫案	臺北市內湖區康寧段三小段429-4、429-6、429-7、430-2、430-3、430-4、430-27、430-49、430-50、430-51、482-2、483-2、491、492-2、497-3地號等15筆土地	康寧段三小段	491	429-4|429-6|429-7|430-2|430-3|430-4|430-27|430-49|430-50|430-51|482-2|483-2|491|492-2|497-3		15				變更(第二次)	2	事業計畫	僑馥建設經理股份有限公司	元宏聯合建築師事務所			內湖區-康寧段三小段-491地號等15筆	true	1209
1362	2007-11-05	96/11/5	內湖區	內湖區	變更臺北市內湖區康寧段三小段491地號等15筆土地都市更新事業計畫案	變更臺北市內湖區康寧段三小段491地號等15筆土地都市更新事業計畫案	臺北市內湖區康寧段三小段429-4、429-6、429-7、430-2、430-3、430-4、430-27、430-49、430-50、430-51、482-2、483-2、491、492-2、497-3地號等15筆土地	康寧段三小段	491	429-4|429-6|429-7|430-2|430-3|430-4|430-27|430-49|430-50|430-51|482-2|483-2|491|492-2|497-3		15				變更	1	事業計畫	文心建設股份有限公司	元宏聯合建築師事務所			內湖區-康寧段三小段-491地號等15筆	false	1209
1382	2006-09-19	95/9/19	內湖區	內湖區	擬訂臺北市內湖區康寧段三小段491地號等15筆土地都市更新事業計畫案	擬訂臺北市內湖區康寧段三小段491地號等15筆土地都市更新事業計畫案	臺北市內湖區康寧段三小段429-4、429-6、429-7、430-2、430-3、430-4、430-27、430-49、430-50、430-51、482-2、483-2、491、492-2、497-3地號等15筆土地	康寧段三小段	491	429-4|429-6|429-7|430-2|430-3|430-4|430-27|430-49|430-50|430-51|482-2|483-2|491|492-2|497-3		15				擬訂	0	事業計畫	巧洋實業股份有限公司	元宏聯合建築師事務所			內湖區-康寧段三小段-491地號等15筆	false	1209
946	2017-10-26	106/10/2６	內湖區	內湖區	變更(第二次)臺北市內湖區康寧段三小段626地號等54筆土地都市更新權利變換計畫案	變更(第二次)臺北市內湖區康寧段三小段626地號等54筆土地都市更新權利變換計畫案	臺北市內湖區康寧段三小段626、627、627-1、628-1、632-1、633、638、658、659、660、661、662、664、665、666、667、668、669、669-1、669-2、669-3、669-4、669-5、669-6、669-7、669-8、670、671、672、673、674、675、675-1、676-1、677、677-2、677-3、678、679、680、681、682、683、684、685、686、687、688、689、693-5、693-8、693-9、698-2、698-3地號等54筆土地	康寧段三小段	626	626|627|627-1|628-1|632-1|633|638|658|659|660|661|662|664|665|666|667|668|669|669-1|669-2|669-3|669-4|669-5|669-6|669-7|669-8|670|671|672|673|674|675|675-1|676-1|677|677-2|677-3|678|679|680|681|682|683|684|685|686|687|688|689|693-5|693-8|693-9|698-2|698-3		54				變更(第二次)	2	權利變換	華和資產管理股份有限公司	鼎昌建築管理股份有限公司			內湖區-康寧段三小段-626地號等54筆	true	946
1017	2016-11-22	105/11/22	內湖區	內湖區	變更(第二次)臺北市內湖區康寧段三小段626地號等54筆土地都市更新事業計畫案	變更(第二次)臺北市內湖區康寧段三小段626地號等54筆土地都市更新事業計畫案	臺北市內湖區康寧段三小段626、627、627-1、628-1、632-1、633、638、658、659、660、661、662、664、665、666、667、668、669、669-1、669-2、669-3、669-4、669-5、669-6、669-7、669-8、670、671、672、673、674、675、675-1、676-1、677、677-2、677-3、678、679、680、681、682、683、684、685、686、687、688、689、693-5、693-8、693-9、698-2、698-3地號等54筆土地	康寧段三小段	626	626|627|627-1|628-1|632-1|633|638|658|659|660|661|662|664|665|666|667|668|669|669-1|669-2|669-3|669-4|669-5|669-6|669-7|669-8|670|671|672|673|674|675|675-1|676-1|677|677-2|677-3|678|679|680|681|682|683|684|685|686|687|688|689|693-5|693-8|693-9|698-2|698-3		54				變更(第二次)	2	事業計畫	華和資產管理股份有限公司	鼎昌建築管理股份有限公司			內湖區-康寧段三小段-626地號等54筆	false	946
1164	2013-10-15	102/10/15	內湖區		變更臺北市內湖區康寧段三小段626地號等54筆土地都市更新事業計畫案	變更臺北市內湖區康寧段三小段626地號等54筆土地都市更新事業計畫案	、638、658、659、660、661、662、664、665、666、667、668、669、669-1、669-2、669-3、669-4、669-5、669-7、669-8、670、671、672、673、674、675、675675-1、676-1、677、677-2、677-3、678、679、680、681、682、683、684、685、686、687、688、689、693-5、693-8、693-9、698-2、698-3地號等54筆土地	康寧段三小段	626	638|658|659|660|661|662|664|665|666|667|668|669|669-1|669-2|669-3|669-4|669-5|669-7|669-8|670|671|672|673|674|675|675675-1|676-1|677|677-2|677-3|678|679|680|681|682|683|684|685|686|687|688|689|693-5|693-8|693-9|698-2|698-3		54				變更	1	事業計畫	康證資產管理股份有限公司	鼎昌建築管理股份有限公司		地號無法解析(缺少段小段)	內湖區-康寧段三小段-626地號等54筆	false	946
1233	2012-01-19	101/1/19	內湖區		擬訂臺北市內湖區康寧段三小段626地號等54筆土地都市更新事業計畫及權利變換計畫案	擬訂臺北市內湖區康寧段三小段626地號等54筆土地都市更新事業計畫及權利變換計畫案	、638、658、659、660、661、662、664、665、666、667、668、669、669-1、669-2、669-3、669-4、669-5、669-7、669-8、670、671、672、673、674、675、675675-1、676-1、677、677-2、677-3、678、679、680、681、682、683、684、685、686、687、688、689、693-5、693-8、693-9、	康寧段三小段	626	638|658|659|660|661|662|664|665|666|667|668|669|669-1|669-2|669-3|669-4|669-5|669-7|669-8|670|671|672|673|674|675|675675-1|676-1|677|677-2|677-3|678|679|680|681|682|683|684|685|686|687|688|689|693-5|693-8|693-9		54				擬訂	0	事業計畫、權利變換	康證資產管理股份有限公司	鼎昌建築管理股份有限公司		地號無法解析(缺少段小段)	內湖區-康寧段三小段-626地號等54筆	false	946
13	2026-07-07	115/7/7	內湖區	內湖區	擬訂臺北市內湖區康寧段三小段811地號等4筆土地都市更新事業計畫及權利變換計畫案	擬訂臺北市內湖區康寧段三小段811地號等4筆土地都市更新事業計畫及權利變換計畫案	臺北市內湖區康寧段三小段811、812、820、821地號等4筆土地	康寧段三小段	811	811|812|820|821		4				擬訂	0	事業計畫、權利變換	豪盛建設股份有限公司	邑相更新規劃股份有限公司			內湖區-康寧段三小段-811地號等4筆	true	13
142	2025-03-05	114/3/5	內湖區	內湖區	擬訂臺北市內湖區康寧段二小段238地號等5筆土地都市更新事業計畫及權利變換計畫案	擬訂臺北市內湖區康寧段二小段238地號等5筆土地都市更新事業計畫及權利變換計畫案	臺北市內湖區康寧段二小段238、239、240、241、241-2地號等5筆土地	康寧段二小段	238	238|239|240|241|241-2		5				擬訂	0	事業計畫、權利變換	壕華建設股份有限公司	安邦工程顧問股份有限公司			內湖區-康寧段二小段-238地號等5筆	true	142
909	2018-03-29	107/3/29	內湖區	內湖區	擬訂臺北市內湖區康寧段二小段242地號等8筆土地都市更新事業計畫案	擬訂臺北市內湖區康寧段二小段242地號等8筆土地都市更新事業計畫案	臺北市內湖區康寧段二小段242、243-2、243-6、244-2、245、246、247及248地號等8筆土地	康寧段二小段	242	242|243-2|243-6|244-2|245|246		8				擬訂	0	事業計畫	壕華建設股份有限公司	安邦工程顧問股份有限公司			內湖區-康寧段二小段-242地號等8筆	true	909
801	2019-04-30	108/4/30	內湖區	內湖區	變更臺北市內湖區康寧段二小段262地號等29筆土地都市更新權利變換計畫案	變更臺北市內湖區康寧段二小段262地號等29筆土地都市更新權利變換計畫案	臺北市內湖區康寧段二小段184-1、235-1、236-1、237-2、249-3、249-5、249-7、249-8、249-9、250-1、250-8、250-9、250-10、250-11、251、252、253、254、255、256、257、258、259、260、261、262地號及碧湖段一小段297-6、298、299地號等29筆土地	康寧段二小段	262	184-1|235-1|236-1|237-2|249-3|249-5|249-7|249-8|249-9|250-1|250-8|250-9|250-10|250-11|251|252|253|254|255|256|257|258|259|260|261|298|299		29				變更	1	權利變換	壕華建設股份有限公司	安邦工程顧問股份有限公司			內湖區-康寧段二小段-262地號等29筆	true	801
1155	2013-11-29	102/11/29	內湖區	內湖區	擬訂臺北市內湖區康寧段二小段262地號等29筆土地都市更新事業計畫及權利變換計畫案	擬訂臺北市內湖區康寧段二小段262地號等29筆土地都市更新事業計畫及權利變換計畫案	臺北市內湖區康寧段二小段184-1、235-1、236-1、237-2、249-3、249-5、249-7、249-8、249-9、250-1、250-8、250-9、250-10、250-11、251、252、253、254、255、256、257、258、259、260、261、262、297-2、298、299地號等29筆土地	康寧段二小段	262	184-1|235-1|236-1|237-2|249-3|249-5|249-7|249-8|249-9|250-1|250-8|250-9|250-10|250-11|251|252|253|254|255|256|257|258|259|260|261|262|297-2|298|299		29				擬訂	0	事業計畫、權利變換	壕華建設股份有限公司	中興都更事業股份有限公司			內湖區-康寧段二小段-262地號等29筆	false	801
1195	2013-02-08	102/2/8	內湖區	內湖區	擬訂臺北市內湖區康寧段二小段67地號等32筆土地都市更新事業計畫案	擬訂臺北市內湖區康寧段二小段67地號等32筆土地都市更新事業計畫案	臺北市內湖區康寧段二小段67、67-1、71、72、72-1、72-2、73、73-1、75、76、79、127、127-1、129、130、130、131、132、133、134、135、136、137、138、139、140、141、142、143、144、145、146、147地號等地號等32筆土地臺北市文山區萬隆段二小段519、519-4、519-5、519-6、519-7、	康寧段二小段	67	67|67-1|71|72|72-1|72-2|73|73-1|75|76|79|127|127-1|129|130|131|132|133|134|135|136|137|138|139|140|141|142|143|144|145|146		32				擬訂	0	事業計畫	敦元建設股份有限公司	敦元建設股份有限公司			內湖區-康寧段二小段-67地號等32筆	true	1195
356	2023-02-23	112/2/23	內湖區	內湖區	擬訂臺北市內湖區康寧段四小段474地號等10筆土地更新權事業計畫案	擬訂臺北市內湖區康寧段四小段474地號等10筆土地更新權事業計畫案	臺北市內湖區康寧段四小段474、475、476、477、478、479、480、481、482、483地號等10筆土地	康寧段四小段	474	474|475|476|477|478|479|480|481|482|483		10				擬訂	0	事業計畫	聯勤建設實業股份有限公司	弘傑開發實業股份有限公司			內湖區-康寧段四小段-474地號等10筆	true	356
1106	2015-04-02	104/4/2	內湖區	內湖區	變更(第三次)臺北市內湖區文德段一小段3地號等24筆土地都市更新權利變換計畫(含釐正圖冊)案	變更(第三次)臺北市內湖區文德段一小段3地號等24筆土地都市更新權利變換計畫(含釐正圖冊)案	臺北市內湖區文德段一小段3、4、5、6、7、8、9、10、11、15、16、17、18、19、20、21-1、82、82-1、83-1、84-2、84-3、85、85-1、86、86-1、87、87-1、88、89、89-6地號等24筆土地	文德段一小段	3	3|4|5|6|7|8|9|10|11|15|16|17|18|19|20|21-1|82|82-1|83-1|84-2|84-3|85|85-1|86|86-1|87|87-1|88|89|89-6		24				變更(第三次)	3	權利變換	友座建設股份有限公司	衡邦工程顧問股份有限公司			內湖區-文德段一小段-3地號等24筆	true	1106
1142	2014-02-13	103/2/13	內湖區	內湖區	變更(第二次)臺北市內湖區文德段一小段3地號等24筆土地都市更新事業計畫及權利變換計畫案	變更(第二次)臺北市內湖區文德段一小段3地號等24筆土地都市更新事業計畫及權利變換計畫案	臺北市內湖區文德段一小段3、4、5、6、7、8、9、10、11、15、16、17、18、19、20、22-1、84-3、85、85-1、86、87、87-1、88、89地號等地號等24筆土地	文德段一小段	3	3|4|5|6|7|8|9|10|11|15|16|17|18|19|20|22-1|84-3|85|85-1|86|87|87-1|88		24				變更(第二次)	2	事業計畫、權利變換	友座建設股份有限公司	衡邦工程顧問股份有限公司			內湖區-文德段一小段-3地號等24筆	false	1106
1189	2013-04-12	102/4/12	內湖區	內湖區	變更臺北市內湖區文德段一小段3地號等24筆土地都市更新事業計畫及權利變換計畫案	變更臺北市內湖區文德段一小段3地號等24筆土地都市更新事業計畫及權利變換計畫案	-7、574、574-1、575-1、576、577、578、579-2、762地號等77筆土地臺北市內湖區文德段一小段3、4、5、6、7、8、9、10、11、15、16、17、18、19、20、22-1、84-3、85、85-1、86、87、87-1、88、89地號等地號等24筆土地臺北市萬華區漢中段二小段328、328-1、329、329-1、330、331、332、333、334、335、336、337、337-1、338、338-	文德段一小段	3	3|4|5|6|7|8|9|10|11|15|16|17|18|19|20|22-1|84-3|85|85-1|86|87|87-1|88		24				變更	1	事業計畫、權利變換	友座建設股份有限公司	衡邦工程顧問股份有限公司			內湖區-文德段一小段-3地號等24筆	false	1106
1276	2010-06-23	99/6/23	內湖區	內湖區	擬訂臺北市內湖區文德段一小段3地號等24筆土地都市更新事業計畫及權利變換計畫案	擬訂臺北市內湖區文德段一小段3地號等24筆土地都市更新事業計畫及權利變換計畫案	臺北市內湖區文德段一小段3、4、5、6、7、8、9、10、11、15、16、17、18、19、20、22-1、84-3、85、85-1、86、87、87-1、88、89地號等地號等24筆土地	文德段一小段	3	3|4|5|6|7|8|9|10|11|15|16|17|18|19|20|22-1|84-3|85|85-1|86|87|87-1|88		24				擬訂	0	事業計畫、權利變換	友座建設股份有限公司	衡邦工程顧問股份有限公司			內湖區-文德段一小段-3地號等24筆	false	1106
861	2018-10-04	107/10/4	內湖區	內湖區	變更(第二次)臺北市內湖區文德段二小段153地號等3筆土地都市更新事業計畫案	變更(第二次)臺北市內湖區文德段二小段153地號等3筆土地都市更新事業計畫案	438、439、440、441、442、443、444、445、446、447、448、449、450臺北市內湖區文德段二小段153、153-3、212地號等3筆土地	文德段二小段	153	153|153-3|212		3				變更(第二次)	2	事業計畫	華固建設股份有限公司	丹棠開發股份有限公司			內湖區-文德段二小段-153地號等3筆	true	861
917	2018-02-13	107/2/13	內湖區	內湖區	變更臺北市內湖區文德段二小段153地號等3筆土地都市更新事業計畫案	變更臺北市內湖區文德段二小段153地號等3筆土地都市更新事業計畫案	臺北市內湖區文德段二小段153、153-3、212地號等3筆土地臺北市大同區雙連段二小段203-1、203-2、203-6、203-7、203-8、231-1、231-2、232-1、233、233-1、233-3、233-4、233-5、233-6、233-	文德段二小段	153	153|153-3|212		3				變更	1	事業計畫	丹棠開發股份有限公司	丹棠開發股份有限公司			內湖區-文德段二小段-153地號等3筆	false	861
1090	2015-07-16	104/7/16	內湖區	內湖區	擬訂臺北市內湖區文德段二小段153地號等3筆土地都市更新事業計畫案	擬訂臺北市內湖區文德段二小段153地號等3筆土地都市更新事業計畫案	臺北市內湖區文德段二小段153、153-3、212地號等3筆土地	文德段二小段	153	153|153-3|212		3				擬訂	0	事業計畫	丹棠開發股份有限公司	丹棠開發股份有限公司			內湖區-文德段二小段-153地號等3筆	false	861
582	2021-03-04	110/3/4	內湖區	內湖區	變更臺北市內湖區文德段二小段232地號等4筆土地都市更新事業計畫及權利變換計畫案	變更臺北市內湖區文德段二小段232地號等4筆土地都市更新事業計畫及權利變換計畫案	臺北市內湖區文德段二小段232、232-14、232-15、232-16地號等4筆土地	文德段二小段	232	232|232-14|232-15|232-16		4				變更	1	事業計畫、權利變換	康厝建設股設有限公司	振皓工程顧問股份有限公司			內湖區-文德段二小段-232地號等4筆	true	582
639	2020-08-26	109/8/26	內湖區	內湖區	擬訂臺北市內湖區文德段二小段232地號等4筆土地都市更新事業計畫及權利變換計畫案	擬訂臺北市內湖區文德段二小段232地號等4筆土地都市更新事業計畫及權利變換計畫案	臺北市內湖區文德段二小段232、232-14、232-15、232-16地號等4筆土地	文德段二小段	232	232|232-14|232-15|232-16		4				擬訂	0	事業計畫、權利變換	宜新開發股設有限公司	振皓工程顧問股份有限公司			內湖區-文德段二小段-232地號等4筆	false	582
597	2021-01-14	110/1/14	內湖區	內湖區	擬訂臺北市內湖區文德段二小段369-2地號等67筆土地都市更新事業計畫案	擬訂臺北市內湖區文德段二小段369-2地號等67筆土地都市更新事業計畫案	臺北市內湖區文德段二小段369-2、370-2、372、401、402、415、416、417、418、419、420、421、422、423、424、425、426、427、428、429、430、431、432、433、434、434-1、435、436、437、438、439、440、441、442、443、444、445、446、447、448、450、451、454、455、456、457、458、459、465、466、467、468、469、470、471、472、479、480、481、483、484、485、486、487、488、489、490地號等67筆土地	文德段二小段	369-2	369-2|370-2|372|401|402|415|416|417|418|419|420|421|422|423|424|425|426|427|428|429|430|431|432|433|434|434-1|435|436|437|438|439|440|441|442|443|444|445|446|447|448|450|451|454|455|456|457|458|459|465|466|467|468|469|470|471|472|479|480|481|483|484|485|486|487|488|489|490		67				擬訂	0	事業計畫	潤泰創新國際股份有限公司	邑相更新規劃股份有限公司			內湖區-文德段二小段-369-2地號等67筆	true	597
62	2025-12-30	114/12/30	內湖區	內湖區	變更(第二次)臺北市內湖區文德段二小段615地號1筆土地都市更新權利變換計畫案	變更(第二次)臺北市內湖區文德段二小段615地號1筆土地都市更新權利變換計畫案	臺北市內湖區文德段二小段615地號1筆土地	文德段二小段	615	615		1				變更(第二次)	2	權利變換	廣宇建設實業股份有限公司	財團法人都市更新研究發展基金會			內湖區-文德段二小段-615地號等1筆	true	62
295	2023-09-05	112/9/5	內湖區	內湖區	變更臺北市內湖區文德段二小段615地號1筆土地都市更新事業計畫及權利變換計畫案	變更臺北市內湖區文德段二小段615地號1筆土地都市更新事業計畫及權利變換計畫案	臺北市內湖區文德段二小段615地號1筆土地	文德段二小段	615	615		1				變更	1	事業計畫、權利變換	廣宇建設實業股份有限公司	財團法人都市更新研究發展基金會			內湖區-文德段二小段-615地號等1筆	false	62
520	2021-11-11	110/11/11	內湖區	內湖區	擬訂臺北市內湖區文德段二小段615地號1筆土地都市更新權利變換計畫案	擬訂臺北市內湖區文德段二小段615地號1筆土地都市更新權利變換計畫案	臺北市內湖區文德段二小段615地號1筆土地	文德段二小段	615	615		1				擬訂	0	權利變換	廣宇建設實業股份有限公司	財團法人都市更新研究發展基金會			內湖區-文德段二小段-615地號等1筆	false	62
753	2019-10-16	108/10/16	內湖區	內湖區	擬訂臺北市內湖區文德段二小段615地號1筆土地都市更新事業計畫案	擬訂臺北市內湖區文德段二小段615地號1筆土地都市更新事業計畫案	臺北市內湖區文德段二小段1地號1筆土地	文德段二小段	615	1		1				擬訂	0	事業計畫	廣宇建設實業股份有限公司	財團法人都市更新研究發展基金會			內湖區-文德段二小段-615地號等1筆-2	true	753
515	2021-11-30	110/11/30	內湖區	內湖區	擬訂臺北市內湖區東湖段一小段14-2地號1筆土地都市更新權利變換計畫案	擬訂臺北市內湖區東湖段一小段14-2地號1筆土地都市更新權利變換計畫案	臺北市內湖區東湖段一小段14-2地號1筆土地	東湖段一小段	14-2	14-2		1				擬訂	0	權利變換	臺北市內湖區東湖段一小段14-2地號(聯邦合家歡社區福祿區)都市更新會	強生都更事業股份有限公司			內湖區-東湖段一小段-14-2地號等1筆	true	515
821	2019-02-20	108/2/20	內湖區	內湖區	擬訂臺北市內湖區東湖段一小段14-2地號1筆土地都市更新事業計畫案	擬訂臺北市內湖區東湖段一小段14-2地號1筆土地都市更新事業計畫案	臺北市內湖區東湖段一小段14-2地號1筆土地臺北市中正區永昌段三小段26-1、28-1、30、30-1、32、33、33-1、	東湖段一小段	14-2	14-2		1				擬訂	0	事業計畫	臺北市內湖區東湖段一小段14-2地號(聯邦合家歡社區福祿區)都市更新會	強生都更事業股份有限公司			內湖區-東湖段一小段-14-2地號等1筆	false	515
599	2021-01-12	110/1/12	內湖區	內湖區	擬訂臺北市內湖區東湖段一小段16-11地號1筆土地都市更新權利變換計畫案	擬訂臺北市內湖區東湖段一小段16-11地號1筆土地都市更新權利變換計畫案	臺北市內湖區東湖段一小段16-11地號1筆土地	東湖段一小段	16-11	16-11		1				擬訂	0	權利變換	家騰建設股份有限公司	奇模工程有限公司			內湖區-東湖段一小段-16-11地號等1筆	true	599
795	2019-05-15	108/5/15	內湖區	內湖區	擬訂臺北市內湖區東湖段一小段16-11地號1筆土地都市更新事業計畫案	擬訂臺北市內湖區東湖段一小段16-11地號1筆土地都市更新事業計畫案	臺北市內湖區東湖段一小段16-11地號1筆土地	東湖段一小段	16-11	16-11		1				擬訂	0	事業計畫	家騰建設股份有限公司	奇模工程有限公司			內湖區-東湖段一小段-16-11地號等1筆	false	599
1199	2013-01-21	102/1/21	內湖區	內湖區	變更臺北市內湖區東湖段一小段17-2地號1筆土地都市更新事業計畫及權利變換計畫案	變更臺北市內湖區東湖段一小段17-2地號1筆土地都市更新事業計畫及權利變換計畫案	臺北市內湖區東湖段一小段17-2地號等1筆土地	東湖段一小段	17-2	17-2		1				變更	1	事業計畫、權利變換	臺北市內湖區東湖段一小段17-2地號(聯邦合家歡社區吉祥區)都市更新會	邑相更新規劃股份有限公司			內湖區-東湖段一小段-17-2地號等1筆	true	1199
1307	2009-06-30	98/6/30	內湖區	內湖區	擬訂臺北市內湖區東湖段一小段17-2地號1筆土地都市更新事業計畫及權利變換計畫案	擬訂臺北市內湖區東湖段一小段17-2地號1筆土地都市更新事業計畫及權利變換計畫案	臺北市內湖區東湖段一小17-2地號等1筆土地	東湖段一小段	17-2			1				擬訂	0	事業計畫、權利變換	臺北市內湖區東湖段一小段17-2地號(聯邦合家歡社區吉祥區)都市更新會	邑相聯合建築師事務所		地號無法解析(缺少地號清單)|案名與地號段小段不一致(地號為東湖段)	內湖區-東湖段一小段-17-2地號等1筆-2	true	1307
618	2020-10-23	109/10/23	內湖區	內湖區	變更(第三次)臺北市內湖區東湖段一小段18地號土地都市更新權利變換計畫案	變更(第三次)臺北市內湖區東湖段一小段18地號土地都市更新權利變換計畫案	臺北市內湖區東湖段一小段18地號1筆土地	東湖段一小段	18	18		1				變更(第三次)	3	權利變換	台北市內湖區東湖段一小段18地號土地(聯邦合家歡社區富貴區)都市更新會	中華建築經理股份有限公司			內湖區-東湖段一小段-18地號等1筆	true	618
645	2020-08-18	109/8/18	內湖區	內湖區	變更(第二次)臺北市內湖區東湖段一小段18地號土地都市更新權利變換計畫案	變更(第二次)臺北市內湖區東湖段一小段18地號土地都市更新權利變換計畫案	臺北市內湖區東湖段一小段18地號1筆土地	東湖段一小段	18	18		1				變更(第二次)	2	權利變換	台北市內湖區東湖段一小段18地號土地(聯邦合家歡社區富貴區)都市更新會	中華建築經理股份有限公司			內湖區-東湖段一小段-18地號等1筆	false	618
722	2020-01-02	109/1/2	內湖區	內湖區	變更臺北市內湖區東湖段一小段18地號土地都市更新權利變換計畫案	變更臺北市內湖區東湖段一小段18地號土地都市更新權利變換計畫案	臺北市內湖區東湖段一小段18地號1筆土地	東湖段一小段	18	18		1				變更	1	權利變換	台北市內湖區東湖段一小段18地號土地(聯邦合家歡社區富貴區)都市更新會	中華建築經理股份有限公司			內湖區-東湖段一小段-18地號等1筆	false	618
1147	2014-01-09	103/1/9	內湖區	內湖區	變更臺北市內湖區東湖段一小段18地號1筆土地都市更新事業計畫及擬訂權利變換計畫案	變更臺北市內湖區東湖段一小段18地號1筆土地都市更新事業計畫及擬訂權利變換計畫案	臺北市內湖區東湖段一小段18地號等1筆土地	東湖段一小段	18	18		1				變更	1	事業計畫、權利變換	台北市內湖區東湖段一小段十八地號土地(聯邦合家歡社區富貴區)都市更新會	邑相更新規劃股份有限公司			內湖區-東湖段一小段-18地號等1筆	false	618
1326	2008-12-31	97/12/31	內湖區	內湖區	擬訂臺北市內湖區東湖段一小段18地號土地(原聯邦合家歡社區富貴區基地)都市更新事業計畫案	擬訂臺北市內湖區東湖段一小段18地號土地(原聯邦合家歡社區富貴區基地)都市更新事業計畫案	臺北市內湖區東湖段一小段18地號等1筆土地	東湖段一小段	18	18		1		原聯邦合家歡社區富貴區基地		擬訂	0	事業計畫	臺北市內湖區東湖段一小段18地號(聯邦合家歡社區富貴區)都市更新會	邑相更新規劃股份有限公司			內湖區-東湖段一小段-18地號等1筆	false	618
38	2026-04-16	115/4/16	內湖區	內湖區	擬訂臺北市內湖區東湖段一小段20-6地號1筆土地都市更新事業計畫及權利變換計畫案	擬訂臺北市內湖區東湖段一小段20-6地號1筆土地都市更新事業計畫及權利變換計畫案	臺北市內湖區東湖段一小段20-6地號1筆土地	東湖段一小段	20-6	20-6		1				擬訂	0	事業計畫、權利變換	華誼建設股份有限公司	程煦實業有限公司			內湖區-東湖段一小段-20-6地號等1筆	true	38
1167	2013-09-23	102/9/23	內湖區	內湖區	擬訂臺北市內湖區東湖段一小段20-9地號1筆土地(聯邦合家歡如意區)都市更新事業計畫及權利變換計畫案	擬訂臺北市內湖區東湖段一小段20-9地號1筆土地(聯邦合家歡如意區)都市更新事業計畫及權利變換計畫案	臺北市內湖區東湖段一小段20-9地號等1筆土地	東湖段一小段	20-9	20-9		1				擬訂	0	事業計畫、權利變換	臺北市內湖區東湖段一小段20-9地號(聯邦合家歡社區如意區)都市更新會	邑相更新規劃股份有限公司			內湖區-東湖段一小段-20-9地號等1筆	true	1167
270	2023-12-05	112/12/5	內湖區	內湖區	擬訂臺北市內湖區東湖段一小段30-4地號等3筆土地都市更新事業計畫及權利變換計畫案	擬訂臺北市內湖區東湖段一小段30-4地號等3筆土地都市更新事業計畫及權利變換計畫案	臺北市內湖區東湖段一小段30-4、30-8、30-9地號等3筆土地	東湖段一小段	30-4	30-4|30-8|30-9		3				擬訂	0	事業計畫、權利變換	臺北市內湖區東湖段一小段30-4地號等3筆土地都市更新會	邑相更新規劃股份有限公司			內湖區-東湖段一小段-30-4地號等3筆	true	270
51	2026-02-21	115/2/21	內湖區	內湖區	擬訂臺北市內湖區東湖段一小段34地號1筆土地都市更新事業計畫及權利變換計畫案	擬訂臺北市內湖區東湖段一小段34地號1筆土地都市更新事業計畫及權利變換計畫案	臺北市內湖區東湖段一小段34地號1筆土地	東湖段一小段	34	34		1				擬訂	0	事業計畫、權利變換	臺北市內湖區東湖段一小段34地號1筆土地更新單元都市更新會	東亞建築經理股份有限公司			內湖區-東湖段一小段-34地號等1筆	true	51
959	2017-08-29	106/8/29	內湖區	內湖區	變更臺北市內湖區東湖段一小段20-9地號土地都市更新權利變換計畫案(含釐正圖冊)	變更臺北市內湖區東湖段一小段20-9地號土地都市更新權利變換計畫案(含釐正圖冊)	臺北市內湖區東湖段一小段20-91筆土地	東湖段一小段								變更	1	權利變換	臺北市內湖區東湖段一小段20-9地號(聯邦合家歡社區如意區)都市更新會	邑相更新規劃股份有限公司		地號無法解析(缺少地號清單)	內湖區-東湖段一小段-地號等?筆	true	959
176	2024-11-19	113/11/19	內湖區	內湖區	擬訂臺北市內湖區東湖段五小段13地號等10筆土地都市更新事業計畫案	擬訂臺北市內湖區東湖段五小段13地號等10筆土地都市更新事業計畫案	臺北市內湖區東湖段五小段13、14、16、16-1、17-2、19、27-1、28、29、34地號等10筆土地	東湖段五小段	13	13|14|16|16-1|17-2|19|27-1|28|29|34		10				擬訂	0	事業計畫	順天建設股份有限公司	丹棠開發股份有限公司			內湖區-東湖段五小段-13地號等10筆	true	176
372	2022-12-30	111/12/30	內湖區	內湖區	變更(第二次)臺北市內湖區東湖段六小段245-2地號等15筆土地都市更新權利變換計畫案	變更(第二次)臺北市內湖區東湖段六小段245-2地號等15筆土地都市更新權利變換計畫案	臺北市內湖區東湖段六小段245-2、246-2、247、248-1、249、251、252、284、284-1、295、296、299、300、301及302地號等15筆土地	東湖段六小段	245-2	245-2|246-2|247|248-1|249|251|252|284|284-1|295|296|299|300		15				變更(第二次)	2	權利變換	富享建設股份有限公司	正宇都市更新股份有限公司			內湖區-東湖段六小段-245-2地號等15筆	true	372
557	2021-07-13	110/7/13	內湖區	內湖區	變更臺北市內湖區東湖段六小段245-2地號等15筆土地都市更新事業計畫及權利變換計畫案	變更臺北市內湖區東湖段六小段245-2地號等15筆土地都市更新事業計畫及權利變換計畫案	臺北市內湖區東湖段六小段245-2、246-2、247、248-1、249、251、252、284、284-1、295、296、299、300、301及302地號等15筆土地	東湖段六小段	245-2	245-2|246-2|247|248-1|249|251|252|284|284-1|295|296|299|300		15				變更	1	事業計畫、權利變換	富享建設股份有限公司	正宇都市更新股份有限公司			內湖區-東湖段六小段-245-2地號等15筆	false	372
877	2018-07-24	107/7/24	內湖區	內湖區	擬訂臺北市內湖區東湖段六小段245-2地號等15筆土地都市更新事業計畫及權利變換計畫案	擬訂臺北市內湖區東湖段六小段245-2地號等15筆土地都市更新事業計畫及權利變換計畫案	臺北市內湖區東湖段六小段245-2、246-2、247、248-1、249、251、252、284、284-1、295、296、299、300、301及302地號等15筆土地	東湖段六小段	245-2	245-2|246-2|247|248-1|249|251|252|284|284-1|295|296|299|300		15				擬訂	0	事業計畫、權利變換	富享建設股份有限公司	吳非士建築師事務所			內湖區-東湖段六小段-245-2地號等15筆	false	372
254	2024-01-31	113/1/31	內湖區	內湖區	擬訂臺北市內湖區潭美段三小段726地號1筆土地都市更新事業計畫案	擬訂臺北市內湖區潭美段三小段726地號1筆土地都市更新事業計畫案	臺北市內湖區潭美段三小段7261筆土地	潭美段三小段	726			1				擬訂	0	事業計畫	耀達建設股份有限公司	丹棠開發股份有限公司		地號無法解析(缺少地號清單)	內湖區-潭美段三小段-726地號等1筆	true	254
75	2025-10-31	114/10/31	內湖區	內湖區	變更臺北市內湖區潭美段四小段242地號1筆土地都市更新事業計畫及權利變換計畫案	變更臺北市內湖區潭美段四小段242地號1筆土地都市更新事業計畫及權利變換計畫案	臺北市內湖區潭美段四小段242地號1筆土地	潭美段四小段	242	242		1				變更	1	事業計畫、權利變換	德合建設股份有限公司	景信實業股份有限公司			內湖區-潭美段四小段-242地號等1筆	true	75
110	2025-05-15	114/5/15	內湖區	內湖區	擬訂臺北市內湖區潭美段四小段242地號1筆土地都市更新事業計畫及權利變換計畫案	擬訂臺北市內湖區潭美段四小段242地號1筆土地都市更新事業計畫及權利變換計畫案	臺北市內湖區潭美段四小段242地號1筆土地	潭美段四小段	242	242		1				擬訂	0	事業計畫、權利變換	臺北市內湖區潭美段四小段242地號1筆土地都市更新會	景信實業股份有限公司			內湖區-潭美段四小段-242地號等1筆	false	75
1315	2009-04-16	98/4/16	內湖區	內湖區	變更臺北市內湖區潭美段四小段417地號等3筆土地都市更新事業計畫案	變更臺北市內湖區潭美段四小段417地號等3筆土地都市更新事業計畫案	臺北市內湖區潭美段四小段415-6、416-6、417地號等3筆土地	潭美段四小段	417	415-6|416-6|417		3				變更	1	事業計畫	崇偉營造工程股份有限公司	俞聖衡建築師事務所			內湖區-潭美段四小段-417地號等3筆	true	1315
1366	2007-10-16	96/10/16	內湖區	內湖區	擬訂臺北市內湖區潭美段四小段417地號等3筆土地都市更新事業計畫案	擬訂臺北市內湖區潭美段四小段417地號等3筆土地都市更新事業計畫案	468-50、468-51、468-52、468-53、468-54地號等58筆土地臺北市內湖區潭美段四小段415-6、416-6、417地號等3筆土地	潭美段四小段	417	415-6|416-6|417		3				擬訂	0	事業計畫	崇偉營造工程股份有限公司	呂廣盈建築師事務所			內湖區-潭美段四小段-417地號等3筆	false	1315
910	2018-03-27	107/3/27	內湖區	內湖區	變更臺北市內湖區潭美段四小段481地號等4筆土地都市更新事業計畫案	變更臺北市內湖區潭美段四小段481地號等4筆土地都市更新事業計畫案	臺北市內湖區潭美段四小段481、483、484-1、499-2地號等4筆土地	潭美段四小段	481	481|483|484-1|499-2		4				變更	1	事業計畫	翔譽國際建設股份有限公司	冠霖不動產顧問股份有限公司			內湖區-潭美段四小段-481地號等4筆	true	910
1094	2015-07-02	104/7/2	內湖區	內湖區	擬訂臺北市內湖區潭美段四小段481地號等4筆土地都市更新事業計畫案	擬訂臺北市內湖區潭美段四小段481地號等4筆土地都市更新事業計畫案	臺北市內湖區潭美段四小段481、483、484-1、499-2地號等4筆土地	潭美段四小段	481	481|483|484-1|499-2		4				擬訂	0	事業計畫	翔譽國際建設股份有限公司	冠霖不動產股份有限公司			內湖區-潭美段四小段-481地號等4筆	false	910
603	2020-12-29	109/12/29	內湖區	內湖區	變更(第5次)臺北市內湖區潭美段四小段579-2地號等21筆土地都市更新權利變換計畫案	變更(第5次)臺北市內湖區潭美段四小段579-2地號等21筆土地都市更新權利變換計畫案	臺北市內湖區潭美段四小段579-2、579-4、580、581、582、583、584、585、586、587、588、589、590、591、594、595、596、599、600、601、604地號等21筆土地	潭美段四小段	579-2	579-2|579-4|580|581|582|583|584|585|586|587|588|589|590|591|594|595|596|599|600|601|604		21				變更	1	權利變換	福一建設股份有限公司	大展資產顧問股份有限公司			內湖區-潭美段四小段-579-2地號等21筆	true	603
613	2020-11-18	109/11/18	內湖區	內湖區	變更(第4次)臺北市內湖區潭美段四小段579-2地號等21筆土地都市更新權利變換計畫(含釐正圖冊)案	變更(第4次)臺北市內湖區潭美段四小段579-2地號等21筆土地都市更新權利變換計畫(含釐正圖冊)案	臺北市內湖區潭美段四小段579-2、579-4、580、581、582、583、584、585、586、587、588、589、590、591、594、595、596、599、600、601、604地號等21筆土地	潭美段四小段	579-2	579-2|579-4|580|581|582|583|584|585|586|587|588|589|590|591|594|595|596|599|600|601|604		21				變更	1	權利變換	福一建設股份有限公司	大展資產顧問股份有限公司			內湖區-潭美段四小段-579-2地號等21筆	false	603
660	2020-07-08	109/7/8	內湖區	內湖區	變更(第3次)臺北市內湖區潭美段四小段579-2地號等21筆土地都市更新權利變換計畫案	變更(第3次)臺北市內湖區潭美段四小段579-2地號等21筆土地都市更新權利變換計畫案	383、383-1、383-2、383-3、383-4、383-5、383-6、383-7、383-8、384、384-2、384-4、384-5、391-1、440-1、494-2地號等101筆土地臺北市內湖區潭美段四小段579-2、579-4、580、581、582、583、584、585、586、587、588、589、590、591、594、595、596、599、600、601、604地號等21筆土地	潭美段四小段	579-2	579-2|579-4|580|581|582|583|584|585|586|587|588|589|590|591|594|595|596|599|600|601|604		21				變更	1	權利變換	福一建設股份有限公司	大展資產顧問股份有限公司			內湖區-潭美段四小段-579-2地號等21筆	false	603
683	2020-04-29	109/4/29	內湖區	內湖區	變更(第二次)臺北市內湖區潭美段四小段579-2地號等21筆土地都市更新事業計畫及權利變換計畫案	變更(第二次)臺北市內湖區潭美段四小段579-2地號等21筆土地都市更新事業計畫及權利變換計畫案	臺北市內湖區潭美段四小段579-2、579-4、580、581、582、583、584、585、586、587、588、589、590、591、594、595、596、599、600、601、604地號等21筆土地	潭美段四小段	579-2	579-2|579-4|580|581|582|583|584|585|586|587|588|589|590|591|594|595|596|599|600|601|604		21				變更(第二次)	2	事業計畫、權利變換	福一建設股份有限公司	大展資產顧問股份有限公司			內湖區-潭美段四小段-579-2地號等21筆	false	603
832	2019-01-30	108/1/30	內湖區	內湖區	變更臺北市內湖區潭美段四小段579-2地號等21筆土地都市更新事業計畫及權利變換計畫案	變更臺北市內湖區潭美段四小段579-2地號等21筆土地都市更新事業計畫及權利變換計畫案	臺北市內湖區潭美段四小段579-2、579-4、580、581、582、583、584、585、586、587、588、589、590、591、594、595、596、599、600、601、604地號等21筆土地	潭美段四小段	579-2	579-2|579-4|580|581|582|583|584|585|586|587|588|589|590|591|594|595|596|599|600|601|604		21				變更	1	事業計畫、權利變換	福一建設股份有限公司	大展資產顧問股份有限公司			內湖區-潭美段四小段-579-2地號等21筆	false	603
1048	2016-05-24	105/5/24	內湖區	內湖區	擬訂臺北市內湖區潭美段四小段579-2地號等21筆土地都市更新權利變換計畫案	擬訂臺北市內湖區潭美段四小段579-2地號等21筆土地都市更新權利變換計畫案	臺北市內湖區潭美段四小段579-2、579-4、580、581、582、583、584、585、586、587、588、589、590、591、594、595、596、599、600、601、604地號等21筆土地	潭美段四小段	579-2	579-2|579-4|580|581|582|583|584|585|586|587|588|589|590|591|594|595|596|599|600|601|604		21				擬訂	0	權利變換	福一建設股份有限公司	大展資產顧問股份有限公司			內湖區-潭美段四小段-579-2地號等21筆	false	603
1178	2013-07-11	102/7/11	內湖區	內湖區	擬訂臺北市內湖區潭美段四小段579-2地號等21筆土地都市更新事業計畫案	擬訂臺北市內湖區潭美段四小段579-2地號等21筆土地都市更新事業計畫案	臺北市內湖區潭美段四小段579-2、579-4、580、581、582、583、584、585、586、587、588、589、590、591、594、595、596、599、600、601、604地號等21筆土地	潭美段四小段	579-2	579-2|579-4|580|581|582|583|584|585|586|587|588|589|590|591|594|595|596|599|600|601|604		21				擬訂	0	事業計畫	福一建設股份有限公司	大展資產顧問股份有限公司			內湖區-潭美段四小段-579-2地號等21筆	false	603
1032	2016-09-08	105/9/8	內湖區	內湖區	變更臺北市內湖區石潭段三小段479地號等13筆土地都市更新權利變換計畫(釐正圖冊)案	變更臺北市內湖區石潭段三小段479地號等13筆土地都市更新權利變換計畫(釐正圖冊)案	臺北市內湖區石潭段三小段479、457、471、473、474、477、478、480、481、493-3、495、537-2、537-3地號等13筆土地	石潭段三小段	479	479|457|471|473|474|477|478|480|481|493-3|495|537-2|537-3		13				變更	1	權利變換	聯勤建設實業股份有限公司	財團法人都市更新研究發展基金會			內湖區-石潭段三小段-479地號等13筆	true	1032
1095	2015-07-02	104/7/2	內湖區	內湖區	變更臺北市內湖區石潭段三小段479地號等13筆土地都市更新事業計畫及權利變換計畫案	變更臺北市內湖區石潭段三小段479地號等13筆土地都市更新事業計畫及權利變換計畫案	臺北市內湖區石潭段三小段537-2、537-3、457、471、473、474、478、479、480、481、493-3、495地號等13筆土地	石潭段三小段	479	537-2|537-3|457|471|473|474|478|479|480|481|493-3|495		13				變更	1	事業計畫、權利變換	聯勤建設實業股份有限公司	財團法人都市更新研究發展基金會			內湖區-石潭段三小段-479地號等13筆	false	1032
1206	2012-12-20	101/12/20	內湖區	內湖區	擬訂臺北市內湖區石潭段三小段479地號等13筆土地都市更新事業計畫及權利變換計畫案	擬訂臺北市內湖區石潭段三小段479地號等13筆土地都市更新事業計畫及權利變換計畫案	臺北市內湖區石潭段三小段537-2、537-3、457、471、473、474、478、479、480、481、493-3、495地號等13筆土地	石潭段三小段	479	537-2|537-3|457|471|473|474|478|479|480|481|493-3|495		13				擬訂	0	事業計畫、權利變換	聯勤建設實業股份有限公司	財團法人都市更新研究發展基金會			內湖區-石潭段三小段-479地號等13筆	false	1032
443	2022-06-22	111/6/22	內湖區	內湖區	變更(第二次)臺北市內湖區石潭段三小段482地號等8筆土地都市更新權利變換計畫案	變更(第二次)臺北市內湖區石潭段三小段482地號等8筆土地都市更新權利變換計畫案	臺北市內湖區石潭段三小段482、483、484、493、493-2、537、548-1、548-3地號等8筆土地	石潭段三小段	482	482|483|484|493|493-2|537|548-1|548-3		8				變更(第二次)	2	權利變換	敦福開發股份有限公司	弘傑開發事業股份有限公司			內湖區-石潭段三小段-482地號等8筆	true	443
499	2021-12-28	110/12/28	內湖區	內湖區	變更臺北市內湖區石潭段三小段482地號等8筆土地都市更新權利變換計畫案	變更臺北市內湖區石潭段三小段482地號等8筆土地都市更新權利變換計畫案	臺北市內湖區石潭段三小段482、483、484、493、493-2、537、548-1、548-3地號等8筆土地	石潭段三小段	482	482|483|484|493|493-2|537|548-1|548-3		8				變更	1	權利變換	敦福開發股份有限公司	弘傑開發事業股份有限公司			內湖區-石潭段三小段-482地號等8筆	false	443
1030	2016-09-22	105/9/22	內湖區	內湖區	擬訂臺北市內湖區石潭段三小段482地號等8筆土地都市更新事業計畫及權利變換計畫案	擬訂臺北市內湖區石潭段三小段482地號等8筆土地都市更新事業計畫及權利變換計畫案	臺北市內湖區石潭段三小段482、483、484、493、493-2、537、548-1、548-3地號等8筆土地	石潭段三小段	482	482|483|484|493|493-2|537|548-1|548-3		8				擬訂	0	事業計畫、權利變換	敦福開發股份有限公司	簡俊卿建築師事務所			內湖區-石潭段三小段-482地號等8筆	false	443
1339	2008-07-25	97/7/25	內湖區	內湖區	變更臺北市內湖區石潭段三小段660地號等7筆土地都市更新事業計畫案	變更臺北市內湖區石潭段三小段660地號等7筆土地都市更新事業計畫案	臺北市內湖區石潭段三小段655、656、657、658、660、661地號等6筆土地	石潭段三小段	660	655|656|657|658|660|661		7				變更	1	事業計畫	東馬建設股份有限公司	新境國際規劃設計顧問有限公司			內湖區-石潭段三小段-660地號等7筆	true	1339
1372	2007-07-27	96/7/27	內湖區	內湖區	擬訂臺北市內湖區石潭段三小段660地號等6筆土地都市更新事業計畫案	擬訂臺北市內湖區石潭段三小段660地號等6筆土地都市更新事業計畫案	臺北市內湖區石潭段三小段655、656、657、658、660、661地號等6筆土地臺北市中山區長春段二小段559-5、559-10、559-11、635、636、637、	石潭段三小段	660	655|656|657|658|660|661		6				擬訂	0	事業計畫	東馬建設股份有限公司	新境國際規劃設計顧問有限公司			內湖區-石潭段三小段-660地號等7筆	false	1339
731	2019-12-05	108/12/5	內湖區	內湖區	變更臺北市內湖區碧湖段一小段87-9地號等7筆土地都市更新權利變換計畫案	變更臺北市內湖區碧湖段一小段87-9地號等7筆土地都市更新權利變換計畫案	臺北市內湖區碧湖段一小段87-9、742-12、762、768、769、770-1及770-2地號等7筆土地	碧湖段一小段	87-9	87-9|742-12|762|768|769		7				變更	1	權利變換	昇陽建設企業股份有限公司	力冠丰都市規劃有限公司			內湖區-碧湖段一小段-87-9地號等7筆	true	731
993	2017-03-23	106/3/23	內湖區	內湖區	擬訂臺北市內湖區碧湖段一小段87-9地號等7筆土地都市更新事業計畫及權利變換計畫案	擬訂臺北市內湖區碧湖段一小段87-9地號等7筆土地都市更新事業計畫及權利變換計畫案	臺北市內湖區碧湖段一小段87-9、742-12、762、768、769、770-1及770-2地號等7筆土地	碧湖段一小段	87-9	87-9|742-12|762|768|769		7				擬訂	0	事業計畫、權利變換	昇陽建設企業股份有限公司	力冠丰都市規劃有限公司			內湖區-碧湖段一小段-87-9地號等7筆	false	731
373	2022-12-29	111/12/29	內湖區	內湖區	擬訂臺北市內湖區碧湖段三小段1-2地號等12筆土地都市更新權利變換計畫案	擬訂臺北市內湖區碧湖段三小段1-2地號等12筆土地都市更新權利變換計畫案	臺北市內湖區碧湖段三小段1-2、5、6、7、8、9、10、11、12、13、14、22-8地號等12筆土地	碧湖段三小段	1-2	1-2|5|6|7|8|9|10|11|12|13|14|22-8		12				擬訂	0	權利變換	德昀建設股份有限公司	里美都市開發股份有限公司			內湖區-碧湖段三小段-1-2地號等12筆	true	373
691	2020-04-09	109/4/9	內湖區	內湖區	擬訂臺北市內湖區碧湖段三小段1-2地號等12筆土地都市更新事業計畫案	擬訂臺北市內湖區碧湖段三小段1-2地號等12筆土地都市更新事業計畫案	臺北市內湖區碧湖段三小段1-2、5、6、7、8、9、10、11、12、13、14、22-8地號等12筆土地臺北市中正區永昌段三小段26-1、28-1、30、30-1、32、33、33-1、	碧湖段三小段	1-2	1-2|5|6|7|8|9|10|11|12|13|14|22-8		12				擬訂	0	事業計畫	德昀建設股份有限公司	里美都市開發股份有限公司			內湖區-碧湖段三小段-1-2地號等12筆	false	373
429	2022-08-17	111/8/17	內湖區	內湖區	變更(第二次)臺北市內湖區碧湖段二小段475-6地號1筆土地都市更新權利變換計畫案	變更(第二次)臺北市內湖區碧湖段二小段475-6地號1筆土地都市更新權利變換計畫案	臺北市內湖區碧湖段二小段475-6地號1筆土地	碧湖段二小段	475-6	475-6		1				變更(第二次)	2	權利變換	臺北市內湖區碧湖段二小段475-6地號1筆土地都市更新會	振皓工程顧問股份有限公司			內湖區-碧湖段二小段-475-6地號等1筆	true	429
511	2021-12-07	110/12/7	內湖區	內湖區	變更臺北市內湖區碧湖段二小段475-6地號1筆土地都市更新事業計畫及權利變換計畫案	變更臺北市內湖區碧湖段二小段475-6地號1筆土地都市更新事業計畫及權利變換計畫案	臺北市內湖區碧湖段二小段475-6地號1筆土地	碧湖段二小段	475-6	475-6		1				變更	1	事業計畫、權利變換	臺北市內湖區碧湖段二小段475-6地號1筆土地都市更新會	振皓工程顧問股份有限公司			內湖區-碧湖段二小段-475-6地號等1筆	false	429
890	2018-06-14	107/6/14	內湖區	內湖區	擬訂臺北市內湖區碧湖段二小段475-6地號1筆土地都市更新事業計畫及權利變換計畫案	擬訂臺北市內湖區碧湖段二小段475-6地號1筆土地都市更新事業計畫及權利變換計畫案	臺北市內湖區碧湖段二小段475-6地號1筆土地	碧湖段二小段	475-6	475-6		1				擬訂	0	事業計畫、權利變換	臺北市內湖區碧湖段二小段475-6地號1筆土地都市更新會	振皓工程顧問股份有限公司			內湖區-碧湖段二小段-475-6地號等1筆	false	429
122	2025-04-16	114/4/16	內湖區	內湖區	變更臺北市內湖區碧湖段四小段410地號等8筆(原4筆)土地都市更新事業計畫及權利變換計畫案	變更臺北市內湖區碧湖段四小段410地號等8筆(原4筆)土地都市更新事業計畫及權利變換計畫案	臺北市內湖區碧湖段四小段382、382-1、383、383-1、410、410-1、416-1、423地號等8筆土地	碧湖段四小段	410	382|382-1|383|383-1|410|410-1|416-1|423		8	4			變更	1	事業計畫、權利變換	士林開發股份有限公司	財團法人都市更新研究發展基金會			內湖區-碧湖段四小段-410地號等8筆	true	122
386	2022-12-06	111/12/6	內湖區	內湖區	擬訂臺北市內湖區碧湖段四小段410地號等8筆(原4筆)土地都市更新權利變換計畫案	擬訂臺北市內湖區碧湖段四小段410地號等8筆(原4筆)土地都市更新權利變換計畫案	臺北市內湖區碧湖段四小段382、382-1、383、383-1、410、410-1、416-1、423地號等8筆土地	碧湖段四小段	410	382|382-1|383|383-1|410|410-1|416-1|423		8	4			擬訂	0	權利變換	士林開發股份有限公司	財團法人都市更新研究發展基金會			內湖區-碧湖段四小段-410地號等8筆	false	122
608	2020-11-26	109/11/26	內湖區	內湖區	擬訂臺北市內湖區碧湖段四小段410地號等8筆(原4筆)土地都市更新事業計畫案	擬訂臺北市內湖區碧湖段四小段410地號等8筆(原4筆)土地都市更新事業計畫案	臺北市內湖區碧湖段四小段382、382-1、383、383-1、410、410-1、416-1、423地號等8筆土地	碧湖段四小段	410	382|382-1|383|383-1|410|410-1|416-1|423		8	4			擬訂	0	事業計畫	士林開發股份有限公司	財團法人都市更新研究發展基金會			內湖區-碧湖段四小段-410地號等8筆	false	122
607	2020-12-01	109/12/1	北投區	北投區	擬訂臺北市北投區大業段一小段401號等10筆土地都市更新事業計畫及權利變換計畫案	擬訂臺北市北投區大業段一小段401號等10筆土地都市更新事業計畫及權利變換計畫案	臺北市北投區大業段一小段401、411、412、416、418、419、422、423、424、425地號等10筆土地	大業段一小段	401	401|411|412|416|418|419|422|423|424|425		10				擬訂	0	事業計畫、權利變換	達永開發股份有限公司	黃秀莊建築師事務所			北投區-大業段一小段-401地號等10筆	true	607
20	2026-06-01	115/6/1	北投區	北投區	變更臺北市北投區大業段三小段184-1地號等10筆土地都市更新權利變換計畫案	變更臺北市北投區大業段三小段184-1地號等10筆土地都市更新權利變換計畫案	臺北市北投區大業段三小段184-1、187、191、192、196、200、201、202、203、205地號等10筆土地	大業段三小段	184-1	184-1|187|191|192|196|200|201|202|203|205		10				變更	1	權利變換	久舜營造股份有限公司	規模工程顧問有限公司			北投區-大業段三小段-184-1地號等10筆	true	20
274	2023-11-23	112/11/23	北投區	北投區	變更臺北市北投區大業段三小段184-1地號等10筆土地都市更新事業計畫及擬訂權利變換計畫案	變更臺北市北投區大業段三小段184-1地號等10筆土地都市更新事業計畫及擬訂權利變換計畫案	臺北市北投區大業段三小段184-1、187、191、192、196、200、201、202、203、205地號等10筆土地	大業段三小段	184-1	184-1|187|191|192|196|200|201|202|203|205		10				變更	1	事業計畫、權利變換	久舜營造股份有限公司	規模工程顧問有限公司			北投區-大業段三小段-184-1地號等10筆	false	20
621	2020-09-30	109/9/30	北投區	北投區	擬訂臺北市北投區大業段三小段184-1地號等10筆土地都市更新事業換計畫案	擬訂臺北市北投區大業段三小段184-1地號等10筆土地都市更新事業換計畫案	臺北市北投區大業段三小段184-1、187、191、192、196、200、201、202、203、205地號等10筆土地	大業段三小段	184-1	184-1|187|191|192|196|200|201|202|203|205		10				擬訂	0	其他	正文建設股份有限公司	振皓工程顧問股份有限公司			北投區-大業段三小段-184-1地號等10筆	false	20
23	2026-06-03	115/6/3	北投區	北投區	變更(第二次)臺北市北投區大業段三小段314地號等21筆土地都市更新事業計畫及變更(第一次)權利變換計畫案	變更(第二次)臺北市北投區大業段三小段314地號等21筆土地都市更新事業計畫及變更(第一次)權利變換計畫案	臺北市北投區大業段三小段314、323、324、325、326、327、328、329、330、331、331-2、332、348、349、350、351、352、353、354、356、362-1地號等21筆土地	大業段三小段	314	314|323|324|325|326|327|328|329|330|331|331-2|332|348|349|350|351|352|353|354|356|362-1		21				變更(第二次)	2	事業計畫、權利變換	興富發建設股份有限公司	力冠丰都市規劃有限公司			北投區-大業段三小段-314地號等21筆	true	23
707	2020-01-21	109/1/21	北投區	北投區	變更臺北市北投區大業段三小段314地號等21筆土地都市更新事業計畫案	變更臺北市北投區大業段三小段314地號等21筆土地都市更新事業計畫案	臺北市北投區大業段三小段314、323、324、325、326、327、328、329、330、331、331-2、332、348、349、350、351、352、353、354、356、362-1地號等21筆土地	大業段三小段	314	314|323|324|325|326|327|328|329|330|331|331-2|332|348|349|350|351|352|353|354|356|362-1		21				變更	1	事業計畫	興富發建設股份有限公司	力冠丰都市規劃有限公司			北投區-大業段三小段-314地號等21筆	false	23
934	2017-12-05	106/12/5	北投區	北投區	擬訂臺北市北投區大業段三小段314地號等21筆土地都市更新事業計畫及權利變換計畫案	擬訂臺北市北投區大業段三小段314地號等21筆土地都市更新事業計畫及權利變換計畫案	臺北市北投區大業段三小段314、323、324、325、326、327、328、329、330、331、331-2、332、348、349、350、351、352、353、354、356、362-1地號等21筆土地	大業段三小段	314	314|323|324|325|326|327|328|329|330|331|331-2|332|348|349|350|351|352|353|354|356|362-1		21				擬訂	0	事業計畫、權利變換	興富發建設股份有限公司	力冠丰都市規劃有限公司			北投區-大業段三小段-314地號等21筆	false	23
1403	2004-11-08	93/11/8	北投區	北投區	擬訂臺北市北投區大業段三小段461地號等9筆土地都市更新事業計畫案	擬訂臺北市北投區大業段三小段461地號等9筆土地都市更新事業計畫案	臺北市北投區大業段三小段461、462、463、464、465、466、467、468、472地號等9筆土地	大業段三小段	461	461|462|463|464|465|466|467|468|472		9				擬訂	0	事業計畫	大漢建設股份有限公司	金以容建築師事務所			北投區-大業段三小段-461地號等9筆	true	1403
44	2026-03-17	115/3/17	北投區	北投區	變更(第二次)臺北市北投區大業段三小段762地號等31筆土地都市更新事業計畫及權利變換計畫案	變更(第二次)臺北市北投區大業段三小段762地號等31筆土地都市更新事業計畫及權利變換計畫案	臺北市北投區大業段三小段762、763、764、765、766、767、768、769、770、771、772、773、774、775、776、777、778、779、780、781、782、783、784、785、786、787、788、789、790、791、792等31筆土地	大業段三小段	762	762|763|764|765|766|767|768|769|770|771|772|773|774|775|776|777|778|779|780|781|782|783|784|785|786|787|788|789|790|791		31				變更(第二次)	2	事業計畫、權利變換	萬企建設股份有限公司	奇模工程有限公司			北投區-大業段三小段-762地號等31筆	true	44
553	2021-07-27	110/7/27	北投區	北投區	變更臺北市北投區大業段三小段762地號等31筆土地都市更新事業計畫及權利變換計畫案	變更臺北市北投區大業段三小段762地號等31筆土地都市更新事業計畫及權利變換計畫案	臺北市北投區大業段三小段762、763、764、765、766、767、768、769、770、771、772、773、774、775、776、777、778、779、780、781、782、783、784、785、786、787、788、789、790、791、792等31筆土地	大業段三小段	762	762|763|764|765|766|767|768|769|770|771|772|773|774|775|776|777|778|779|780|781|782|783|784|785|786|787|788|789|790|791		31				變更	1	事業計畫、權利變換	萬企建設股份有限公司	奇模工程有限公司			北投區-大業段三小段-762地號等31筆	false	44
757	2019-10-01	108/10/1	北投區	北投區	擬訂臺北市北投區大業段三小段762地號等31筆土地都市更新事業計畫及權利變換計畫案	擬訂臺北市北投區大業段三小段762地號等31筆土地都市更新事業計畫及權利變換計畫案	臺北市北投區大業段三小段762、763、764、765、766、767、768、769、770、771、772、773、774、775、776、777、778、779、780、781、782、783、784、785、786、787、788、789、790、791、792等31筆土地	大業段三小段	762	762|763|764|765|766|767|768|769|770|771|772|773|774|775|776|777|778|779|780|781|782|783|784|785|786|787|788|789|790|791		31				擬訂	0	事業計畫、權利變換	萬企建設股份有限公司	奇模工程有限公司			北投區-大業段三小段-762地號等31筆	false	44
216	2024-05-28	113/5/28	北投區	北投區	變更(第二次)臺北市北投區大業段二小段27地號等5筆土地都市更新權利變換計畫案	變更(第二次)臺北市北投區大業段二小段27地號等5筆土地都市更新權利變換計畫案	臺北市北投區大業段二小段27、28、29、30、31地號等5筆土地	大業段二小段	27	27|28|29|30|31		5				變更(第二次)	2	權利變換	民凱建設股份有限公司	弘傑開發事業股份有限公司			北投區-大業段二小段-27地號等5筆	true	216
361	2023-02-14	112/2/14	北投區	北投區	變更臺北市北投區大業段二小段27地號等5筆土地都市更新事業計畫及權利變換計畫案	變更臺北市北投區大業段二小段27地號等5筆土地都市更新事業計畫及權利變換計畫案	臺北市北投區大業段二小段27、28、29、30、31地號等5筆土地	大業段二小段	27	27|28|29|30|31		5				變更	1	事業計畫、權利變換	民凱建設股份有限公司	弘傑開發事業股份有限公司			北投區-大業段二小段-27地號等5筆	false	216
825	2019-02-14	108/2/14	北投區	北投區	擬訂臺北市北投區大業段二小段27地號等5筆土地都市更新事業計畫及權利變換計畫案	擬訂臺北市北投區大業段二小段27地號等5筆土地都市更新事業計畫及權利變換計畫案	臺北市北投區大業段二小段27、28、29、30、31地號等5筆土地	大業段二小段	27	27|28|29|30|31		5				擬訂	0	事業計畫、權利變換	民凱建設股份有限公司	弘傑開發事業股份有限公司			北投區-大業段二小段-27地號等5筆	false	216
847	2018-12-11	107/12/11	北投區	北投區	擬訂臺北市北投區大業段二小段712-1地號等39筆土地都市更新事業計畫案	擬訂臺北市北投區大業段二小段712-1地號等39筆土地都市更新事業計畫案	臺北市北投區大業段二小段712-1、712-2、712-5、712-14、765、773、774、774-1、775、775-1、776、777、778、778-1、779、779-1、780、781、782、782-1、783、783-1、784、785、786、787、787-1、787-2、787-3、787-4、788、788-1、789、789-1、790、791、791-1、792、795地號等39筆土地臺北市大同區雙連段一小段197、198、199、200、201、202、203、	大業段二小段	712-1	712-1|712-2|712-5|712-14|765|773|774|774-1|775|775-1|776|777|778|778-1|779|779-1|780|781|782|782-1|783|783-1|784|785|786|787|787-1|787-2|787-3|787-4|788|788-1|789|789-1|790|791|791-1|792|795		39				擬訂	0	事業計畫	國泰建設股份有限公司	安邦工程顧問股份有限公司			北投區-大業段二小段-712-1地號等39筆	true	847
64	2025-12-11	114/12/11	北投區	北投區	擬訂臺北市北投區大業段五小段1-2地號1筆土地都市更新事業計畫及權利變換計畫案	擬訂臺北市北投區大業段五小段1-2地號1筆土地都市更新事業計畫及權利變換計畫案	臺北市北投區大業段五小段1-2地號1筆土地	大業段五小段	1-2	1-2		1				擬訂	0	事業計畫、權利變換	東其建設股份有限公司	僑馥建築經理股份有限公司			北投區-大業段五小段-1-2地號等1筆	true	64
67	2025-12-02	114/12/2	北投區	北投區	擬訂臺北市北投區大業段五小段1-2地號1筆土地都市更新事業計畫及權利變換計畫案	擬訂臺北市北投區大業段五小段1-2地號1筆土地都市更新事業計畫及權利變換計畫案	臺北市北投區大業段五小段1-2地號1筆土地	大業段五小段	1-2	1-2		1				擬訂	0	事業計畫、權利變換	東其建設份有限公司	僑馥建築經理股份有限公司			北投區-大業段五小段-1-2地號等1筆	false	64
370	2022-12-30	111/12/30	北投區	北投區	擬訂臺北市北投區大業段四小段460-1地號等25筆土地都市更新事業計畫案_核定公告	擬訂臺北市北投區大業段四小段460-1地號等25筆土地都市更新事業計畫案_核定公告	臺北市北投區大業段四小段460-1、461、462、463、463-1、464、465、466、466-1、467、468、469、470、471、471-1、472、473、474、479、481、481-1、482、482-1、483、484地號等25筆土地	大業段四小段	460-1	460-1|461|462|463|463-1|464|465|466|466-1|467|468|469|470|471|471-1|472|473|474|479|481|481-1|482|482-1|483|484		25				擬訂	0	事業計畫	基泰建設股份有限公司	黃秀莊建築師事務所			北投區-大業段四小段-460-1地號等25筆	true	370
438	2022-07-27	111/7/27	北投區	北投區	擬訂臺北市北投區大業段四小段574地號1筆土地都市更新事業計畫案	擬訂臺北市北投區大業段四小段574地號1筆土地都市更新事業計畫案	臺北市北投區大業段四小段574地號1筆土地	大業段四小段	574	574		1				擬訂	0	事業計畫	新總陽建設股份有限公司	舜磐創新有限公司			北投區-大業段四小段-574地號等1筆	true	438
115	2025-05-02	114/5/2	北投區	北投區	變更(第二次)臺北市北投區奇岩段三小段1-1地號等11筆土地都市更新權利變換計畫案	變更(第二次)臺北市北投區奇岩段三小段1-1地號等11筆土地都市更新權利變換計畫案	臺北市北投區奇岩段三小段1-1、85、86、88、89、94、95、96、97、101-1、111-9地號等11筆土地	奇岩段三小段	1-1	1-1|85|86|88|89|94|95|96|97|101-1|111-9		11				變更(第二次)	2	權利變換	嘉興發股份有限公司	築璟都市更新有限公司			北投區-奇岩段三小段-1-1地號等11筆	true	115
145	2025-02-25	114/2/25	北投區	北投區	變更臺北市北投區奇岩段三小段1-1地號等11筆土地都市更新權利變換計畫案	變更臺北市北投區奇岩段三小段1-1地號等11筆土地都市更新權利變換計畫案	臺北市北投區奇岩段三小段1-1、85、86、88、89、94、95、96、97、101-1、111-9地號等11筆土地	奇岩段三小段	1-1	1-1|85|86|88|89|94|95|96|97|101-1|111-9		11				變更	1	權利變換	嘉興發股份有限公司	築璟都市更新有限公司			北投區-奇岩段三小段-1-1地號等11筆	false	115
604	2020-12-29	109/12/29	北投區	北投區	擬訂臺北市北投區奇岩段三小段1-1地號等11筆土地都市更新權利變換計畫案	擬訂臺北市北投區奇岩段三小段1-1地號等11筆土地都市更新權利變換計畫案	臺北市北投區奇岩段三小段1-1、85、86、88、89、94、95、96、97、101-1、111-9地號等11筆土地	奇岩段三小段	1-1	1-1|85|86|88|89|94|95|96|97|101-1|111-9		11				擬訂	0	權利變換	嘉興發股份有限公司	築璟都市更新有限公司			北投區-奇岩段三小段-1-1地號等11筆	false	115
775	2019-07-25	108/7/25	北投區	北投區	擬訂臺北市北投區奇岩段三小段1-1地號等11筆土地都市更新事業計畫案	擬訂臺北市北投區奇岩段三小段1-1地號等11筆土地都市更新事業計畫案	臺北市北投區奇岩段三小段1-1、85、86、88、89、94、95、96、97、101-1、111-9地號等11筆土地	奇岩段三小段	1-1	1-1|85|86|88|89|94|95|96|97|101-1|111-9		11				擬訂	0	事業計畫	嘉興發股份有限公司	築璟都市更新有限公司			北投區-奇岩段三小段-1-1地號等11筆	false	115
769	2019-08-21	108/8/21	北投區	北投區	變更(第二次)臺北市北投區奇岩段五小段444地號等7筆土地都市更新事業計畫及變更權利變換計畫案	變更(第二次)臺北市北投區奇岩段五小段444地號等7筆土地都市更新事業計畫及變更權利變換計畫案	臺北市北投區奇岩段五小段444、44-2、445、446、451、452、457-3地號等7筆土地	奇岩段五小段	444	444|44-2|445|446|451|452|457-3		7				變更(第二次)	2	事業計畫、權利變換	君岳開發建設股份有限公司	康丞開發股份有限公司			北投區-奇岩段五小段-444地號等7筆	true	769
810	2019-03-26	108/3/26	北投區	北投區	變更臺北市北投區奇岩段五小段444地號等7筆土地都市更新事業計畫及擬訂權利變換計畫案	變更臺北市北投區奇岩段五小段444地號等7筆土地都市更新事業計畫及擬訂權利變換計畫案	臺北市北投區奇岩段五小段444、44-2、445、446、451、452、457-3地號等7筆土地	奇岩段五小段	444	444|44-2|445|446|451|452|457-3		7				變更	1	事業計畫、權利變換	富都新開發建設股份有限公司	康丞開發股份有限公司			北投區-奇岩段五小段-444地號等7筆	false	769
1039	2016-07-21	105/7/21	北投區	北投區	擬訂臺北市北投區奇岩段五小段444地號等7筆土地都市更新計畫案	擬訂臺北市北投區奇岩段五小段444地號等7筆土地都市更新計畫案	地號等48筆土地臺北市北投區奇岩段五小段444、444-2、445、446、451、452、457-3地號等7筆土地	奇岩段五小段	444	444|444-2|445|446|451|452|457-3		7				擬訂	0	都市更新計畫	富都新開發建設股份有限公司	康丞開發股份有限公司			北投區-奇岩段五小段-444地號等7筆	false	769
139	2025-03-06	114/3/6	北投區	北投區	擬訂臺北市北投區奇岩段五小段495地號等24筆土地都市更新事業計畫及權利變換計畫案	擬訂臺北市北投區奇岩段五小段495地號等24筆土地都市更新事業計畫及權利變換計畫案	臺北市北投區奇岩段五小段495、495-5、522-2、523、523-1、523-3、525、525-7、530、531、531-2、531-3、531-4、533、533-1、533-2、533-4、534、534-1、543、548、548-1、548-2、548-4地號等24筆土地	奇岩段五小段	495	495|495-5|522-2|523|523-1|523-3|525|525-7|530|531|531-2|531-3|531-4|533|533-1|533-2|533-4|534|534-1|543|548|548-1|548-2|548-4		24				擬訂	0	事業計畫、權利變換	華固建設股份有限公司	弘傑開發事業股份有限公司			北投區-奇岩段五小段-495地號等24筆	true	139
895	2018-05-22	107/5/22	北投區	北投區	變更臺北市北投區奇岩段四小段11地號等1筆土地都市更新事業計畫案	變更臺北市北投區奇岩段四小段11地號等1筆土地都市更新事業計畫案	臺北市北投區奇岩段四小段11地號等1筆土地	奇岩段四小段	11	11		1				變更	1	事業計畫	東煒建設股份有限公司	呂大吉建築師事務所			北投區-奇岩段四小段-11地號等1筆	true	895
1122	2014-10-23	103/10/23	北投區	北投區	擬訂臺北市北投區奇岩段四小段11地號1筆土地都市更新事業計畫案	擬訂臺北市北投區奇岩段四小段11地號1筆土地都市更新事業計畫案	臺北市北投區奇岩段四小段11地號等1筆土地	奇岩段四小段	11	11		1				擬訂	0	事業計畫	東煒建設股份有限公司	呂大吉建築師事務所			北投區-奇岩段四小段-11地號等1筆	false	895
1112	2015-01-29	104/1/29	北投區	北投區	變更臺北市北投區奇岩段四小段13地號等2筆土地都市更新事業計畫及變更(第二次)權利變換計畫(含釐正圖冊)案	變更臺北市北投區奇岩段四小段13地號等2筆土地都市更新事業計畫及變更(第二次)權利變換計畫(含釐正圖冊)案	臺北市北投區奇岩段四小段13、66地號等2筆土地	奇岩段四小段	13	13|66		2				變更	1	事業計畫、權利變換	新潤建設股份有限公司	逢達不動產開發顧問股份有限公司			北投區-奇岩段四小段-13地號等2筆	true	1112
1277	2010-06-07	99/6/7	北投區	北投區	擬訂臺北市北投區奇岩段四小段13地號等2筆土地都市更新事業計畫及權利變換計畫案	擬訂臺北市北投區奇岩段四小段13地號等2筆土地都市更新事業計畫及權利變換計畫案	臺北市北投區奇岩段四小段13、66地號等2筆土地	奇岩段四小段	13	13|66		2				擬訂	0	事業計畫、權利變換	新潤建設股份有限公司	逢達不動產開發顧問股份有限公司			北投區-奇岩段四小段-13地號等2筆	false	1112
456	2022-05-06	111/5/6	北投區	北投區	變更(第三次)臺北市北投區崇仰段三小段156地號等23筆土地都市更新權利變換計畫案	變更(第三次)臺北市北投區崇仰段三小段156地號等23筆土地都市更新權利變換計畫案	臺北市北投區崇仰段三小段156、157、160、161、165、166、168、169、170、171、172、173、174、174-1、175、176、176-1、180、180-1、180-2、180-3、181、181-1地號等23筆土地	崇仰段三小段	156	156|157|160|161|165|166|168|169|170|171|172|173|174|174-1|175|176|176-1|180|180-1|180-2|180-3|181|181-1		23				變更(第三次)	3	權利變換	璞永建設股份有限公司	里美都市開發股份有限公司			北投區-崇仰段三小段-156地號等23筆	true	456
470	2022-03-30	111/3/30	北投區	投區	變更(第二次)臺北市北投區崇仰段三小段156地號等23筆土地都市更新權利變換計畫案(含釐正圖冊)	變更(第二次)臺北市北投區崇仰段三小段156地號等23筆土地都市更新權利變換計畫案(含釐正圖冊)	臺北市投區崇仰段三小段156、157、160、161、165、166、168、169、170、171、172、173、174、174-1、175、176、176-1、180、180-1、180-2、180-3、181、181-1地號等23筆土地	崇仰段三小段	156	156|157|160|161|165|166|168|169|170|171|172|173|174|174-1|175|176|176-1|180|180-1|180-2|180-3|181|181-1		23				變更(第二次)	2	權利變換	璞永建設股份有限公司	里美都市開發股份有限公司		行政區與地號行政區不一致(地號為投區)	北投區-崇仰段三小段-156地號等23筆	false	456
543	2021-08-11	110/8/11	北投區	投區	變更臺北市北投區崇仰段三小段156地號等23筆土地都市更新權利變換計畫案	變更臺北市北投區崇仰段三小段156地號等23筆土地都市更新權利變換計畫案	臺北市投區崇仰段三小段156、157、160、161、165、166、168、169、170、171、172、173、174、174-1、175、176、176-1、180、180-1、180-2、180-3、181、181-1地號等23筆土地	崇仰段三小段	156	156|157|160|161|165|166|168|169|170|171|172|173|174|174-1|175|176|176-1|180|180-1|180-2|180-3|181|181-1		23				變更	1	權利變換	璞永建設股份有限公司	里美都市開發股份有限公司		行政區與地號行政區不一致(地號為投區)	北投區-崇仰段三小段-156地號等23筆	false	456
927	2017-12-14	106/12/14	北投區	投區	擬訂臺北市北投區崇仰段三小段156地號等23筆土地都市更新事業計畫及權利變換計畫案	擬訂臺北市北投區崇仰段三小段156地號等23筆土地都市更新事業計畫及權利變換計畫案	臺北市投區崇仰段三小段156、157、160、161、165、166、168、169、170、171、172、173、174、174-1、175、176、176-1、180、180-1、180-2、180-3、181、181-1地號等23筆土地	崇仰段三小段	156	156|157|160|161|165|166|168|169|170|171|172|173|174|174-1|175|176|176-1|180|180-1|180-2|180-3|181|181-1		23				擬訂	0	事業計畫、權利變換	璞永建設股份有限公司	里美都市開發股份有限公司		行政區與地號行政區不一致(地號為投區)	北投區-崇仰段三小段-156地號等23筆	false	456
799	2019-05-07	108/5/7	北投區	北投區	變更(第二次)臺北市北投區崇仰段三小段68地號等2筆(原23筆)土地都市更新事業計畫案	變更(第二次)臺北市北投區崇仰段三小段68地號等2筆(原23筆)土地都市更新事業計畫案	臺北市北投區崇仰段三小段68、69、70、71、72、73、74、75、76、77、79、79-1、80、82、83、84、85、86、87、92、93、95、96地號等23筆土地(現況整併為68及92地號等2筆)	崇仰段三小段	68	68|69|70|71|72|73|74|75|76|77|79|79-1|80|82|83|84|85|86|87|92|93|95|96		2	23			變更(第二次)	2	事業計畫	全陽建設股份有限公司	力冠丰都市規劃有限公司			北投區-崇仰段三小段-68地號等2筆	true	799
1089	2015-07-21	104/7/21	北投區	北投區	變更臺北市北投區崇仰段三小段68地號等23筆土地都市更新事業計畫案	變更臺北市北投區崇仰段三小段68地號等23筆土地都市更新事業計畫案	臺北市北投區崇仰段三小段68、69、70、71、72、73、74、75、76、77、79、79-1、80、82、83、84、85、86、87、92、93、95、96地號等23筆土地	崇仰段三小段	68	68|69|70|71|72|73|74|75|76|77|79|79-1|80|82|83|84|85|86|87|92|93|95|96		23				變更	1	事業計畫	全陽建設股份有限公司	力冠丰都市規劃有限公司			北投區-崇仰段三小段-68地號等2筆	false	799
1168	2013-09-05	102/9/5	北投區	北投區	擬訂臺北市北投區崇仰段三小段68地號等23筆土地都市更新事業計畫及權利變換計畫案	擬訂臺北市北投區崇仰段三小段68地號等23筆土地都市更新事業計畫及權利變換計畫案	臺北市北投區崇仰段三小段68、69、70、71、72、73、74、75、76、77、79、79-1、80、82、83、84、85、86、87、92、93、95、96地號等23筆土地	崇仰段三小段	68	68|69|70|71|72|73|74|75|76|77|79|79-1|80|82|83|84|85|86|87|92|93|95|96		23				擬訂	0	事業計畫、權利變換	全陽建設股份有限公司	力冠丰都市規劃有限公司			北投區-崇仰段三小段-68地號等2筆	false	799
448	2022-06-01	111/6/1	北投區	北投區	擬訂臺北市北投區崇仰段四小段517-1地號等27筆土地都市更新事業計畫案	擬訂臺北市北投區崇仰段四小段517-1地號等27筆土地都市更新事業計畫案	臺北市北投區崇仰段四小段517-1、551、551-3、551-4、551-5、551-6、657、657-1、658、658-1、661、663、663-1、664-1、665-1、666-1、666-2、666-4、668、675-1、676、682、684、685、686、687及688地號27筆土地	崇仰段四小段	517-1	517-1|551|551-3|551-4|551-5|551-6|657|657-1|658|658-1|661|663|663-1|664-1|665-1|666-1|666-2|666-4|668|675-1|676|682|684|685|686		27				擬訂	0	事業計畫	翌萬建設股份有限公司	弘傑開發事業股份有限公司			北投區-崇仰段四小段-517-1地號等27筆	true	448
542	2021-08-11	110/8/11	北投區	北投區	擬訂臺北市北投區振興段一小段128地號等1筆土地都市更新事業計畫案	擬訂臺北市北投區振興段一小段128地號等1筆土地都市更新事業計畫案	臺北市北投區振興段一小段128地號3筆土地	振興段一小段	128	128		1				擬訂	0	事業計畫	臺北市北投區振興段一小段128地號等1筆土地都市更新會	邑相更新規畫股份有限公司			北投區-振興段一小段-128地號等1筆	true	542
940	2017-11-23	106/11/23	北投區	北投區	擬訂臺北市北投區振興段一小段15地號等7筆土地都市更新事業計畫案	擬訂臺北市北投區振興段一小段15地號等7筆土地都市更新事業計畫案	臺北市北投區振興段一小段15、16、17、18、19、21-3、44-4地號等7筆土地	振興段一小段	15	15|16|17|18|19|21-3|44-4		7				擬訂	0	事業計畫	力麒建設股份有限公司	合邑都市更新股份有限公司			北投區-振興段一小段-15地號等7筆	true	940
485	2022-01-28	111/1/28	北投區	北投區	擬訂臺北市北投區振興段一小段173地號（部分)等2筆土地（天母樺園社區）都市更新事業計畫及權利變換計畫案	擬訂臺北市北投區振興段一小段173地號（部分)等2筆土地（天母樺園社區）都市更新事業計畫及權利變換計畫案	臺北市北投區振興段一小段173(部分)、179-5地號等2筆土地	振興段一小段	173	173|179-5		2				擬訂	0	事業計畫、權利變換	段一小段173地號（部分)及179地號(部分)等2筆土地（天母樺園社區）更新地區都市更新會	東亞建築經理股份有限公司			北投區-振興段一小段-173地號等2筆	true	485
659	2020-07-14	109/7/14	北投區		擬訂臺北市北投區振興段一小段2-6地號等101筆土地都市更新事業計畫案	擬訂臺北市北投區振興段一小段2-6地號等101筆土地都市更新事業計畫案	297-13、297-14、297-15、297-16、297-17、297-18、297-19、297-20、297-21、298、298-3、298-6、298-7、298-8、298-9、298-10、298-11、298-12、298-13、382、382-4、382-5、382-7、382-8、382-9、382-10、382-11、382-12、382-13、382-14、382-15、382-20、382-21、382-22、382-23、382-24、382-26、382-27、382-28、382-29、382-30、382-31、382-32、382-33、382-34、382-35、382-36、382-37、382-38、382-39、382-40、382-42、382-43、382-44、382-45、382-46、382-47、382-48、382-49、382-50、382-51、382-52、382-53、382-54、382-55、382-56、382-57、382-58、382-59、382-60、	振興段一小段	2-6	297-13|297-14|297-15|297-16|297-17|297-18|297-19|297-20|297-21|298|298-3|298-6|298-7|298-8|298-9|298-10|298-11|298-12|298-13|382|382-4|382-5|382-7|382-8|382-9|382-10|382-11|382-12|382-13|382-14|382-15|382-20|382-21|382-22|382-23|382-24|382-26|382-27|382-28|382-29|382-30|382-31|382-32|382-33|382-34|382-35|382-36|382-37|382-38|382-39|382-40|382-42|382-43|382-44|382-45|382-46|382-47|382-48|382-49|382-50|382-51|382-52|382-53|382-54|382-55|382-56|382-57|382-58|382-59|382-60		101				擬訂	0	事業計畫	太平洋建設股份有限公司	財團法人都市更新研究發展基金會		地號無法解析(缺少段小段)	北投區-振興段一小段-2-6地號等101筆	true	659
418	2022-09-13	111/9/13	北投區	北投區	擬訂臺北市北投區振興段三小段707地號等57筆土地事業計畫案	擬訂臺北市北投區振興段三小段707地號等57筆土地事業計畫案	臺北市北投區振興段三小段707、708、709、711-2、711-3、712、713、714、715、716、717、718、719、720、721、724、725、726、727、728、729、730、731、732、733、734、735、736、737、738、740、741、742、743、744、745、746、747、748、749、750、751、752、753、754、755、756、757、758、759、760、761、762、765、766、767、768地號等共57筆土地	振興段三小段	707	707|708|709|711-2|711-3|712|713|714|715|716|717|718|719|720|721|724|725|726|727|728|729|730|731|732|733|734|735|736|737|738|740|741|742|743|744|745|746|747|748|749|750|751|752|753|754|755|756|757|758|759|760|761|762|765|766|767		57				擬訂	0	事業計畫	台大興興業股份有限公司	台大土地重劃股份有限公司			北投區-振興段三小段-707地號等57筆	true	418
17	2026-06-30	115/6/30	北投區	北投區	變更(第三次)臺北市北投區振興段四小段166-2地號等34筆土地都市更新權利變換計畫案	變更(第三次)臺北市北投區振興段四小段166-2地號等34筆土地都市更新權利變換計畫案	臺北市北投區振興段四小段166-2、168-3、168-4、168-5、183、215、222、223、224、225、226、227、228、229、230、231、232、233、234、235、236、247、251、254、255、256、257、258、259、260、261、262、264-1及266-1地號等34筆土地	振興段四小段	166-2	166-2|168-3|168-4|168-5|183|215|222|223|224|225|226|227|228|229|230|231|232|233|234|235|236|247|251|254|255|256|257|258|259|260|261|262		34				變更(第三次)	3	權利變換	立樺建設股份有限公司	振皓工程顧問股份有限公司			北投區-振興段四小段-166-2地號等34筆	true	17
60	2026-01-06	115/1/6	北投區	北投區	變更(第二次)臺北市北投區振興段四小段166-2地號等34筆土地都市更新權利變換計畫案	變更(第二次)臺北市北投區振興段四小段166-2地號等34筆土地都市更新權利變換計畫案	臺北市北投區振興段四小段166-2、168-3、168-4、168-5、183、215、222、223、224、225、226、227、228、229、230、231、232、233、234、235、236、247、251、254、255、256、257、258、259、260、261、262、264-1及266-1地號等34筆土地	振興段四小段	166-2	166-2|168-3|168-4|168-5|183|215|222|223|224|225|226|227|228|229|230|231|232|233|234|235|236|247|251|254|255|256|257|258|259|260|261|262		34				變更(第二次)	2	權利變換	立樺建設股份有限公司	振皓工程顧問股份有限公司			北投區-振興段四小段-166-2地號等34筆	false	17
77	2025-10-23	114/10/23	北投區	北投區	變更臺北市北投區振興段四小段166-2地號等34筆土地都市更新權利變換計畫案	變更臺北市北投區振興段四小段166-2地號等34筆土地都市更新權利變換計畫案	臺北市北投區振興段四小段166-2、168-3、168-4、168-5、183、215、222、223、224、225、226、227、228、229、230、231、232、233、234、235、236、247、251、254、255、256、257、258、259、260、261、262、264-1及266-1地號等34筆土地	振興段四小段	166-2	166-2|168-3|168-4|168-5|183|215|222|223|224|225|226|227|228|229|230|231|232|233|234|235|236|247|251|254|255|256|257|258|259|260|261|262		34				變更	1	權利變換	立樺建設股份有限公司	振皓工程顧問股份有限公司			北投區-振興段四小段-166-2地號等34筆	false	17
723	2020-01-02	109/1/2	北投區	北投區	擬訂臺北市北投區振興段四小段166-2地號等34筆土地都市更新權利變換計畫案	擬訂臺北市北投區振興段四小段166-2地號等34筆土地都市更新權利變換計畫案	臺北市北投區振興段四小段166-2、168-3、168-4、168-5、183、215、222、223、224、225、226、227、228、229、230、231、232、233、234、235、236、247、251、254、255、256、257、258、259、260、261、262、264-1及266-1地號等34筆土地	振興段四小段	166-2	166-2|168-3|168-4|168-5|183|215|222|223|224|225|226|227|228|229|230|231|232|233|234|235|236|247|251|254|255|256|257|258|259|260|261|262		34				擬訂	0	權利變換	立樺建設股份有限公司	振皓工程顧問股份有限公司			北投區-振興段四小段-166-2地號等34筆	false	17
1013	2017-01-05	106/1/5	北投區	北投區	擬訂臺北市北投區振興段四小段166-2(原168-3)地號等34筆(原35筆)土地都市更新事業計畫案	擬訂臺北市北投區振興段四小段166-2(原168-3)地號等34筆(原35筆)土地都市更新事業計畫案	臺北市北投區振興段四小段168-3、168-4、168-5、183、215、222、223、224、225、226、227、228、229、230、231、232、233、234、235、236、247、251、254、255、256、257、258、259、260、261、262、166-2、264-1、266-1地號等34筆土地	振興段四小段	168-3	168-3|168-4|168-5|183|215|222|223|224|225|226|227|228|229|230|231|232|233|234|235|236|247|251|254|255|256|257|258|259|260|261|262|166-2|264-1|266-1		34	35			擬訂	0	事業計畫	立樺建設股份有限公司	振皓工程顧問股份有限公司			北投區-振興段四小段-166-2地號等34筆	false	17
311	2023-07-19	112/7/19	北投區	北投區	變更(第二次)臺北市北投區振興段四小段386地號等8筆土地都市更新權利變換計畫案	變更(第二次)臺北市北投區振興段四小段386地號等8筆土地都市更新權利變換計畫案	臺北市北投區振興段四小段386、389、390、390-1、391、394、396、398地號等8筆土地	振興段四小段	386	386|389|390|390-1|391|394|396|398		8				變更(第二次)	2	權利變換	璞永建設股份有限公司	台北再開發規劃股份有限公司			北投區-振興段四小段-386地號等8筆	true	311
569	2021-05-06	110/5/6	北投區	北投區	變更臺北市北投區振興段四小段386地號等8筆土地都市更新事業計畫及權利變換計畫案	變更臺北市北投區振興段四小段386地號等8筆土地都市更新事業計畫及權利變換計畫案	臺北市北投區振興段四小段386、389、390、390-1、391、394、396、398地號等8筆土地	振興段四小段	386	386|389|390|390-1|391|394|396|398		8				變更	1	事業計畫、權利變換	璞永建設股份有限公司	台北再開發規劃股份有限公司			北投區-振興段四小段-386地號等8筆	false	311
837	2019-01-15	108/1/15	北投區	北投區	擬訂臺北市北投區振興段四小段386地號等8筆土地都市更新事業計畫及權利變換計畫案	擬訂臺北市北投區振興段四小段386地號等8筆土地都市更新事業計畫及權利變換計畫案	臺北市北投區振興段四小段386、389、390、390-1、391、394、396、398地號等8筆土地	振興段四小段	386	386|389|390|390-1|391|394|396|398		8				擬訂	0	事業計畫、權利變換	璞永建設股份有限公司	台北再開發規劃股份有限公司			北投區-振興段四小段-386地號等8筆	false	311
55	2026-01-27	115/1/27	北投區	北投區	擬訂臺北市北投區振興段四小段400地號等11筆土地都市更新事業計畫案	擬訂臺北市北投區振興段四小段400地號等11筆土地都市更新事業計畫案	臺北市北投區振興段四小段400、403-2、403-3、404、405、406、407、408、409、412、413地號等11筆土地	振興段四小段	400	400|403-2|403-3|404|405|406|407|408|409|412|413		11				擬訂	0	事業計畫	永陞建設股份有限公司	奇模工程股份有限公司			北投區-振興段四小段-400地號等11筆	true	55
80	2025-10-14	114/10/14	北投區	北投區	變更臺北市北投區文林段三小段397地號等8筆土地更新權利變換計畫案	變更臺北市北投區文林段三小段397地號等8筆土地更新權利變換計畫案	臺北市北投區文林段三小段397、398、399、400、401、402、403、404地號等8筆土地	文林段三小段	397	397|398|399|400|401|402|403|404		8				變更	1	權利變換	璞全建設股份有限公司	里美都市開發股份有限公司			北投區-文林段三小段-397地號等8筆	true	80
556	2021-07-15	110/7/15	北投區	北投區	擬訂臺北市北投區文林段三小段397地號等8筆土地更新權利變換計畫案	擬訂臺北市北投區文林段三小段397地號等8筆土地更新權利變換計畫案	號等138筆土地臺北市北投區文林段三小段397、398、399、400、401、402、403、404地號等8筆土地	文林段三小段	397	397|398|399|400|401|402|403|404		8				擬訂	0	權利變換	璞全建設股份有限公司	里美都市開發股份有限公司			北投區-文林段三小段-397地號等8筆	false	80
725	2019-12-24	108/12/24	北投區	北投區	擬訂臺北市北投區文林段三小段397地號等8筆土地更新事業計畫案	擬訂臺北市北投區文林段三小段397地號等8筆土地更新事業計畫案	臺北市北投區文林段三小段397、398、399、400、401、402、403、404地號等8筆土地	文林段三小段	397	397|398|399|400|401|402|403|404		8				擬訂	0	事業計畫	璞全建設股份有限公司	里美都市開發股份有限公司			北投區-文林段三小段-397地號等8筆	false	80
529	2021-09-28	110/9/28	北投區	北投區	擬訂臺北市北投區文林段三小段39地號等13筆土地都市更新事業計畫案	擬訂臺北市北投區文林段三小段39地號等13筆土地都市更新事業計畫案	擬訂臺北市北投區文林段三小39、40、41、42、43、44、45、46、47、48、49、50、51地號等13筆土地	文林段三小段	39	40|41|42|43|44|45|46|47|48|49|50|51		13				擬訂	0	事業計畫	隴山林興業股份有限公司	園皓都市規劃有限公司		案名與地號段小段不一致(地號為文林段)	北投區-文林段三小段-39地號等13筆	true	529
415	2022-09-20	111/9/20	北投區	北投區	變更臺北市北投區文林段三小段838-1地號等7筆土地都市更新事業計畫及權利變換計畫案	變更臺北市北投區文林段三小段838-1地號等7筆土地都市更新事業計畫及權利變換計畫案	臺北市北投區文林段三小段838-1、839、840、841、842、842-1、843地號等7筆土地	文林段三小段	838-1	838-1|839|840|841|842|842-1|843		7				變更	1	事業計畫、權利變換	碩樺建設股份有限公司	安邦工程顧問股份有限公司			北投區-文林段三小段-838-1地號等7筆	true	415
624	2020-09-24	109/9/24	北投區	北投區	擬訂臺北市北投區文林段三小段838-1地號等7筆土地都市更新事業計畫及權利變換計畫案	擬訂臺北市北投區文林段三小段838-1地號等7筆土地都市更新事業計畫及權利變換計畫案	擬訂臺北市北投區文林段三小段838-1、839、840、841、842、842-1、843地號等7筆土地	文林段三小段	838-1	838-1|839|840|841|842|842-1|843		7				擬訂	0	事業計畫、權利變換	碩樺建設股份有限公司	安邦工程顧問股份有限公司			北投區-文林段三小段-838-1地號等7筆	false	415
32	2026-04-29	115/4/29	北投區	北投區	變更(第二次)臺北市北投區文林段三小段915-2地號等8筆土地都市更新權利變換計畫案	變更(第二次)臺北市北投區文林段三小段915-2地號等8筆土地都市更新權利變換計畫案	臺北市北投區文林段三小段915-2、916、917、918、919、920、921、929地號等8筆土地	文林段三小段	915-2	915-2|916|917|918|919|920|921|929		8				變更(第二次)	2	權利變換	璞慶建設股份有限公司	邑相國際工程顧問有限公司			北投區-文林段三小段-915-2地號等8筆	true	32
224	2024-05-02	113/5/2	北投區	北投區	變更臺北市北投區文林段三小段915-2地號等8筆土地都市更新事業計畫及權利變換計畫案	變更臺北市北投區文林段三小段915-2地號等8筆土地都市更新事業計畫及權利變換計畫案	臺北市北投區文林段三小段915-2、916、917、918、919、920、921、929地號等8筆土地	文林段三小段	915-2	915-2|916|917|918|919|920|921|929		8				變更	1	事業計畫、權利變換	璞慶建設股份有限公司	邑相國際工程顧問有限公司			北投區-文林段三小段-915-2地號等8筆	false	32
561	2021-06-22	110/6/22	北投區	北投區	擬訂臺北市北投區文林段三小段915-2地號等8筆土地都市更新權利變換計畫案	擬訂臺北市北投區文林段三小段915-2地號等8筆土地都市更新權利變換計畫案	臺北市北投區文林段三小段915-2、916、917、918、919、920、921、929地號等8筆土地	文林段三小段	915-2	915-2|916|917|918|919|920|921|929		8				擬訂	0	權利變換	璞慶建設股份有限公司	邑相國際工程顧問有限公司			北投區-文林段三小段-915-2地號等8筆	false	32
739	2019-11-20	108/11/20	北投區	北投區	擬訂臺北市北投區文林段三小段915-2地號等8筆土地都市更新事業計畫案	擬訂臺北市北投區文林段三小段915-2地號等8筆土地都市更新事業計畫案	臺北市北投區文林段三小段915-2、916、917、918、919、920、921、929地號等8筆土地	文林段三小段	915-2	915-2|916|917|918|919|920|921|929		8				擬訂	0	事業計畫	璞慶建設股份有限公司	邑相國際工程顧問股份有限公司			北投區-文林段三小段-915-2地號等8筆	false	32
1197	2013-02-06	102/2/6	北投區	北投區	擬訂臺北市北投區文林段三小段923地號等11筆土地都市更新事業計畫案	擬訂臺北市北投區文林段三小段923地號等11筆土地都市更新事業計畫案	、558、559、575、5752、5753、5754地號等56筆土地臺北市北投區文林段三小段923、924、925、926、927、928、972、973、974、975、976地號等11筆土地	文林段三小段	923	923|924|925|926|927|928|972|973|974|975|976		11				擬訂	0	事業計畫	永陞建設股份有限公司	朱文熙建築師事務所			北投區-文林段三小段-923地號等11筆	true	1197
445	2022-06-21	111/6/21	北投區	北投區	變更臺北市北投區文林段四小段176地號等13筆土地都市更新事業計畫案	變更臺北市北投區文林段四小段176地號等13筆土地都市更新事業計畫案	臺北市北投區文林段四小段176、193、195、196、197、198、202、203、204、205、206、207及208地號等13筆土地	文林段四小段	176	176|193|195|196|197|198|202|203|204|205|206		13				變更	1	事業計畫	士林開發股份有限公司	弘傑城市開發股份有限公司			北投區-文林段四小段-176地號等13筆	true	445
675	2020-05-26	109/5/26	北投區	北投區	擬訂臺北市北投區文林段四小段176地號等13筆土地都市更新事業計畫案	擬訂臺北市北投區文林段四小段176地號等13筆土地都市更新事業計畫案	臺北市北投區文林段四小段176、193、195、196、197、198、202、203、204、205、206、207及208地號等13筆土地	文林段四小段	176	176|193|195|196|197|198|202|203|204|205|206		13				擬訂	0	事業計畫	士林開發股份有限公司	弘傑城市開發股份有限公司			北投區-文林段四小段-176地號等13筆	false	445
159	2025-01-10	114/1/10	北投區	北投區	變更(第二次)臺北市北投區文林段四小段64地號等27筆土地都市更新事業計畫及權利變換事業計畫案	變更(第二次)臺北市北投區文林段四小段64地號等27筆土地都市更新事業計畫及權利變換事業計畫案	臺北市北投區文林段四小段64、65、66、67、68、69、73-10、73-13、88、89、90、91、92、93、94、95、95-1、96、97、98、99、100、101、102、103、104、105地號等27筆土地	文林段四小段	64	64|65|66|67|68|69|73-10|73-13|88|89|90|91|92|93|94|95|95-1|96|97|98|99|100|101|102|103|104|105		27				變更(第二次)	2	事業計畫、權利變換	吉美建設事業股份有限公司	力冠丰都市規劃有限公司			北投區-文林段四小段-64地號等27筆	true	159
283	2023-10-31	112/10/31	北投區	北投區	變更臺北市北投區文林段四小段64地號等27筆土地都市更新事業計畫及權利變換事業計畫案	變更臺北市北投區文林段四小段64地號等27筆土地都市更新事業計畫及權利變換事業計畫案	臺北市北投區文林段四小段64、65、66、67、68、69、73-10、73-13、88、89、90、91、92、93、94、95、95-1、96、97、98、99、100、101、102、103、104、105地號等27筆土地	文林段四小段	64	64|65|66|67|68|69|73-10|73-13|88|89|90|91|92|93|94|95|95-1|96|97|98|99|100|101|102|103|104|105		27				變更	1	事業計畫、權利變換	吉美建設事業股份有限公司	力冠丰都市規劃有限公司			北投區-文林段四小段-64地號等27筆	false	159
682	2020-04-29	109/4/29	北投區	北投區	擬訂臺北市北投區文林段四小段64地號等27筆土地都市更新權利變換事業計畫案	擬訂臺北市北投區文林段四小段64地號等27筆土地都市更新權利變換事業計畫案	臺北市北投區文林段四小段64、65、66、67、68、69、73-10、73-13、88、89、90、91、92、93、94、95、95-1、96、97、98、99、100、101、102、103、104、105地號等27筆土地	文林段四小段	64	64|65|66|67|68|69|73-10|73-13|88|89|90|91|92|93|94|95|95-1|96|97|98|99|100|101|102|103|104|105		27				擬訂	0	事業計畫、權利變換	吉美建設事業股份有限公司	力冠丰都市規劃有限公司			北投區-文林段四小段-64地號等27筆	false	159
1083	2015-09-15	104/9/15	北投區	北投區	擬訂臺北市北投區文林段四小段64地號等26筆土地都市更新事業計畫案	擬訂臺北市北投區文林段四小段64地號等26筆土地都市更新事業計畫案	臺北市北投區文林段四小段64、65、66、67、68、69、70-10、73-13、88、89、90、91、92、93、94、95、96、97、98、99、100、101、102、103、104、105地號等26筆土地	文林段四小段	64	64|65|66|67|68|69|70-10|73-13|88|89|90|91|92|93|94|95|96|97|98|99|100|101|102|103|104|105		26				擬訂	0	事業計畫	吉美建設事業股份有限公司	力冠丰都市規劃有限公司			北投區-文林段四小段-64地號等27筆	false	159
611	2020-11-19	109/11/19	北投區	北投區	擬訂臺北市北投區新民段二小段297地號等9筆土地都市更新事業計畫及權利變換計畫案	擬訂臺北市北投區新民段二小段297地號等9筆土地都市更新事業計畫及權利變換計畫案	臺北市北投區新民段二小段297、298、299、300-1、301、302、509-8、509-9、509-16地號等9筆土地	新民段二小段	297	297|298|299|300-1|301|302|509-8|509-9|509-16		9				擬訂	0	事業計畫、權利變換	建成開發股份有限公司	新意群工程顧問有限公司			北投區-新民段二小段-297地號等9筆	true	611
526	2021-10-26	110/10/26	北投區	北投區	變更(第二次)臺北市北投區新民段二小段471地號等5筆土地都市更新事業計畫案	變更(第二次)臺北市北投區新民段二小段471地號等5筆土地都市更新事業計畫案	臺北市北投區新民段二小段471、471-1、472、472-1、498-1地號等5筆土地	新民段二小段	471	471|471-1|472|472-1|498-1		5				變更(第二次)	2	事業計畫	富邦人壽保險股份有限公司	大矩聯合建築師事務所			北投區-新民段二小段-471地號等5筆	true	526
679	2020-05-14	109/5/14	北投區	北投區	變更臺北市北投區新民段二小段471地號等5筆土地都市更新事業計畫案	變更臺北市北投區新民段二小段471地號等5筆土地都市更新事業計畫案	臺北市北投區新民段二小段471、471-1、472、472-1、498-1地號等5筆土地	新民段二小段	471	471|471-1|472|472-1|498-1		5				變更	1	事業計畫	富邦人壽保險股份有限公司	大矩聯合建築師事務所			北投區-新民段二小段-471地號等5筆	false	526
889	2018-06-21	107/6/21	北投區	北投區	擬訂臺北市北投區新民段二小段471地號等5筆土地都市更新事業計畫案	擬訂臺北市北投區新民段二小段471地號等5筆土地都市更新事業計畫案	臺北市北投區新民段二小段471、471-1、472、472-1、498-1地號等5筆土地	新民段二小段	471	471|471-1|472|472-1|498-1		5				擬訂	0	事業計畫	富邦人壽保險股份有限公司	新意群工程顧問有限公司			北投區-新民段二小段-471地號等5筆	false	526
1316	2009-04-02	98/4/2	北投區	北投區	擬訂臺北市北投區桃源段二小段251地號等17筆土地都市更新事業計畫案	擬訂臺北市北投區桃源段二小段251地號等17筆土地都市更新事業計畫案	臺北市北投區桃源段二小段251、252、254、255、257、257-1、258、258-1、258-2、258-3、339、340、345、347、348、349、350地號等17筆土地	桃源段二小段	251	251|252|254|255|257|257-1|258|258-1|258-2|258-3|339|340|345|347|348|349|350		17				擬訂	0	事業計畫	勝陽建設股份有限公司	財團法人都市更新研究發展基金會			北投區-桃源段二小段-251地號等17筆	true	1316
1223	2012-07-02	101/7/2	北投區	北投區	變更(第二次)臺北市北投區桃源段二小段251地號等2筆(原17筆)土地都市更新事業計畫案	變更(第二次)臺北市北投區桃源段二小段251地號等2筆(原17筆)土地都市更新事業計畫案	臺北市北投區桃源段二小段251、252地號等2筆(原17筆)土地	桃源段二小段	251	251|252		2	17			變更(第二次)	2	事業計畫	勝陽建設股份有限公司	財團法人都市更新研究發展基金會			北投區-桃源段二小段-251地號等2筆	true	1223
1243	2011-08-29	100/8/29	北投區	北投區	變更臺北市北投區桃源段二小段251地號等2筆(原17筆)土地都市更新事業計畫案	變更臺北市北投區桃源段二小段251地號等2筆(原17筆)土地都市更新事業計畫案	臺北市北投區桃源段二小段251、252地號等2筆(原17筆)土地	桃源段二小段	251	251|252		2	17			變更	1	事業計畫	勝陽建設股份有限公司	財團法人都市更新研究發展基金會			北投區-桃源段二小段-251地號等2筆	false	1223
177	2024-11-19	113/11/19	北投區	北投區	擬訂臺北市北投區桃源段二小段412地號等9筆土地都市更新事業計畫及權利變換計畫案	擬訂臺北市北投區桃源段二小段412地號等9筆土地都市更新事業計畫及權利變換計畫案	臺北市北投區桃源段二小段412、413、416、417、418、421、422、423、424地號等9筆土地	桃源段二小段	412	412|413|416|417|418|421|422|423|424		9				擬訂	0	事業計畫、權利變換	鄉林建設事業股份有限公司	安邦工程顧問股份有限公司			北投區-桃源段二小段-412地號等9筆	true	177
27	2026-05-28	115/5/28	北投區	北投區	擬訂臺北市北投區桃源段五小段575地號1筆土地都市更新事業計畫及權利變換計畫案_核定公告	擬訂臺北市北投區桃源段五小段575地號1筆土地都市更新事業計畫及權利變換計畫案_核定公告	臺北市北投區桃源段五小段575地號1筆土地	桃源段五小段	575	575		1				擬訂	0	事業計畫、權利變換	臺北市北投區桃源段五小段575地號1筆土地更新單元都市更新會	永聚都市更新股份有限公司			北投區-桃源段五小段-575地號等1筆	true	27
6	2026-07-23	115/7/23	北投區	北投區	擬訂臺北市北投區桃源段四小段111地號等2筆土地都市更新事業計畫及權利變換計畫案	擬訂臺北市北投區桃源段四小段111地號等2筆土地都市更新事業計畫及權利變換計畫案	臺北市北投區桃源段四小段111、154地號等2筆土地	桃源段四小段	111	111|154		2				擬訂	0	事業計畫、權利變換	臺北市北投區桃源段四小段111地號等2筆土地更新單元都市更新會	黃秀莊建築師事務所			北投區-桃源段四小段-111地號等2筆	true	6
600	2021-01-12	110/1/12	北投區	北投區	擬訂臺北市北投區桃源段四小段424-8地號等15筆土地都市更新事業計畫及權利變換計畫案	擬訂臺北市北投區桃源段四小段424-8地號等15筆土地都市更新事業計畫及權利變換計畫案	臺北市北投區桃源段四小段424-8、424-9、425、425-1、425-2、425-3、425-4、427、428、429、430、431、432、433、486地號等15筆土地	桃源段四小段	424-8	424-8|424-9|425|425-1|425-2|425-3|425-4|427|428|429|430|431|432|433|486		15				擬訂	0	事業計畫、權利變換	泰昌建設股份有限公司	安邦工程顧問股份有限公司			北投區-桃源段四小段-424-8地號等15筆	true	600
483	2022-02-14	111/2/14	北投區	北投區	變更臺北市北投區溫泉段二小段142地號1筆土地都市更新事業計畫及權利變換計畫案	變更臺北市北投區溫泉段二小段142地號1筆土地都市更新事業計畫及權利變換計畫案	臺北市北投區溫泉段二小段142地號1筆土地	溫泉段二小段	142	142		1				變更	1	事業計畫、權利變換	成家開發建設股份有限公司	意山設計有限公司			北投區-溫泉段二小段-142地號等1筆	true	483
718	2020-01-09	109/1/9	北投區	北投區	擬訂臺北市北投區溫泉段二小段142地號1筆土地都市更新事業計畫及權利變換計畫案	擬訂臺北市北投區溫泉段二小段142地號1筆土地都市更新事業計畫及權利變換計畫案	臺北市北投區溫泉段二小段142地號1筆土地臺北市大同區市府段二小段220-2、220-3、220-4、221、221-	溫泉段二小段	142	142		1				擬訂	0	事業計畫、權利變換	成家開發建設股份有限公司	意山設計有限公司			北投區-溫泉段二小段-142地號等1筆	false	483
151	2025-02-06	114/2/6	北投區	北投區	擬訂臺北市北投區溫泉段四小段121地號等35筆(原28筆)土地都市更新事業計畫案	擬訂臺北市北投區溫泉段四小段121地號等35筆(原28筆)土地都市更新事業計畫案	臺北市北投區溫泉段四小段121、121-1、122、123、124、125、126、127、128、164、165、166、167、168、169-2、170、171、172、173、174、175、176、177、178、187、189、190、191、192、193、194、195、196、198、200地號等35筆土地	溫泉段四小段	121	121|121-1|122|123|124|125|126|127|128|164|165|166|167|168|169-2|170|171|172|173|174|175|176|177|178|187|189|190|191|192|193|194|195|196|198|200		35	28			擬訂	0	事業計畫	元馥建設股份有限公司	翔宇國際開發顧問有限公司			北投區-溫泉段四小段-121地號等35筆	true	151
137	2025-03-10	114/3/10	北投區	北投區	變更臺北市北投區溫泉段四小段559地號等36筆土地都市更新權利變換計畫案	變更臺北市北投區溫泉段四小段559地號等36筆土地都市更新權利變換計畫案	臺北市北投區溫泉段四小段533-4、533-5、534-2、559、560、561-1、562、563、564、565-1、566、567-1、568、569-1、570、572-1、573、576、602、602-1、602-2、604、605、606、607、608、609、610、611、613、615、617、712、712-1、712-2、712-4地號等36筆土地	溫泉段四小段	559	533-4|533-5|534-2|559|560|561-1|562|563|564|565-1|566|567-1|568|569-1|570|572-1|573|576|602|602-1|602-2|604|605|606|607|608|609|610|611|613|615|617|712|712-1|712-2|712-4		36				變更	1	權利變換	麗源建設股份有限公司	冠霖都市更新事業股份有限公司			北投區-溫泉段四小段-559地號等36筆	true	137
782	2019-06-28	108/6/28	北投區	北投區	變更臺北市北投區溫泉段四小段559地號等36筆土地都市更新事業計畫及擬訂權利變換計畫案	變更臺北市北投區溫泉段四小段559地號等36筆土地都市更新事業計畫及擬訂權利變換計畫案	臺北市北投區溫泉段四小段533-4、533-5、534-2、559、560、561-1、562、563、564、565-1、566、567-1、568、569-1、570、572-1、573、576、602、602-1、602-2、604、605、606、607、608、609、610、611、613、615、617、712、712-1、712-2、712-4地號等36筆土地	溫泉段四小段	559	533-4|533-5|534-2|559|560|561-1|562|563|564|565-1|566|567-1|568|569-1|570|572-1|573|576|602|602-1|602-2|604|605|606|607|608|609|610|611|613|615|617|712|712-1|712-2|712-4		36				變更	1	事業計畫、權利變換	麗源建設股份有限公司	冠霖都市更新事業股份有限公司			北投區-溫泉段四小段-559地號等36筆	false	137
1138	2014-02-27	103/2/27	北投區	北投區	變更(第二次)臺北市北投區溫泉段四小段559地號等36筆土地都市更新事業計畫案	變更(第二次)臺北市北投區溫泉段四小段559地號等36筆土地都市更新事業計畫案	臺北市北投區溫泉段四小段533-4、533-5、534-2、559、560、561-1、562、563、564、565-1、566、567-1、568、569-1、570、572-1、573、576、602、602-1、602-2、604、605、606、607、608、609、610、611、612、613、615、617、712、712-1、712-2地號等36筆土地	溫泉段四小段	559	533-4|533-5|534-2|559|560|561-1|562|563|564|565-1|566|567-1|568|569-1|570|572-1|573|576|602|602-1|602-2|604|605|606|607|608|609|610|611|612|613|615|617|712|712-1|712-2		36				變更(第二次)	2	事業計畫	麗源建設股份有限公司	緯城土地規劃工程顧問有限公司麗豐資產管理股份有限公司			北投區-溫泉段四小段-559地號等36筆	false	137
1186	2013-06-10	102/6/10	北投區	北投區	變更臺北市北投區溫泉段四小段559地號等36筆土地都市更新事業計畫及擬訂權利變換計畫案	變更臺北市北投區溫泉段四小段559地號等36筆土地都市更新事業計畫及擬訂權利變換計畫案	臺北市北投區溫泉段四小段533-4、533-5、534-2、559、560、561-1、562、563、564、565-1、566、567-1、568、569-1、570、572-1、573、576、602、602-1、602-2、604、605、606、607、608、609、610、611、612、613、615、617、712、712-1、712-2地號等36筆土地	溫泉段四小段	559	533-4|533-5|534-2|559|560|561-1|562|563|564|565-1|566|567-1|568|569-1|570|572-1|573|576|602|602-1|602-2|604|605|606|607|608|609|610|611|612|613|615|617|712|712-1|712-2		36				變更	1	事業計畫、權利變換	麗源建設股份有限公司	緯城土地規劃工程顧問有限公司麗豐資產管理股份有限公司			北投區-溫泉段四小段-559地號等36筆	false	137
1282	2010-05-03	99/5/3	北投區	北投區	擬訂臺北市北投區溫泉段四小段559地號等34筆土地都市更新事業計畫案	擬訂臺北市北投區溫泉段四小段559地號等34筆土地都市更新事業計畫案	臺北市北投區溫泉段四小段533-4、533-5、534-2、559、560、561-1、562、563、564、565-1、566、567-1、568、569-1、570、572-1、573、576、602、602-1、602-2、604、605、606、607、608、609、610、611、612、613、615、617、712、712-1、712-2地號等36筆土地	溫泉段四小段	559	533-4|533-5|534-2|559|560|561-1|562|563|564|565-1|566|567-1|568|569-1|570|572-1|573|576|602|602-1|602-2|604|605|606|607|608|609|610|611|612|613|615|617|712|712-1|712-2		34				擬訂	0	事業計畫	麗源建設股份有限公司	緯城土地規劃工程顧問有限公司麗豐資產管理股份有限公司			北投區-溫泉段四小段-559地號等36筆	false	137
933	2017-12-05	106/12/5	北投區	北投區	變更臺北市北投區秀山段三小段220地號等20筆土地都市更新權利變換計畫案	變更臺北市北投區秀山段三小段220地號等20筆土地都市更新權利變換計畫案	臺北市北投區秀山段三小段220、223、224、241、242、243、244、310、311、313、319、322、323、325、326、327、328、329、330、331地號等20筆土地	秀山段三小段	220	220|223|224|241|242|243|244|310|311|313|319|322|323|325|326|327|328|329|330|331		20				變更	1	權利變換	保誠興業股份有限公司	侯銘賢、劉如梅建築師事務所			北投區-秀山段三小段-220地號等20筆	true	933
1006	2017-02-09	106/2/9	北投區	北投區	變更臺北市北投區秀山段三小段220地號等20筆土地都市更新事業計畫案	變更臺北市北投區秀山段三小段220地號等20筆土地都市更新事業計畫案	臺北市北投區秀山段三小段220、223、224、241、242、243、244、310、311、313、319、322、323、325、326、327、328、329、330、331地號等20筆土地	秀山段三小段	220	220|223|224|241|242|243|244|310|311|313|319|322|323|325|326|327|328|329|330|331		20				變更	1	事業計畫	保誠興業股份有限公司	侯銘賢、劉如梅建築師事務所			北投區-秀山段三小段-220地號等20筆	false	933
1148	2014-01-09	103/1/9	北投區	北投區	擬訂臺北市北投區秀山段三小段220地號等20筆土地都市更新事業計畫及權利變換計畫案	擬訂臺北市北投區秀山段三小段220地號等20筆土地都市更新事業計畫及權利變換計畫案	臺北市北投區秀山段三小段220、223、224、241、242、243、244、310、311、313、319、322、323、325、326、327、328、329、330、331地號等20筆土地	秀山段三小段	220	220|223|224|241|242|243|244|310|311|313|319|322|323|325|326|327|328|329|330|331		20				擬訂	0	事業計畫、權利變換	保誠興業股份有限公司	安邦工程顧問股份有限公司			北投區-秀山段三小段-220地號等20筆	false	933
1011	2017-01-10	106/1/10	北投區	北投區	擬訂臺北市北投區立農段一小段513地號等17筆土地都市更新事業計畫案	擬訂臺北市北投區立農段一小段513地號等17筆土地都市更新事業計畫案	臺北市北投區立農段一小段513、514、515、516、518、518-1、519、520、520-1、604、605、606、607、608、609、610、610-1地號等17筆土地	立農段一小段	513	513|514|515|516|518|518-1|519|520|520-1|604|605|606|607|608|609|610|610-1		17				擬訂	0	事業計畫	恆合建設股份有限公司	冠霖不動產顧問股份有限公司			北投區-立農段一小段-513地號等17筆	true	1011
644	2020-08-20	109/8/20	北投區	北投區	變更臺北市北投區立農段一小段513地號等3筆(原17筆)土地都市更新事業計畫案	變更臺北市北投區立農段一小段513地號等3筆(原17筆)土地都市更新事業計畫案	臺北市北投區立農段一小段513、518-1、520-1地號等3筆土地	立農段一小段	513	513|518-1|520-1		3	17			變更	1	事業計畫	恆合建設股份有限公司	冠霖不動產顧問股份有限公司			北投區-立農段一小段-513地號等3筆	true	644
208	2024-06-12	113/6/12	北投區	北投區	變更(第二次)臺北市北投區立農段一小段566-2地號等32筆土地都市更新權利變換計畫案	變更(第二次)臺北市北投區立農段一小段566-2地號等32筆土地都市更新權利變換計畫案	臺北市北投區立農段一小段566-2、566-3、566-8、575-2、575-4、575-5、580、580-1、581、582、583、584、585、585-1、586、586-1、586-2、586-3、587、587-1、588、588-1、589、589-1、590、591、592、592-1、592-2、592-3、592-4、595地號等32筆土地	立農段一小段	566-2	566-2|566-3|566-8|575-2|575-4|575-5|580|580-1|581|582|583|584|585|585-1|586|586-1|586-2|586-3|587|587-1|588|588-1|589|589-1|590|591|592|592-1|592-2|592-3|592-4|595		32				變更(第二次)	2	權利變換	億揚建設股份有限公司	邑相更新規劃股份有限公司			北投區-立農段一小段-566-2地號等32筆	true	208
259	2024-01-02	113/1/2	北投區	北投區	變更臺北市北投區立農段一小段566-2地號等32筆土地都市更新事業計畫及權利變換計畫案	變更臺北市北投區立農段一小段566-2地號等32筆土地都市更新事業計畫及權利變換計畫案	臺北市北投區立農段一小段566-2、566-3、566-8、575-2、575-4、575-5、580、580-1、581、582、583、584、585、585-1、586、586-1、586-2、586-3、587、587-1、588、588-1、589、589-1、590、591、592、592-1、592-2、592-3、592-4、595地號等32筆土地臺北市內湖區康寧段三小段430-48、466-1、466-2、469、470-1、470-	立農段一小段	566-2	566-2|566-3|566-8|575-2|575-4|575-5|580|580-1|581|582|583|584|585|585-1|586|586-1|586-2|586-3|587|587-1|588|588-1|589|589-1|590|591|592|592-1|592-2|592-3|592-4|595		32				變更	1	事業計畫、權利變換	億揚建設股份有限公司	邑相更新規劃股份有限公司			北投區-立農段一小段-566-2地號等32筆	false	208
875	2018-08-16	107/8/16	北投區	北投區	擬訂臺北市北投區立農段一小段566-2地號等32筆土地都市更新事業計畫及權利變換計畫案	擬訂臺北市北投區立農段一小段566-2地號等32筆土地都市更新事業計畫及權利變換計畫案	臺北市北投區立農段一小段566-2、566-3、566-8、575-2、575-4、575-5、580、580-1、581、582、583、584、585、585-1、586、586-1、586-2、586-3、587、587-1、588、588-1、589、589-1、590、591、592、592-1、592-2、592-3、592-4、595地號等32筆土地	立農段一小段	566-2	566-2|566-3|566-8|575-2|575-4|575-5|580|580-1|581|582|583|584|585|585-1|586|586-1|586-2|586-3|587|587-1|588|588-1|589|589-1|590|591|592|592-1|592-2|592-3|592-4|595		32				擬訂	0	事業計畫、權利變換	億揚建設股份有限公司	邑相更新規劃股份有限公司			北投區-立農段一小段-566-2地號等32筆	false	208
678	2020-05-19	109/5/19	北投區	北投區	變更臺北市北投區立農段二小段254地號等2筆土地都市更新事業計畫案	變更臺北市北投區立農段二小段254地號等2筆土地都市更新事業計畫案	臺北市北投區立農段二小段254、257地號等2筆土地	立農段二小段	254	254|257		2				變更	1	事業計畫	華固建設份有限公司	丹棠開發股份有限公司			北投區-立農段二小段-254地號等2筆	true	678
937	2017-11-28	106/11/28	北投區	北投區	擬訂臺北市北投區立農段二小段254地號等2筆土地都市更新事業計畫案	擬訂臺北市北投區立農段二小段254地號等2筆土地都市更新事業計畫案	臺北市北投區立農段二小段254、257地號等2筆土地	立農段二小段	254	254|257		2				擬訂	0	事業計畫	源堃建設份有限公司	丹棠開發股份有限公司			北投區-立農段二小段-254地號等2筆	false	678
956	2017-10-03	106/10/3	北投區	北投區	擬訂臺北市北投區立農段二小段343-3地號等9筆土地都市更新事業計畫案	擬訂臺北市北投區立農段二小段343-3地號等9筆土地都市更新事業計畫案	臺北市北投區立農段二小段343-3、348、348-1、350、351、352、367、368、369-2地號等9筆土地	立農段二小段	343-3	343-3|348|348-1|350|351|352|367|368|369-2		9				擬訂	0	事業計畫	中租建設開發股份有限公司	李欣都市更新股份有限公司			北投區-立農段二小段-343-3地號等9筆	true	956
231	2024-04-24	113/4/24	北投區	北投區	變更擬訂臺北市北投區立農段五小段167-1地號等2筆土地都市更新事業計畫及權利變換計畫案	變更擬訂臺北市北投區立農段五小段167-1地號等2筆土地都市更新事業計畫及權利變換計畫案	臺北市北投區立農段五小段167-1、168地號等2筆土地	立農段五小段	167-1	167-1|168		2				變更	1	事業計畫、權利變換	維正建設股份有限公司	當代都更事業股份有限公司			北投區-立農段五小段-167-1地號等2筆	true	231
857	2018-10-25	107/10/25	北投區	北投區	擬訂臺北市北投區立農段五小段167-1地號等2筆土地都市更新事業計畫及權利變換計畫案	擬訂臺北市北投區立農段五小段167-1地號等2筆土地都市更新事業計畫及權利變換計畫案	臺北市北投區立農段五小段167-1、168地號等2筆土地	立農段五小段	167-1	167-1|168		2				擬訂	0	事業計畫、權利變換	維正建設股份有限公司	當代都更事業股份有限公司			北投區-立農段五小段-167-1地號等2筆	false	231
316	2023-06-28	112/6/28	北投區	北投區	擬訂臺北市北投區立農段五小段374-1地號等44筆土地都市更新事業計畫案	擬訂臺北市北投區立農段五小段374-1地號等44筆土地都市更新事業計畫案	臺北市北投區立農段五小段374-1、426-2、426-3、439-2、441-1、442、442-1、443、443-1、444-1、445、446、446-1、447、448、450、451、452、453、454、455、456、457、458、459、459-1、460、461、461-1、462、463、464、465、465-1、466、466-1、467-1、467-2、469-1、469-2、480-3、480-4、481-1、481-2地號等44筆土地	立農段五小段	374-1	374-1|426-2|426-3|439-2|441-1|442|442-1|443|443-1|444-1|445|446|446-1|447|448|450|451|452|453|454|455|456|457|458|459|459-1|460|461|461-1|462|463|464|465|465-1|466|466-1|467-1|467-2|469-1|469-2|480-3|480-4|481-1|481-2		44				擬訂	0	事業計畫	東家建設股份有限公司	東禧不動產創新股份有限公司			北投區-立農段五小段-374-1地號等44筆	true	316
329	2023-05-11	112/5/11	北投區	北投區	擬訂臺北市北投區立農段五小段643-1地號等13筆(原10筆)土地都市更新事業計畫案	擬訂臺北市北投區立農段五小段643-1地號等13筆(原10筆)土地都市更新事業計畫案	臺北市北投區立農段五小段643-1、644、644-3、646、651、652、652-3、653、653-3、654、655、656、660-1地號等13筆土地	立農段五小段	643-1	643-1|644|644-3|646|651|652|652-3|653|653-3|654|655|656|660-1		13	10			擬訂	0	事業計畫	嘉興發股份有限公司	黃秀莊建築師事務所			北投區-立農段五小段-643-1地號等13筆	true	329
93	2025-08-05	114/8/5	北投區	北投區	擬訂臺北市北投區行義段四小段326地號1筆土地都市更新事業計畫及權利變換計畫案	擬訂臺北市北投區行義段四小段326地號1筆土地都市更新事業計畫及權利變換計畫案	臺北市北投區行義段四小段3261筆土地	行義段四小段	326			1				擬訂	0	事業計畫、權利變換	臺北市北投區行義段四小段326地號1筆土地更新單元都市更新會	冠霖都市更新事業股份有限公司		地號無法解析(缺少地號清單)	北投區-行義段四小段-326地號等1筆	true	93
1411	2003-06-20	92/6/20	北投區	北投區	擬訂臺北市北投區豐年段三小段4地號等16筆土地都市更新事業計畫及權利變換計畫案	擬訂臺北市北投區豐年段三小段4地號等16筆土地都市更新事業計畫及權利變換計畫案	臺北市北投區豐年段三小段1-3、4、5、6、7、8、9、10、11、12、13、14、16、17、18、78-5地號等16筆土地	豐年段三小段	4	1-3|4|5|6|7|8|9|10|11|12|13|14|16|17|18|78-5		16				擬訂	0	事業計畫、權利變換	樂揚建設股份有限公司	昶欣顧問有限公司			北投區-豐年段三小段-4地號等16筆	true	1411
1005	2017-02-09	106/2/9	北投區	北投區	擬訂臺北市北投區豐年段四小段56地號等6筆土地都市更新事業計畫案	擬訂臺北市北投區豐年段四小段56地號等6筆土地都市更新事業計畫案	臺北市北投區豐年段四小段56、58、75、76、77、363地號等6筆土地	豐年段四小段	56	56|58|75|76|77|363		6				擬訂	0	事業計畫	昇陽建設企業股份有限公司	邑相更新規劃股份有限公司			北投區-豐年段四小段-56地號等6筆	true	1005
656	2020-07-28	109/7/28	北投區	北投區	擬訂臺北市北投區關渡段二小段303地號等5筆土地都市更新權利變換計畫案	擬訂臺北市北投區關渡段二小段303地號等5筆土地都市更新權利變換計畫案	臺北市北投區關渡段二小段303、304、305、309、335-6地號等5筆土地	關渡段二小段	303	303|304|305|309|335-6		5				擬訂	0	權利變換	康寶建設股份有限公司	瑞迪發展事業股份有限公司			北投區-關渡段二小段-303地號等5筆	true	656
826	2019-02-14	108/2/14	北投區	北投區	擬訂臺北市北投區關渡段二小段303地號等5筆土地都市更新事業計畫案	擬訂臺北市北投區關渡段二小段303地號等5筆土地都市更新事業計畫案	臺北市北投區關渡段二小段303、304、305、309、335-6地號等5筆土地	關渡段二小段	303	303|304|305|309|335-6		5				擬訂	0	事業計畫	康寶建設股份有限公司	瑞迪發展事業股份有限公司			北投區-關渡段二小段-303地號等5筆	false	656
417	2022-09-14	111/9/14	北投區	北投區	擬訂臺北市北投區關渡段二小段55地號等4筆土地都市更新事業計畫及權利變換計畫案	擬訂臺北市北投區關渡段二小段55地號等4筆土地都市更新事業計畫及權利變換計畫案	臺北市北投區關渡段二小段55、55-1、56、56-2地號等4筆土地	關渡段二小段	55	55|55-1|56|56-2		4				擬訂	0	事業計畫、權利變換	柏鴻土地開發建設股份有限公司	弘傑城市開發股份有限公司			北投區-關渡段二小段-55地號等4筆	true	417
1272	2010-08-20	99/8/20	南港區	南港區	變更臺北市南港區中南段二小段859地號1筆土地都市更新事業計畫案	變更臺北市南港區中南段二小段859地號1筆土地都市更新事業計畫案	臺北市南港區中南段二小段859地號等1筆土地臺北市大同區玉泉段一小段11、19、20、21、30、31、32、33	中南段二小段	859	859		1				變更	1	事業計畫	偉祥建設股份有限公司	廖進雄建築師事務所			南港區-中南段二小段-859地號等1筆	true	1272
1324	2009-01-06	98/1/6	南港區	南港區	擬訂臺北市南港區中南段二小段859地號1筆土地都市更新事業計畫案	擬訂臺北市南港區中南段二小段859地號1筆土地都市更新事業計畫案	臺北市南港區中南段二小段859地號等1筆土地	中南段二小段	859	859		1				擬訂	0	事業計畫	偉祥建設股份有限公司	廖進雄建築師事務所			南港區-中南段二小段-859地號等1筆	false	1272
1302	2009-09-17	98/9/17	南港區	南港區	擬訂臺北市南港區中南段二小段861地號1筆土地都市更新事業計畫案	擬訂臺北市南港區中南段二小段861地號1筆土地都市更新事業計畫案	臺北市南港區中南段二小段861地號等1筆土地	中南段二小段	861	861		1				擬訂	0	事業計畫	臺北市南港區中南段二小段861地號土地都市更新會	弘傑開發事業股份有限公司			南港區-中南段二小段-861地號等1筆	true	1302
1227	2012-05-02	101/5/2	南港區	南港區	變更臺北市南港區中南段二小段862地號土地都市更新事業計畫及權利變換計畫案	變更臺北市南港區中南段二小段862地號土地都市更新事業計畫及權利變換計畫案	臺北市南港區中南段二小段862地號等1筆土地	中南段二小段	862	862		1				變更	1	事業計畫、權利變換	中國建築經理股份有限公司	力冠丰都市規劃有限公司			南港區-中南段二小段-862地號等1筆	true	1227
1278	2010-06-03	99/6/3	南港區	南港區	擬訂臺北市南港區中南段二小段862地號土地都市更新事業計畫及權利變換計畫案	擬訂臺北市南港區中南段二小段862地號土地都市更新事業計畫及權利變換計畫案	臺北市南港區中南段二小段862地號等1筆土地	中南段二小段	862	862		1				擬訂	0	事業計畫、權利變換	中國建築經理股份有限公司	力冠丰都市規劃有限公司			南港區-中南段二小段-862地號等1筆	false	1227
1318	2009-03-27	98/3/27	南港區	南港區	擬訂臺北市南港區中南段二小段865地號1筆土地都市更新事業計畫案	擬訂臺北市南港區中南段二小段865地號1筆土地都市更新事業計畫案	臺北市南港區中南段二小段865地號等1筆土地	中南段二小段	865	865		1				擬訂	0	事業計畫	華固建設股份有限公司	弘傑開發事業股份有限公司			南港區-中南段二小段-865地號等1筆	true	1318
294	2023-09-06	112/9/6	南港區	南港區	變更臺北市南港區中南段四小段105地號（原90地號）等13筆（原24筆）土地都市更新權利變換計畫案	變更臺北市南港區中南段四小段105地號（原90地號）等13筆（原24筆）土地都市更新權利變換計畫案	臺北市南港區中南段四小段105、106、107、108、111、112、113、114、116、117、118、119、120地號等13筆土地	中南段四小段	105	105|106|107|108|111|112|113|114|116|117|118|119|120		13				變更	1	權利變換	廣宇建設實業股份有限公司	力冠丰都市規劃有限公司			南港區-中南段四小段-105地號等13筆	true	294
328	2023-05-16	112/5/16	南港區	南港區	變更臺北市南港區中南段四小段105地號（原90地號）等13筆（原24筆）土地都市更新權利變換計畫案	變更臺北市南港區中南段四小段105地號（原90地號）等13筆（原24筆）土地都市更新權利變換計畫案	臺北市南港區中南段四小段105、106、107、108、111、112、113、114、116、117、118、119、120地號等13筆土地	中南段四小段	105	105|106|107|108|111|112|113|114|116|117|118|119|120		13				變更	1	權利變換	廣宇建設實業股份有限公司	力冠丰都市規劃有限公司			南港區-中南段四小段-105地號等13筆	false	294
742	2019-11-12	108/11/12	南港區	南港區	擬訂臺北市南港區中南段四小段105地號（原90地號）等13筆（原24筆）土地都市更新事業計畫及權利變換計畫案畫案	擬訂臺北市南港區中南段四小段105地號（原90地號）等13筆（原24筆）土地都市更新事業計畫及權利變換計畫案畫案	臺北市南港區中南段四小段105、106、107、108、111、112、113、114、116、117、118、119、120地號等13筆土地	中南段四小段	105	105|106|107|108|111|112|113|114|116|117|118|119|120		13				擬訂	0	事業計畫、權利變換	廣宇建設實業股份有限公司	力冠丰都市規劃有限公司			南港區-中南段四小段-105地號等13筆	false	294
411	2022-10-04	111/10/4	南港區	南港區	擬訂臺北市南港區南港段一小段101地號等41筆土地更新事業計畫及權利變換計畫案	擬訂臺北市南港區南港段一小段101地號等41筆土地更新事業計畫及權利變換計畫案	臺北市南港區南港段一小段101、105、106、106-1、106-2、106-3、106-4、106-5、106-6、106-7、107、108、109、110、111、111-1、111-2、111-3、111-4、111-5、116-6、113、114、115、116、119、120、120-1、121、121-3、121-4、121-5、121-6、121-7、121-8、121-9、121-10、121-11、121-12、121-13、121-14地號等41筆土地	南港段一小段	101	101|105|106|106-1|106-2|106-3|106-4|106-5|106-6|106-7|107|108|109|110|111|111-1|111-2|111-3|111-4|111-5|116-6|113|114|115|116|119|120|120-1|121|121-3|121-4|121-5|121-6|121-7|121-8|121-9|121-10|121-11|121-12|121-13|121-14		41				擬訂	0	事業計畫、權利變換	國協建設實業股份有限公司	國協建設實業股份有限公司			南港區-南港段一小段-101地號等41筆	true	411
924	2018-01-02	107/1/2	南港區	南港區	變更(第二次)臺北市南港區南港段一小段1110地號等21筆土地都市更新權利變換計畫案	變更(第二次)臺北市南港區南港段ㄧ小段1110地號等21筆土地都市更新權利變換計畫案	臺北市南港區南港段ㄧ小段1110、1111、1112、1115、1116、1117、1118、1119、1120、1121、1122、1123、1124、1125、1126、1127、1128、1129、1130、1131、1132地號等21筆土地	南港段一小段	1110	1110|1111|1112|1115|1116|1117|1118|1119|1120|1121|1122|1123|1124|1125|1126|1127|1128|1129|1130|1131|1132		21				變更(第二次)	2	權利變換	興富發建設股份有限公司	力冠丰都市規劃有限公司			南港區-南港段一小段-1110地號等21筆	true	924
1000	2017-03-07	106/3/7	南港區	南港區	變更臺北市南港區南港段一小段1110地號等21筆土地都市更新事業計畫及權利變換計畫案	變更臺北市南港區南港段一小段1110地號等21筆土地都市更新事業計畫及權利變換計畫案	臺北市南港區南港段一小段1110、1111、1112、1115、1116、1117、1118、1119、1120、1121、1122、1123、1124、1125、1126、1127、1128、1129、1130、1131、1132地號等21筆土地	南港段一小段	1110	1110|1111|1112|1115|1116|1117|1118|1119|1120|1121|1122|1123|1124|1125|1126|1127|1128|1129|1130|1131|1132		21				變更	1	事業計畫、權利變換	興富發建設股份有限公司	力冠丰都市規劃有限公司			南港區-南港段一小段-1110地號等21筆	false	924
1132	2014-04-25	103/4/25	南港區	南港區	擬訂臺北市南港區南港段一小段1110地號等21筆土地都市更新事業計畫及權利變換計畫案	擬訂臺北市南港區南港段一小段1110地號等21筆土地都市更新事業計畫及權利變換計畫案	臺北市南港區南港段一小段1110、1111、1112、1115、1116、1117、1118、1119、1120、1121、1122、1123、1124、1125、1126、1127、1128、1129、1130、1131、1132地號等21筆土地臺北市南港區南港段一小段710-3、710-4、716、717、718-2、719、	南港段一小段	1110	1110|1111|1112|1115|1116|1117|1118|1119|1120|1121|1122|1123|1124|1125|1126|1127|1128|1129|1130|1131|1132		21				擬訂	0	事業計畫、權利變換	興富發建設股份有限公司	力冠丰都市規劃有限公司			南港區-南港段一小段-1110地號等21筆	false	924
118	2025-04-23	114/4/23	南港區	南港區	擬訂臺北市南港區南港段一小段138-1地號等58筆土地都市更新權利變換計畫案	擬訂臺北市南港區南港段一小段138-1地號等58筆土地都市更新權利變換計畫案	臺北市南港區南港段一小段138-1、138-2、139-1、139-2、139-3、139-4、139-5、140、143、144、148、149、150、151、152、153、154、155、155-1、158、158-1、159、160、165、166、167、168、169、172、173、176、177、177-1、183、183-1、183-2、184、185、186、187、188、189、190、191、192、193、194、195、196、197、198、199、200、201、202、203、204、205地號等58筆土地	南港段一小段	138-1	138-1|138-2|139-1|139-2|139-3|139-4|139-5|140|143|144|148|149|150|151|152|153|154|155|155-1|158|158-1|159|160|165|166|167|168|169|172|173|176|177|177-1|183|183-1|183-2|184|185|186|187|188|189|190|191|192|193|194|195|196|197|198|199|200|201|202|203|204|205		58				擬訂	0	權利變換	世喆建設股份有限公司	新意群工程顧問股份有限公司			南港區-南港段一小段-138-1地號等58筆	true	118
266	2023-12-13	112/12/13	南港區	南港區	變更臺北市南港區南港段一小段138-1地號等58筆土地都市更新事業計畫案	變更臺北市南港區南港段一小段138-1地號等58筆土地都市更新事業計畫案	臺北市南港區南港段一小段138-1、138-2、139-1、139-2、139-3、139-4、139-5、140、143、144、148、149、150、151、152、153、154、155、155-1、158、158-1、159、160、165、166、167、168、169、172、173、176、177、177-1、183、183-1、183-2、184、185、186、187、188、189、190、191、192、193、194、195、196、197、198、199、200、201、202、203、204、205地號等58筆土地	南港段一小段	138-1	138-1|138-2|139-1|139-2|139-3|139-4|139-5|140|143|144|148|149|150|151|152|153|154|155|155-1|158|158-1|159|160|165|166|167|168|169|172|173|176|177|177-1|183|183-1|183-2|184|185|186|187|188|189|190|191|192|193|194|195|196|197|198|199|200|201|202|203|204|205		58				變更	1	事業計畫	世喆建設股份有限公司	新意群工程顧問股份有限公司			南港區-南港段一小段-138-1地號等58筆	false	118
490	2022-01-18	111/1/18	南港區	南港區	擬訂臺北市南港區南港段一小段138-1地號等58筆土地都市更新事業計畫案	擬訂臺北市南港區南港段一小段138-1地號等58筆土地都市更新事業計畫案	臺北市南港區南港段一小段138-1、138-2、139-1、139-2、139-3、139-4、139-5、140、143、144、148、149、150、151、152、153、154、155、155-1、158、158-1、159、160、165、166、167、168、169、172、173、176、177、177-1、183、183-1、183-2、184、185、186、187、188、189、190、191、192、193、194、195、196、197、198、199、200、201、202、203、204、205地號等58筆土地	南港段一小段	138-1	138-1|138-2|139-1|139-2|139-3|139-4|139-5|140|143|144|148|149|150|151|152|153|154|155|155-1|158|158-1|159|160|165|166|167|168|169|172|173|176|177|177-1|183|183-1|183-2|184|185|186|187|188|189|190|191|192|193|194|195|196|197|198|199|200|201|202|203|204|205		58				擬訂	0	事業計畫	世喆建設股份有限公司	新意群工程顧問股份有限公司			南港區-南港段一小段-138-1地號等58筆	false	118
11	2026-07-09	115/7/9	南港區	南港區	變更(第二次)臺北市南港區南港段一小段19-1地號等34筆土地都市更新權利變換計畫案	變更(第二次)臺北市南港區南港段一小段19-1地號等34筆土地都市更新權利變換計畫案	臺北市南港區南港段一小段19-1、20-1、20-8、20-9、20-10、20-11、20-12、20-13、21、22-2、31-2、32、33、64、65、66、67、68、68-1、69、70、71、71-1、72、73、74、75、76、77、78、79、80、80-1、81地號等34筆土地	南港段一小段	19-1	19-1|20-1|20-8|20-9|20-10|20-11|20-12|20-13|21|22-2|31-2|32|33|64|65|66|67|68|68-1|69|70|71|71-1|72|73|74|75|76|77|78|79|80|80-1|81		34				變更(第二次)	2	權利變換	全陽建設股份有限公司	力冠丰都市規劃有限公司			南港區-南港段一小段-19-1地號等34筆	true	11
179	2024-11-13	113/11/13	南港區	南港區	變更臺北市南港區南港段一小段19-1地號等34筆土地都市更新事業計畫及權利變換計畫案	變更臺北市南港區南港段一小段19-1地號等34筆土地都市更新事業計畫及權利變換計畫案	臺北市南港區南港段一小段19-1、20-1、20-8、20-9、20-10、20-11、20-12、20-13、21、22-2、31-2、32、33、64、65、66、67、68、68-1、69、70、71、71-1、72、73、74、75、76、77、78、79、80、80-1、81地號等34筆土地	南港段一小段	19-1	19-1|20-1|20-8|20-9|20-10|20-11|20-12|20-13|21|22-2|31-2|32|33|64|65|66|67|68|68-1|69|70|71|71-1|72|73|74|75|76|77|78|79|80|80-1|81		34				變更	1	事業計畫、權利變換	全陽建設股份有限公司	力冠丰都市規劃有限公司			南港區-南港段一小段-19-1地號等34筆	false	11
767	2019-08-27	108/8/27	南港區	南港區	擬訂臺北市南港區南港段一小段19-1地號等34筆土地都市更新事業計畫及權利變換計畫案	擬訂臺北市南港區南港段一小段19-1地號等34筆土地都市更新事業計畫及權利變換計畫案	臺北市南港區南港段一小段19-1、20-1、20-8、20-9、20-10、20-11、20-12、20-13、21、22-2、31-2、32、33、64、65、66、67、68、68-1、69、70、71、71-1、72、73、74、75、76、77、78、79、80、80-1、81地號等34筆土地	南港段一小段	19-1	19-1|20-1|20-8|20-9|20-10|20-11|20-12|20-13|21|22-2|31-2|32|33|64|65|66|67|68|68-1|69|70|71|71-1|72|73|74|75|76|77|78|79|80|80-1|81		34				擬訂	0	事業計畫、權利變換	全陽建設股份有限公司	力冠丰都市規劃有限公司			南港區-南港段一小段-19-1地號等34筆	false	11
449	2022-05-31	111/5/31	南港區	南港區	變更臺北市南港區南港段一小段366地號等21筆土地都市更新事業計畫及擬訂權利變換計畫案	變更臺北市南港區南港段一小段366地號等21筆土地都市更新事業計畫及擬訂權利變換計畫案	臺北市南港區南港段一小段366、367-2、369-1、369-2、370、371、372、372、372-2、373-3、373、374、375-2、375-5、375-6、375-7、375-8、375-12、375-14、560-2、560-4、562-4地號等21筆土地	南港段一小段	366	366|367-2|369-1|369-2|370|371|372|372-2|373-3|373|374|375-2|375-5|375-6|375-7|375-8|375-12|375-14|560-2|560-4|562-4		21				變更	1	事業計畫、權利變換	首泰建設股份有限公司	弘傑開發事業股份有限公司			南港區-南港段一小段-366地號等21筆	true	449
1320	2009-02-12	98/2/12	南港區	南港區	擬訂臺北市南港區南港段一小段366地號等21筆土地都市更新事業計畫案	擬訂臺北市南港區南港段一小段366地號等21筆土地都市更新事業計畫案	臺北市南港區南港段一小段366、367-2、369-1、369-2、370、371、372、372、372-2、373-3、373、374、375-2、375-5、375-6、375-7、375-8、375-12、375-14、560-2、560-4、562-4地號等21筆土地	南港段一小段	366	366|367-2|369-1|369-2|370|371|372|372-2|373-3|373|374|375-2|375-5|375-6|375-7|375-8|375-12|375-14|560-2|560-4|562-4		21				擬訂	0	事業計畫	首泰建設股份有限公司	弘傑開發事業股份有限公司			南港區-南港段一小段-366地號等21筆	false	449
385	2022-12-08	111/12/8	南港區	南港區	擬訂臺北市南港區南港段一小段379-1地號等43筆土地都市更新權利變換計畫案	擬訂臺北市南港區南港段一小段379-1地號等43筆土地都市更新權利變換計劃案	臺北市南港區南港段一小段372-1、375、375-3、375-4、375-9、375-10、375-11、375-13、376、377、378、378-1、378-2、378-3、379、379-1、379-2、379-3、379-4、379-5、379-6、381、381-2、382、382-1、385-1、386、386-1、386-2、387、387-1、388、389、390、390-2、390-3、403、403-1、404、404-2、406、406-7地號等43筆土地	南港段一小段	379-1	372-1|375|375-3|375-4|375-9|375-10|375-11|375-13|376|377|378|378-1|378-2|378-3|379|379-1|379-2|379-3|379-4|379-5|379-6|381|381-2|382|382-1|385-1|386|386-1|386-2|387|387-1|388|389|390|390-2|390-3|403|403-1|404|404-2|406|406-7		43				擬訂	0	權利變換	聯勤建設實業股份有限公司	財團法人都市更新研究發展基金會			南港區-南港段一小段-379-1地號等43筆	true	385
1075	2015-11-12	104/11/12	南港區	南港區	擬訂臺北市南港區南港段一小段379-1地號等43筆土地都市更新事業計畫案	擬訂臺北市南港區南港段一小段379-1地號等43筆土地都市更新事業計畫案	臺北市南港區南港段一小段372-1、375、375-3、375-4、375-9、375-10、375-11、375-13、376、377、378、378-1、378-2、378-3、379、379-1、379-2、379-3、379-4、379-5、379-6、381、381-2、382、382-1、385-1、386、386-1、386-2、387、387-1、388、389、390、390-2、390-3、403、403-1、404、404-2、406、406-7地號等43筆土地	南港段一小段	379-1	372-1|375|375-3|375-4|375-9|375-10|375-11|375-13|376|377|378|378-1|378-2|378-3|379|379-1|379-2|379-3|379-4|379-5|379-6|381|381-2|382|382-1|385-1|386|386-1|386-2|387|387-1|388|389|390|390-2|390-3|403|403-1|404|404-2|406|406-7		43				擬訂	0	事業計畫	聯勤建設股份有限公司	財團法人都市更新研究發展基金會			南港區-南港段一小段-379-1地號等43筆	false	385
1234	2012-01-12	101/1/12	南港區	南港區	變更臺北市南港區南港段一小段384地號等11筆土地(R13)都市更新事業計畫及權利變換計畫案	變更臺北市南港區南港段一小段384地號等11筆土地(R13)都市更新事業計畫及權利變換計畫案	698-2、698-3地號等54筆土地臺北市南港區南港段一小段384、384-1、407、407-1、523、523-1、523-2、524、524-1、525、526地號等11筆土地	南港段一小段	384	384|384-1|407|407-1|523|523-1|523-2|524|524-1|525|526		11				變更	1	事業計畫、權利變換	筑丰實業股份有限公司	合邑都市更新股份有限公司			南港區-南港段一小段-384地號等11筆	true	1234
1319	2009-03-19	98/3/19	南港區	南港區	擬訂臺北市南港區南港段一小段384地號等11筆土地(R13)都市更新事業計畫及權利變換計畫案	擬訂臺北市南港區南港段一小段384地號等11筆土地(R13)都市更新事業計畫及權利變換計畫案	臺北市南港區南港段一小段384、384-1、407、407-1、523、523-1、523-2、524、524-1、525、526地號等11筆土地	南港段一小段	384	384|384-1|407|407-1|523|523-1|523-2|524|524-1|525|526		11				擬訂	0	事業計畫、權利變換	筑丰實業股份有限公司	合邑都市更新股份有限公司			南港區-南港段一小段-384地號等11筆	false	1234
1056	2016-03-31	105/3/31	南港區	南港區	變更臺北市南港區南港段一小段412-2地號等48筆土地都市更新事業計畫及權利變換計畫案	變更臺北市南港區南港段一小段412-2地號等48筆土地都市更新事業計畫及權利變換計畫案	臺北市南港區南港段一小段412-2、455-1、456、456-1、457、458、461、462、465、467、468、469、470、471、472、472-1、473、474、475、476、477、478、479、480、481、483、484、485、486、487、488、489、490、491、492、493、494、495、496、497、498、499、500、501、507-2、508、522-2、522-7地號等48筆土地	南港段一小段	412-2	412-2|455-1|456|456-1|457|458|461|462|465|467|468|469|470|471|472|472-1|473|474|475|476|477|478|479|480|481|483|484|485|486|487|488|489|490|491|492|493|494|495|496|497|498|499|500|501|507-2|508|522-2|522-7		48				變更	1	事業計畫、權利變換	首泰建設股份有限公司	弘傑開發事業股份有限公司			南港區-南港段一小段-412-2地號等48筆	true	1056
1298	2009-11-16	98/11/16	南港區	南港區	擬訂臺北市南港區南港段一小段412-2地號等48筆土地都市更新事業計畫及權利變換計畫案	擬訂臺北市南港區南港段一小段412-2地號等48筆土地都市更新事業計畫及權利變換計畫案	臺北市南港區南港段一小段412-2、455-1、456、456-1、457、458、461、462、465、467、468、469、470、471、472、472-1、473、474、475、476、477、478、479、480、481、483、484、485、486、487、488、489、490、491、492、493、494、495、496、497、498、499、500、501、507-2、508、522-2、522-7地號等48筆土地	南港段一小段	412-2	412-2|455-1|456|456-1|457|458|461|462|465|467|468|469|470|471|472|472-1|473|474|475|476|477|478|479|480|481|483|484|485|486|487|488|489|490|491|492|493|494|495|496|497|498|499|500|501|507-2|508|522-2|522-7		48				擬訂	0	事業計畫、權利變換	首泰建設股份有限公司	弘傑開發事業股份有限公司			南港區-南港段一小段-412-2地號等48筆	false	1056
1303	2009-09-07	98/9/7	南港區	南港區	變更臺北市南港區南港段一小段520-2地號等18筆土地(R13)都市更新事業計畫及權利變換計畫案	變更臺北市南港區南港段一小段520-2地號等18筆土地(R13)都市更新事業計畫及權利變換計畫案	臺北市南港區南港段一小段、508-2、509、509-1、510、511、512、513、518、518-1、519、519-1、519-2、520-1、520-2、520-3、520-6、521-2、521-3地號等18筆土地	南港段一小段	520-2	508-2|509|509-1|510|511|512|513|518|518-1|519|519-1|519-2|520-1|520-2|520-3|520-6|521-2|521-3		18				變更	1	事業計畫、權利變換	聯勤建設實業股份有限公司	財團法人都市更新研究發展基金會			南港區-南港段一小段-520-2地號等18筆	true	1303
1349	2008-03-10	97/3/10	南港區	南港區	擬訂臺北市南港區南港段一小段520-2地號等18筆土地(R13)都市更新事業計畫及權利變換計畫案	擬訂臺北市南港區南港段一小段520-2地號等18筆土地(R13)都市更新事業計畫及權利變換計畫案	臺北市南港區南港段一小段、508-2、509、509-1、510、511、512、513、518、518-1、519、519-1、519-2、520-1、520-2、520-3、520-6、521-2、521-3地號等18筆土地	南港段一小段	520-2	508-2|509|509-1|510|511|512|513|518|518-1|519|519-1|519-2|520-1|520-2|520-3|520-6|521-2|521-3		18				擬訂	0	事業計畫、權利變換	聯勤建設實業股份有限公司	財團法人都市更新研究發展基金會			南港區-南港段一小段-520-2地號等18筆	false	1303
125	2025-04-08	114/4/8	南港區	南港區	擬訂臺北市南港區南港段一小段522地號等45筆土地都市更新權利變換計畫案	擬訂臺北市南港區南港段一小段522地號等45筆土地都市更新權利變換計畫案	臺北市南港區南港段一小段403-2、403-3、403-4、403-5、403-6、406-1、406-2、406-3、406-4、406-5、406-6、409、409-1、409-2、409-3、409-4、409-5、409-6、409-7、409-9、409-10、409-11、409-12、409-13、409-14、409-15、409-16、412、412-3、412-4、412-6、412-7、412-12、412-13、412-14、522、522-3、522-5、522-6、522-9、522-10、522-12、522-14、522-15、522-18地號等45筆土地	南港段一小段	522	403-2|403-3|403-4|403-5|403-6|406-1|406-2|406-3|406-4|406-5|406-6|409|409-1|409-2|409-3|409-4|409-5|409-6|409-7|409-9|409-10|409-11|409-12|409-13|409-14|409-15|409-16|412|412-3|412-4|412-6|412-7|412-12|412-13|412-14|522|522-3|522-5|522-6|522-9|522-10|522-12|522-14|522-15|522-18		45				擬訂	0	權利變換	筑丰興業股份有限公司	財團法人都市更新研究發展基金會			南港區-南港段一小段-522地號等45筆	true	125
989	2017-04-20	106/4/20	南港區	南港區	擬訂臺北市南港區南港段一小段522地號等45筆土地都市更新事業計畫案	擬訂臺北市南港區南港段一小段522地號等45筆土地都市更新事業計畫案	臺北市南港區南港段一小段403-2、403-3、403-4、403-5、403-6、406-1、406-2、406-3、406-4、406-5、406-6、409、409-1、409-2、409-3、409-4、409-5、409-6、409-7、409-9、409-10、409-11、409-12、409-13、409-14、409-15、409-16、412、412-3、412-4、412-6、412-7、412-12、412-13、412-14、522、522-3、522-5、522-6、522-9、522-10、522-12、522-14、522-15、522-18地號等45筆土地	南港段一小段	522	403-2|403-3|403-4|403-5|403-6|406-1|406-2|406-3|406-4|406-5|406-6|409|409-1|409-2|409-3|409-4|409-5|409-6|409-7|409-9|409-10|409-11|409-12|409-13|409-14|409-15|409-16|412|412-3|412-4|412-6|412-7|412-12|412-13|412-14|522|522-3|522-5|522-6|522-9|522-10|522-12|522-14|522-15|522-18		45				擬訂	0	事業計畫	筑丰興業股份有限公司	財團法人都市更新研究發展基金會			南港區-南港段一小段-522地號等45筆	false	125
1335	2008-10-03	97/10/3	南港區	南港區	擬訂臺北市南港區南港段一小段527地號等4筆土地(R13)都市更新事業計畫及權利變換計畫案	擬訂臺北市南港區南港段一小段527地號等4筆土地(R13)都市更新事業計畫及權利變換計畫案	臺北市南港區南港段一小段525-3、526-2、526-4、527地號等4筆土地	南港段一小段	527	525-3|526-2|526-4|527		4				擬訂	0	事業計畫、權利變換	正隆股份有限公司簡俊卿建築師事務	所			南港區-南港段一小段-527地號等4筆	true	1335
1306	2009-07-03	98/7/3	南港區	南港區	變更臺北市南港區南港段一小段531-4地號等2筆土地(R13)都市更新事業計畫及權利變換計畫案	變更臺北市南港區南港段一小段531-4地號等2筆土地(R13)都市更新事業計畫及權利變換計畫案	臺北市南港區南港段一小段531-4地號及537地號等2筆土地	南港段一小段	531-4			2				變更	1	事業計畫、權利變換	台灣肥料股份有限公司	廖以勇建築師事務所		地號無法解析(缺少地號清單)	南港區-南港段一小段-531-4地號等2筆	true	1306
1353	2008-01-15	97/1/15	南港區	南港區	擬訂臺北市南港區南港段一小段531-4、537地號等2筆土地都市更新事業計畫及權利變換計畫案	擬訂臺北市南港區南港段一小段531-4、537地號等2筆土地都市更新事業計畫及權利變換計畫案	臺北市南港區南港段一小段531-4、537地號等2筆土地	南港段一小段	531-4	531-4|537		2				擬訂	0	事業計畫、權利變換	台灣肥料股份有限公司	邑相國際工程顧問有限公司			南港區-南港段一小段-531-4地號等2筆-2	true	1353
416	2022-09-15	111/9/15	南港區	南港區	變更(第四次)臺北市南港區南港段一小段531地號等2筆土地都市更新權利變換計畫案	變更(第四次)臺北市南港區南港段一小段531地號等2筆土地都市更新權利變換計畫案	臺北市南港區南港段一小段531及375-16地號等2筆土地	南港段一小段	531			2				變更(第四次)	4	權利變換	愛山林建設開發股份有限公司	邑相更新規劃股份有限公司		地號無法解析(缺少地號清單)	南港區-南港段一小段-531地號等2筆	true	416
473	2022-03-23	111/3/23	南港區	南港區	變更(第三次)臺北市南港區南港段一小段531地號等2筆土地都市更新事業計畫及權利變換計畫案	變更(第三次)臺北市南港區南港段一小段531地號等2筆土地都市更新事業計畫及權利變換計畫案	臺北市南港區南港段一小段531及375-16地號等2筆土地	南港段一小段	531			2				變更(第三次)	3	事業計畫、權利變換	愛山林建設開發股份有限公司	邑相更新規劃股份有限公司		地號無法解析(缺少地號清單)	南港區-南港段一小段-531地號等2筆-2	true	473
748	2019-10-25	108/10/25	南港區	南港區	變更(第二次)臺北市南港區南港段一小段531地號等2筆土地都市更新事業計畫及權利變換計畫案	變更(第二次)臺北市南港區南港段一小段531地號等2筆土地都市更新事業計畫及權利變換計畫案	臺北市南港區南港段一小段531及375-16地號等2筆土地	南港段一小段	531			2				變更(第二次)	2	事業計畫、權利變換	愛山林建設開發股份有限公司	邑相聯合建築師事務所		地號無法解析(缺少地號清單)	南港區-南港段一小段-531地號等2筆-3	true	748
971	2017-07-20	106/7/20	南港區	南港區	變更臺北市南港區南港段一小段531地號等2筆土地都市更新事業計畫及權利變換計畫案	變更臺北市南港區南港段一小段531地號等2筆土地都市更新事業計畫及權利變換計畫案	臺北市南港區南港段一小段531及375-16地號等2筆土地	南港段一小段	531			2				變更	1	事業計畫、權利變換	台灣肥料股份有限公司	邑相聯合建築師事務所		地號無法解析(缺少地號清單)	南港區-南港段一小段-531地號等2筆-4	true	971
1170	2013-08-20	102/8/20	南港區	南港區	擬訂臺北市南港區南港段一小段531地號等2筆土地都市更新事業計畫及權利變換計畫案	擬訂臺北市南港區南港段一小段531地號等2筆土地都市更新事業計畫及權利變換計畫案	臺北市南港區南港段一小段531、531-1地號等2筆土地	南港段一小段	531	531|531-1		2				擬訂	0	事業計畫、權利變換	台莊資產管理開發股份有限公司	邑相聯合建築師事務所			南港區-南港段一小段-531地號等2筆-5	true	1170
1379	2007-01-23	96/1/23	南港區	南港區	擬訂臺北市南港區南港段一小段560地號等16筆土地(R13)都市更新事業計畫及權利變換計畫案	擬訂臺北市南港區南港段一小段560地號等16筆土地(R13)都市更新事業計畫及權利變換計畫案	臺北市南港區南港段一小段535、536、548-1、550-1、551、552、553、554、555、556、557、558、559、559-3、560、560-1地號等16筆土地(R13)	南港段一小段	560	535|536|548-1|550-1|551|552|553|554|555|556|557|558|559|559-3|560|560-1		16				擬訂	0	事業計畫、權利變換	宏境建設股份有限公司	合邑都市更新股份有限公司			南港區-南港段一小段-560地號等16筆	true	1379
100	2025-07-15	114/7/15	南港區	南港區	擬訂臺北市南港區南港段一小段561地號1筆(原5筆)土地都市更新事業計畫案	擬訂臺北市南港區南港段一小段561地號1筆(原5筆)土地都市更新事業計畫案	臺北市南港區南港段一小段5611筆土地	南港段一小段	561			1	5			擬訂	0	事業計畫	大陸建設股份有限公司	舜磐創新股份有限公司		地號無法解析(缺少地號清單)	南港區-南港段一小段-561地號等1筆	true	100
191	2024-08-21	113/8/21	南港區	南港區	變更臺北市南港區南港段一小段601地號等25筆土地都市更新事業計畫案	變更臺北市南港區南港段一小段601地號等25筆土地都市更新事業計畫案	臺北市南港區南港段一小段601、601-1、601-2、601-3、601-4、601-5、601-6、601-7、601-8、601-9、602、602-1、603、604、604-1、604-2、605、605-1、606、607、607-1、607-9、608、614-1、614-2地號等25筆土地	南港段一小段	601	601|601-1|601-2|601-3|601-4|601-5|601-6|601-7|601-8|601-9|602|602-1|603|604|604-1|604-2|605|605-1|606|607|607-1|607-9|608|614-1|614-2		25				變更	1	事業計畫	世展建設股份有限公司	新意群工程顧問有限公司			南港區-南港段一小段-601地號等25筆	true	191
342	2023-04-13	112/4/13	南港區	南港區	擬訂臺北市南港區南港段一小段601地號等25筆土地都市更新事業計畫案	擬訂臺北市南港區南港段一小段601地號等25筆土地都市更新事業計畫案	臺北市南港區南港段一小段601、601-1、601-2、601-3、601-4、601-5、601-6、601-7、601-8、601-9、602、602-1、603、604、604-1、604-2、605、605-1、606、607、607-1、607-9、608、614-1、614-2地號等25筆土地	南港段一小段	601	601|601-1|601-2|601-3|601-4|601-5|601-6|601-7|601-8|601-9|602|602-1|603|604|604-1|604-2|605|605-1|606|607|607-1|607-9|608|614-1|614-2		25				擬訂	0	事業計畫	世展建設股份有限公司	新意群工程顧問有限公司			南港區-南港段一小段-601地號等25筆	false	191
1296	2009-12-01	98/12/1	南港區	南港區	變更臺北市南港區南港段一小段619地號等6筆土地(R14)都市更新事業計畫案	變更臺北市南港區南港段一小段619地號等6筆土地(R14)都市更新事業計畫案	臺北市南港區南港段一小段619、622、628、629、630、631地號等6筆土地	南港段一小段	619	619|622|628|629|630|631		6				變更	1	事業計畫	元利建設企業股份有限公司	簡俊卿建築師事務所			南港區-南港段一小段-619地號等6筆	true	1296
1378	2007-03-28	96/3/28	南港區	南港區	擬訂臺北市南港區南港段一小段619地號等6筆土地(R14)都市更新事業計畫案	擬訂臺北市南港區南港段一小段619地號等6筆土地(R14)都市更新事業計畫案	臺北市南港區南港段一小段619、622、628、629、630、631地號等6筆土地	南港段一小段	619	619|622|628|629|630|631		6				擬訂	0	事業計畫	元利建設企業股份有限公司	簡俊卿建築師事務所			南港區-南港段一小段-619地號等6筆	false	1296
1133	2014-04-25	103/4/25	南港區		擬訂臺北市南港區南港段一小段720地號等105筆土地都市更新事業計畫案	擬訂臺北市南港區南港段一小段720地號等105筆土地都市更新事業計畫案	720、720-1、720-2、720-3、720-4、720-5、720-6、720-7、720-8、720-9、720-10、720-11、720-12、720-13、720-14、720-15、720-16、723、724、725、726、727、727-1、728、729、730、730-1、730-2、731、731-1、731-2、732、735、736、736-1、736-2、736-3、737、737-1、737-2、738、740、741、741-1、742、742-1、743、744、745、745-1、746、746-1、746-2、746-3、747、750、751、751-1、752、752-1、753、753-1、754、755、756、757、762、763、764、766、767、768、768-1、769、770、771、774、774-1、775、776、777、	南港段一小段	720	720|720-1|720-2|720-3|720-4|720-5|720-6|720-7|720-8|720-9|720-10|720-11|720-12|720-13|720-14|720-15|720-16|723|724|725|726|727|727-1|728|729|730|730-1|730-2|731|731-1|731-2|732|735|736|736-1|736-2|736-3|737|737-1|737-2|738|740|741|741-1|742|742-1|743|744|745|745-1|746|746-1|746-2|746-3|747|750|751|751-1|752|752-1|753|753-1|754|755|756|757|762|763|764|766|767|768|768-1|769|770|771|774|774-1|775|776|777		105				擬訂	0	事業計畫	興富發建設股份有限公司	力冠丰都市規劃有限公司		地號無法解析(缺少段小段)	南港區-南港段一小段-720地號等105筆	true	1133
156	2025-01-14	114/1/14	南港區	南港區	變更臺北市南港區南港段三小段274地號等16筆土地都市更新權利變換計畫案	變更臺北市南港區南港段三小段274地號等16筆土地都市更新權利變換計畫案	臺北市南港區南港段三小段274、275、276、277、278、279、280、281、282、283、284、285、286、316-5、317、319-4地號等16筆土地	南港段三小段	274	274|275|276|277|278|279|280|281|282|283|284|285|286|316-5|317|319-4		16				變更	1	權利變換	國泰建設股份有限公司	李欣都市更新股份有限公司			南港區-南港段三小段-274地號等16筆	true	156
598	2021-01-14	110/1/14	南港區	南港區	變更臺北市南港區南港段三小段274地號等16筆土地都市更新事業計畫及擬訂權利變換計畫案	變更臺北市南港區南港段三小段274地號等16筆土地都市更新事業計畫及擬訂權利變換計畫案	臺北市南港區南港段三小段274、275、276、277、278、279、280、281、282、283、284、285、286、316-5、317、319-4地號等16筆土地	南港段三小段	274	274|275|276|277|278|279|280|281|282|283|284|285|286|316-5|317|319-4		16				變更	1	事業計畫、權利變換	國泰建設股份有限公司	李欣都市更新股份有限公司			南港區-南港段三小段-274地號等16筆	false	156
1057	2016-03-16	105/3/16	南港區	南港區	擬訂臺北市南港區南港段三小段274地號等16筆土地都市更新事業計畫案	擬訂臺北市南港區南港段三小段274地號等16筆土地都市更新事業計畫案	臺北市南港區南港段三小段274、275、276、277、278、279、280、281、282、283、284、285、286、316-5、317、319地號等16筆土地	南港段三小段	274	274|275|276|277|278|279|280|281|282|283|284|285|286|316-5|317|319		16				擬訂	0	事業計畫	國泰建設股份有限公司	李欣都市更新股份有限公司			南港區-南港段三小段-274地號等16筆	false	156
69	2025-11-18	114/11/18	南港區	南港區	變更臺北市南港區南港段三小段316地號等3筆土地都市更新事業計畫及權利變換計畫案	變更臺北市南港區南港段三小段316地號等3筆土地都市更新事業計畫及權利變換計畫案	臺北市南港區南港段三小段316、316-2、319地號等3筆土地	南港段三小段	316	316|316-2|319		3				變更	1	事業計畫、權利變換	中華工程股份有限公司	亞伯土地開發股份有限公司			南港區-南港段三小段-316地號等3筆	true	69
314	2023-07-11	112/7/11	南港區	南港區	擬訂臺北市南港區南港段三小段316地號等3筆土地都市更新權利變換計畫案	擬訂臺北市南港區南港段三小段316地號等3筆土地都市更新權利變換計畫案	臺北市南港區南港段三小段316、316-2、319地號等3筆土地	南港段三小段	316	316|316-2|319		3				擬訂	0	權利變換	中華工程股份有限公司	亞伯土地開發股份有限公司			南港區-南港段三小段-316地號等3筆	false	69
619	2020-10-21	109/10/21	南港區	南港區	擬訂臺北市南港區南港段三小段316地號等3筆土地都市更新事業計畫案	擬訂臺北市南港區南港段三小段316地號等3筆土地都市更新事業計畫案	臺北市南港區南港段三小段316、316-2、319地號等3筆土地	南港段三小段	316	316|316-2|319		3				擬訂	0	事業計畫	中華工程股份有限公司	亞伯土地開發股份有限公司			南港區-南港段三小段-316地號等3筆	false	69
49	2026-02-25	115/2/25	南港區	南港區	變更臺北市南港區南港段三小段68-3地號等5筆土地都市更新權利變換計畫案	變更臺北市南港區南港段三小段68-3地號等5筆土地都市更新權利變換計畫案	臺北市南港區南港段三小段68-3、316-1、316-3、316-4、319-5等5筆土地	南港段三小段	68-3	68-3|316-1|316-3|316-4		5				變更	1	權利變換	國泰建設股份有限公司	弘傑開發事業股份有限公司			南港區-南港段三小段-68-3地號等5筆	true	49
641	2020-08-25	109/8/25	南港區	南港區	變更臺北市南港區南港段三小段68-3地號等5筆土地都市更新事業計畫及擬訂權利變換計畫案	變更臺北市南港區南港段三小段68-3地號等5筆土地都市更新事業計畫及擬訂權利變換計畫案	臺北市南港區南港段三小段68-3、316-1、316-3、316-4、319-5等5筆土地	南港段三小段	68-3	68-3|316-1|316-3|316-4		5				變更	1	事業計畫、權利變換	國泰建設股份有限公司	弘傑開發事業股份有限公司			南港區-南港段三小段-68-3地號等5筆	false	49
888	2018-06-21	107/6/21	南港區	南港區	擬訂臺北市南港區南港段三小段68-3地號等5筆土地都市更新事業計畫案	擬訂臺北市南港區南港段三小段68-3地號等5筆土地都市更新事業計畫案	臺北市南港區南港段三小段68-3、316-1、316-3、316-4、319-5等5筆土地	南港段三小段	68-3	68-3|316-1|316-3|316-4		5				擬訂	0	事業計畫	國泰建設股份有限公司	弘傑開發事業股份有限公司			南港區-南港段三小段-68-3地號等5筆	false	49
516	2021-11-30	110/11/30	南港區	南港區	變更(第二次)臺北市南港區南港段三小段72-1地號等7筆土地都市更新事業計畫案	變更(第二次)臺北市南港區南港段三小段72-1地號等7筆土地都市更新事業計畫案	臺北市南港區南港段三小段72-1、73、79、79-5、79-6、80-4、80-7地號等7筆土地	南港段三小段	72-1	72-1|73|79|79-5|79-6|80-4|80-7		7				變更(第二次)	2	事業計畫	亞昕國際開發股份有限公司	舜磐創新有限公司			南港區-南港段三小段-72-1地號等7筆	true	516
674	2020-05-26	109/5/26	南港區	南港區	變更臺北市南港區南港段三小段72-1地號等7筆土地都市更新事業計畫案	變更臺北市南港區南港段三小段72-1地號等7筆土地都市更新事業計畫案	臺北市南港區南港段三小段72-1、73、79、79-5、79-6、80-4、80-7地號等7筆土地	南港段三小段	72-1	72-1|73|79|79-5|79-6|80-4|80-7		7				變更	1	事業計畫	興富發建設股份有限公司	舜磐創新有限公司			南港區-南港段三小段-72-1地號等7筆	false	516
781	2019-07-03	108/7/3	南港區	南港區	擬訂臺北市南港區南港段三小段72-1地號等7筆土地都市更新事業計畫案	擬訂臺北市南港區南港段三小段72-1地號等7筆土地都市更新事業計畫案	臺北市南港區南港段三小段72-1、73、79、79-5、79-6、80-4、80-7地號等7筆土地	南港段三小段	72-1	72-1|73|79|79-5|79-6|80-4|80-7		7				擬訂	0	事業計畫	興富發建設股份有限公司	舜磐創新有限公司			南港區-南港段三小段-72-1地號等7筆	false	516
160	2025-01-09	114/1/9	南港區	南港區	變更臺北市南港區南港段二小段378地號等27筆土地都市更新權利變換計畫案	變更臺北市南港區南港段二小段378地號等27筆土地都市更新權利變換計畫案	臺北市南港區南港段二小段378、379、380、381、382、382-1、383、384、384-3、385、385-1、386、387、388、388-5、389、390、390-3、396、396-3、401、408、470、472、473、474、475地號等27筆土地	南港段二小段	378	378|379|380|381|382|382-1|383|384|384-3|385|385-1|386|387|388|388-5|389|390|390-3|396|396-3|401|408|470|472|473|474|475		27				變更	1	權利變換	君峰開發股份有限公司	財團法人都市更新研究發展基金會			南港區-南港段二小段-378地號等27筆	true	160
431	2022-08-11	111/8/11	南港區	南港區	擬訂臺北市南港區南港段二小段378地號等27筆土地都市更新權利變換計畫案	擬訂臺北市南港區南港段二小段378地號等27筆土地都市更新權利變換計畫案	臺北市南港區南港段二小段378、379、380、381、382、382-1、383、384、384-3、385、385-1、386、387、388、388-5、389、390、390-3、396、396-3、401、408、470、472、473、474、475地號等27筆土地	南港段二小段	378	378|379|380|381|382|382-1|383|384|384-3|385|385-1|386|387|388|388-5|389|390|390-3|396|396-3|401|408|470|472|473|474|475		27				擬訂	0	權利變換	世豐國際建築開發股份有限公司	財團法人都市更新研究發展基金會			南港區-南港段二小段-378地號等27筆	false	160
727	2019-12-19	108/12/19	南港區	南港區	擬訂臺北市南港區南港段二小段378地號等27筆土地都市更新事業計畫案	擬訂臺北市南港區南港段二小段378地號等27筆土地都市更新事業計畫案	臺北市南港區南港段二小段378、379、380、381、382、382-1、383、384、384-3、385、385-1、386、387、388、388-5、389、390、390-3、396、396-3、401、408、470、472、473、474、475地號等27筆土地	南港段二小段	378	378|379|380|381|382|382-1|383|384|384-3|385|385-1|386|387|388|388-5|389|390|390-3|396|396-3|401|408|470|472|473|474|475		27				擬訂	0	事業計畫	世豐國際建築開發股份有限公司	財團法人都市更新研究發展基金會			南港區-南港段二小段-378地號等27筆	false	160
461	2022-04-21	111/4/21	南港區	南港區	變更臺北市南港區南港段二小段528地號等16筆土地都市更新事業計畫及擬訂權利變換計畫案	變更臺北市南港區南港段二小段528地號等16筆土地都市更新事業計畫及擬訂權利變換計畫案	臺北市南港區南港段二小段528、529、530、531、531-2、532-3、533-1、534-1、535、536、553、555、555-1、556、557-4、672-9地號等16筆土地	南港段二小段	528	528|529|530|531|531-2|532-3|533-1|534-1|535|536|553|555|555-1|556|557-4|672-9		16				變更	1	事業計畫、權利變換	築源建設股份有限公司	中華建築經理股份有限公司			南港區-南港段二小段-528地號等16筆	true	461
1156	2013-11-26	102/11/26	南港區	南港區	擬訂臺北市南港區南港段二小段528地號等16筆土地都市更新事業計畫案	擬訂臺北市南港區南港段二小段528地號等16筆土地都市更新事業計畫案	臺北市南港區南港段二小段528、529、530、531、531-2、532-3、533-1、534-1、535、536、553、555、555-1、556、557-4、672-9地號等16筆土地	南港段二小段	528	528|529|530|531|531-2|532-3|533-1|534-1|535|536|553|555|555-1|556|557-4|672-9		16				擬訂	0	事業計畫	築源建設股份有限公司	緯城土地規劃工程顧問有限公司			南港區-南港段二小段-528地號等16筆	false	461
487	2022-01-21	111/1/21	南港區	南港區	擬訂臺北市南港區南港段二小段652-1地號等19筆(原14筆)土地都市更新事業計畫及權利變換計畫案	擬訂臺北市南港區南港段二小段652-1地號等19筆(原14筆)土地都市更新事業計畫及權利變換計畫案	臺北市南港區南港段二小段652-1、653、654、659、659-1、659-2、659-3、659-4、660、662-1、662-2、663-1、664、665、667-1、668、669、670、670-1地號等19筆土地	南港段二小段	652-1	652-1|653|654|659|659-1|659-2|659-3|659-4|660|662-1|662-2|663-1|664|665|667-1|668|669|670|670-1		19	14			擬訂	0	事業計畫、權利變換	聯勤建設實業股份有限公司	財團法人都市更新研究發展基金會			南港區-南港段二小段-652-1地號等19筆	true	487
410	2022-10-05	111/10/5	南港區	南港區	擬訂臺北市南港區南港段二小段671-6地號等521筆土地更新事業計畫及權利變換計畫案	擬訂臺北市南港區南港段二小段671-6地號等521筆土地更新事業計畫及權利變換計畫案	臺北市南港區南港段二小段671-6、671-9、672-19、672-20、672-43、919、919-1、920、920-1、920-6、920-7、920-8、920-9、921、921-1、921-2、921-3、921-5、921-6、921-7、921-8、922、922-1、923、923-1、923-2、923-3、924、925、925-1、925-2、926、926-1、926-2、927、927-1、927-2、928、930、931、931-1、931-2、931-7、931-8、931-9、932、932-1、932-4、933、934、934-3、935-1地號等52筆土地	南港段二小段	671-6	671-6|671-9|672-19|672-20|672-43|919|919-1|920|920-1|920-6|920-7|920-8|920-9|921|921-1|921-2|921-3|921-5|921-6|921-7|921-8|922|922-1|923|923-1|923-2|923-3|924|925|925-1|925-2|926|926-1|926-2|927|927-1|927-2|928|930|931|931-1|931-2|931-7|931-8|931-9|932|932-1|932-4|933|934|934-3|935-1		521				擬訂	0	事業計畫、權利變換	臺北市住宅及都市更新中心	邑相更新規劃股份有限公司			南港區-南港段二小段-671-6地號等521筆	true	410
215	2024-05-29	113/5/29	南港區	南港區	擬訂臺北市南港區南港段四小段399-1地號等5筆土地都市更新事業計畫及權利變換計畫案	擬訂臺北市南港區南港段四小段399-1地號等5筆土地都市更新事業計畫及權利變換計畫案	臺北市南港區南港段四小段399-1、430、431、433、435地號等5筆土地	南港段四小段	399-1	399-1|430|431|433|435		5				擬訂	0	事業計畫、權利變換	璞真建設股份有限公司	冠霖不動產顧問股份有限公司			南港區-南港段四小段-399-1地號等5筆	true	215
297	2023-08-30	112/8/30	南港區	南港區	擬訂臺北市南港區南港段四小段415-1地號等5筆土地都市更新事業計畫案	擬訂臺北市南港區南港段四小段415-1地號等5筆土地都市更新事業計畫案	臺北市南港區南港段四小段415-1、437、437-2、437-3、437-4地號等5筆土地	南港段四小段	415-1	415-1|437|437-2|437-3|437-4		5				擬訂	0	事業計畫	京岡建設股份有限公司	李欣都市更新股份有限公司			南港區-南港段四小段-415-1地號等5筆	true	297
340	2023-04-20	112/4/20	南港區	南港區	變更(第二次)臺北市南港區南港段四小段566地號1筆(原6筆)土地都市更新事業計畫案	變更(第二次)臺北市南港區南港段四小段566地號1筆(原6筆)土地都市更新事業計畫案	臺北市南港區南港段四小段566地號1筆土地	南港段四小段	566	566		1	6			變更(第二次)	2	事業計畫	南榮開發建築股份有限公司	安邦工程顧問股份有限公司			南港區-南港段四小段-566地號等1筆	true	340
738	2019-11-20	108/11/20	南港區	南港區	變更臺北市南港區南港段四小段566地號等6筆土地都市更新事業計畫案	變更臺北市南港區南港段四小段566地號等6筆土地都市更新事業計畫案	臺北市南港區南港段四小段566、567、568、569、570、571地號等6筆土地	南港段四小段	566	566|567|568|569|570|571		6				變更	1	事業計畫	南榮開發建築股份有限公司	安邦工程顧問股份有限公司			南港區-南港段四小段-566地號等6筆	true	738
1059	2016-02-25	105/2/25	南港區	南港區	擬訂臺北市南港區南港段四小段566地號(原391地號)等6筆土地都市更新事業計畫案	擬訂臺北市南港區南港段四小段566地號(原391地號)等6筆土地都市更新事業計畫案	臺北市南港區南港段四小段566、567、568、569、570、571地號(原391地號)等6筆土地	南港段四小段	566	566|567|568|569|570|571	571:391	6				擬訂	0	事業計畫	南榮開發建築股份有限公司	紫陽工程顧問有限公司、台灣都市更新股份有限公司			南港區-南港段四小段-566地號等6筆	false	738
1230	2012-03-05	101/3/5	南港區	南港區	變更(第三次)臺北市南港區新光段二小段101地號等5筆土地(原修德國宅)都市更新權利變換計畫案	變更(第三次)臺北市南港區新光段二小段101地號等5筆土地(原修德國宅)都市更新權利變換計畫案	臺北市南港區新光段二小段101、101-2、101-3、101-4、101-9地號等5筆土地臺北市中正區永昌段六小段158、158-3、158-7、158-8、158-9、158-	新光段二小段	101	101|101-2|101-3|101-4|101-9		5		原修德國宅		變更(第三次)	3	權利變換	中國開發資產管理股份有限公司	力冠丰都市規劃有限公司			南港區-新光段二小段-101地號等5筆	true	1230
1237	2011-12-01	100/12/1	南港區	南港區	變更(第二次)臺北市南港區新光段二小段101地號等5筆土地(原修德國宅)都市更新事業計畫及權利變換計畫案	變更(第二次)臺北市南港區新光段二小段101地號等5筆土地(原修德國宅)都市更新事業計畫及權利變換計畫案	臺北市南港區新光段二小段101、101-2、101-3、101-4、101-9地號等5筆土地	新光段二小段	101	101|101-2|101-3|101-4|101-9		5		原修德國宅		變更(第二次)	2	事業計畫、權利變換	中國開發資產管理股份有限公司	力冠丰都市規劃有限公司			南港區-新光段二小段-101地號等5筆	false	1230
1279	2010-05-28	99/5/28	南港區	南港區	變更臺北市南港區新光段二小段101地號等5筆土地(原修德國宅)都市更新事業計畫及權利變換計畫案	變更臺北市南港區新光段二小段101地號等5筆土地(原修德國宅)都市更新事業計畫及權利變換計畫案	臺北市南港區新光段二小段101、101-2、101-3、101-4、101-9地號等5筆土地	新光段二小段	101	101|101-2|101-3|101-4|101-9		5		原修德國宅		變更	1	事業計畫、權利變換	中國開發資產管理股份有限公司	力冠丰都市規劃有限公司			南港區-新光段二小段-101地號等5筆	false	1230
1313	2009-06-04	98/6/4	南港區	南港區	擬訂臺北市南港區新光段二小段101地號等5筆土地(原修德國宅)都市更新事業計畫及權利變換計畫案	擬訂臺北市南港區新光段二小段101地號等5筆土地(原修德國宅)都市更新事業計畫及權利變換計畫案	臺北市南港區新光段二小段101、101-2、101-3、101-4、101-9地號等5筆土地	新光段二小段	101	101|101-2|101-3|101-4|101-9		5		原修德國宅		擬訂	0	事業計畫、權利變換	中國開發資產管理股份有限公司	力冠丰都市規劃有限公司			南港區-新光段二小段-101地號等5筆	false	1230
211	2024-06-05	113/6/5	南港區	南港區	擬訂臺北市南港區新光段二小段134地號等13筆(原10筆)土地都市更新權利變換計畫案	擬訂臺北市南港區新光段二小段134地號等13筆(原10筆)土地都市更新權利變換計畫案	臺北市南港區新光段二小段134、136、136-6、136-7、136-8、137-5、137-6、137-7、137-8、141、142、142-4、146-2地號等13筆土地	新光段二小段	134	134|136|136-6|136-7|136-8|137-5|137-6|137-7|137-8|141|142|142-4|146-2		13	10			擬訂	0	權利變換	海華建設股份有限公司	奇模工程有限公司			南港區-新光段二小段-134地號等13筆	true	211
460	2022-04-25	111/4/25	南港區	南港區	擬訂臺北市南港區新光段二小段134地號等13筆(原10筆)土地都市更新事業計畫案	擬訂臺北市南港區新光段二小段134地號等13筆(原10筆)土地都市更新事業計畫案	臺北市南港區新光段二小段134、136、136-6、136-7、136-8、137-5、137-6、137-7、137-8、141、142、142-4、146-2地號等13筆土地	新光段二小段	134	134|136|136-6|136-7|136-8|137-5|137-6|137-7|137-8|141|142|142-4|146-2		13	10			擬訂	0	事業計畫	海華建設股份有限公司	奇模工程有限公司			南港區-新光段二小段-134地號等13筆	false	211
1250	2011-06-20	100/6/20	南港區	南港區	變更(第五次)臺北市南港區新光段二小段89地號等22筆土地都市更新權利變換計畫案	變更(第五次)臺北市南港區新光段二小段89地號等22筆土地都市更新權利變換計畫案	臺北市南港區新光段二小段84-3、88-1、89、89-1、89-2、90、91、91-1、92、92-1、92-2、93、93-1、94-4、103-3、103-5、103-6、103-8、103-10、103-11、104-2、104-4地號等22筆土地	新光段二小段	89	84-3|88-1|89|89-1|89-2|90|91|91-1|92|92-1|92-2|93|93-1|94-4|103-3|103-5|103-6|103-8|103-10|103-11|104-2|104-4		22				變更(第五次)	5	權利變換	太平洋建設股份有限公司	財團法人都市更新研究發展基金會			南港區-新光段二小段-89地號等22筆	true	1250
1262	2011-02-01	100/2/1	南港區	南港區	變更(第四次)臺北市南港區新光段二小段89地號等22筆土地都市更新權利變換計畫釐正權利變換分配結果案	變更(第四次)臺北市南港區新光段二小段89地號等22筆土地都市更新權利變換計畫釐正權利變換分配結果案	臺北市南港區新光段二小段84-3、88-1、89、89-1、89-2、90、91、91-1、92、92-1、92-2、93、93-1、94-4、103-3、103-5、103-6、103-8、103-10、103-11、104-2、104-4地號等22筆土地	新光段二小段	89	84-3|88-1|89|89-1|89-2|90|91|91-1|92|92-1|92-2|93|93-1|94-4|103-3|103-5|103-6|103-8|103-10|103-11|104-2|104-4		22				變更(第四次)	4	權利變換	太平洋建設股份有限公司	財團法人都市更新研究發展基金會			南港區-新光段二小段-89地號等22筆	false	1250
1269	2010-09-13	99/9/13	南港區	南港區	變更(第三次)臺北市南港區新光段二小段89地號等22筆土地都市更新事業計畫及權利變換計畫案	變更(第三次)臺北市南港區新光段二小段89地號等22筆土地都市更新事業計畫及權利變換計畫案	臺北市南港區新光段二小段84-3、88-1、89、89-1、89-2、90、91、91-1、92、92-1、92-2、93、93-1、94-4、103-3、103-5、103-6、103-8、103-10、103-11、104-2、104-4地號等22筆土地	新光段二小段	89	84-3|88-1|89|89-1|89-2|90|91|91-1|92|92-1|92-2|93|93-1|94-4|103-3|103-5|103-6|103-8|103-10|103-11|104-2|104-4		22				變更(第三次)	3	事業計畫、權利變換	太平洋建設股份有限公司	財團法人都市更新研究發展基金會			南港區-新光段二小段-89地號等22筆	false	1250
1304	2009-08-11	98/8/11	南港區	南港區	變更(第二次)臺北市南港區新光段二小段89地號等22筆土地都市更新權利變換計畫案	變更(第二次)臺北市南港區新光段二小段89地號等22筆土地都市更新權利變換計畫案	臺北市南港區新光段二小段84-3、88-1、89、89-1、89-2、90、91、91-1、92、92-1、92-2、93、93-1、94-4、103-3、103-5、103-6、103-8、103-10、103-11、104-2、104-4地號等22筆土地	新光段二小段	89	84-3|88-1|89|89-1|89-2|90|91|91-1|92|92-1|92-2|93|93-1|94-4|103-3|103-5|103-6|103-8|103-10|103-11|104-2|104-4		22				變更(第二次)	2	權利變換	太平洋建設股份有限公司	財團法人都市更新研究發展基金會			南港區-新光段二小段-89地號等22筆	false	1250
1334	2008-10-06	97/10/6	南港區	南港區	變更臺北市南港區新光段二小段89地號等22筆土地都市更新事業計畫及權利變換計畫案	變更臺北市南港區新光段二小段89地號等22筆土地都市更新事業計畫及權利變換計畫案	臺北市南港區新光段二小段84-3、88-1、89、89-1、89-2、90、91、91-1、92、92-1、92-2、93、93-1、94-4、103-3、103-5、103-6、103-8、103-10、103-11、104-2、104-4地號等22筆土地	新光段二小段	89	84-3|88-1|89|89-1|89-2|90|91|91-1|92|92-1|92-2|93|93-1|94-4|103-3|103-5|103-6|103-8|103-10|103-11|104-2|104-4		22				變更	1	事業計畫、權利變換	太平洋建設股份有限公司	財團法人都市更新研究發展基金會			南港區-新光段二小段-89地號等22筆	false	1250
1375	2007-05-18	96/5/18	南港區	南港區	擬訂臺北市南港區新光段二小段89地號等22筆土地都市更新事業計畫及權利變換計畫案	擬訂臺北市南港區新光段二小段89地號等22筆土地都市更新事業計畫及權利變換計畫案	臺北市南港區新光段二小段84-3、88-1、89、89-1、89-2、90、91、91-1、92、92-1、92-2、93、93-1、94-4、103-3、103-5、103-6、103-8、103-10、103-11、104-2、104-4地號等22筆土地	新光段二小段	89	84-3|88-1|89|89-1|89-2|90|91|91-1|92|92-1|92-2|93|93-1|94-4|103-3|103-5|103-6|103-8|103-10|103-11|104-2|104-4		22				擬訂	0	事業計畫、權利變換	太平洋建設股份有限公司	財團法人都市更新研究發展基金會			南港區-新光段二小段-89地號等22筆	false	1250
76	2025-10-28	114/10/28	南港區	南港區	變更臺北市南港區玉成段一小段169地號等8筆(原20筆)土地都市更新事業計畫案	變更臺北市南港區玉成段一小段169地號等8筆(原20筆)土地都市更新事業計畫案	臺北市南港區玉成段一小段169、238、239、251、270、271、272、273地號等8筆土地	玉成段一小段	169	169|238|239|251|270|271|272|273		8	20			變更	1	事業計畫	國賓大建設股份有限公司	育辰工程顧問股份有限公司			南港區-玉成段一小段-169地號等8筆	true	76
344	2023-04-07	112/4/7	南港區	南港區	擬訂臺北市南港區玉成段一小段169地號等8筆(原20筆)土地都市更新事業計畫案	擬訂臺北市南港區玉成段一小段169地號等8筆(原20筆)土地都市更新事業計畫案	臺北市南港區玉成段一小段169、238、239、251、270、271、272、273地號等8筆土地	玉成段一小段	169	169|238|239|251|270|271|272|273		8	20			擬訂	0	事業計畫	國賓大建設股份有限公司	育辰工程顧問股份有限公司			南港區-玉成段一小段-169地號等8筆	false	76
625	2020-09-17	109/9/17	南港區	南港區	擬訂臺北市南港區玉成段三小段137-7地號等49筆土地更新事業計畫案	擬訂臺北市南港區玉成段三小段137-7地號等49筆土地更新事業計畫案	臺北市南港區玉成段三小段137-7、138-1、138-2、139、140、141、142、142-4、142-5、142-6、142-7、142-8、142-9、142-10、142-11、142-13、144、147、179、180、181、190、191、192、193、194、194-1、194-2、195、195-1、195-2、196、196-1、196-2、197、197-1、197-2、198、198-1、198-2、199、199-1、200、200-1、201、201-1、201-2、202、202-1地號等49筆土地	玉成段三小段	137-7	137-7|138-1|138-2|139|140|141|142|142-4|142-5|142-6|142-7|142-8|142-9|142-10|142-11|142-13|144|147|179|180|181|190|191|192|193|194|194-1|194-2|195|195-1|195-2|196|196-1|196-2|197|197-1|197-2|198|198-1|198-2|199|199-1|200|200-1|201|201-1|201-2|202|202-1		49				擬訂	0	事業計畫	巧洋實業股份有限公司	巧洋實業股份有限公司			南港區-玉成段三小段-137-7地號等49筆	true	625
495	2021-12-30	110/12/30	南港區	南港區	擬訂臺北市南港區玉成段三小段351-2地號等7筆土地都市更新事業計畫案	擬訂臺北市南港區玉成段三小段351-2地號等7筆土地都市更新事業計畫案	臺北市南港區玉成段三小段351-2、351-9、404-1、531、532、533、534地號等7筆土地	玉成段三小段	351-2	351-2|351-9|404-1|531|532|533|534		7				擬訂	0	事業計畫	雄惠開發股份有限公司	邑相更新規劃股份有限公司			南港區-玉成段三小段-351-2地號等7筆	true	495
322	2023-06-08	112/6/8	南港區	南港區	擬訂臺北市南港區玉成段三小段363地號等18筆(原17筆)土地都市更新事業計畫案	擬訂臺北市南港區玉成段三小段363地號等18筆(原17筆)土地都市更新事業計畫案	臺北市南港區玉成段三小段363、377、377-4、382、383、384、385、386、387、388、389、398、399、400、401、402、403、403-2地號等18筆土地	玉成段三小段	363	363|377|377-4|382|383|384|385|386|387|388|389|398|399|400|401|402|403|403-2		18	17			擬訂	0	事業計畫	瓏山林企業股份有限公司	力冠丰都市規劃有限公司			南港區-玉成段三小段-363地號等18筆	true	322
317	2023-06-21	112/6/21	南港區	南港區	變更(第二次)臺北市南港區玉成段三小段545地號等4筆(原8筆土地及南港段四小段474-1地號等12筆）土地都市更新事業計畫案	變更(第二次)臺北市南港區玉成段三小段545地號等4筆(原8筆土地及南港段四小段474-1地號等12筆）土地都市更新事業計畫案	臺北市南港區玉成段三小段545、545-6、545-7、564-7地號等4筆土地	玉成段三小段	545	545|545-6|545-7|564-7		4	8			變更(第二次)	2	事業計畫	臺北市政府	臺北市政府			南港區-玉成段三小段-545地號等4筆	true	317
630	2020-09-14	109/9/14	南港區	南港區	變更臺北市南港區玉成段三小段545地號等4筆(原8筆土地及南港段四小段474-1地號等12筆）土地都市更新事業計畫案	變更臺北市南港區玉成段三小段545地號等4筆(原8筆土地及南港段四小段474-1地號等12筆）土地都市更新事業計畫案	臺北市南港區玉成段三小段545、545-6、545-7、564-7地號等4筆土地	玉成段三小段	545	545|545-6|545-7|564-7		4	8			變更	1	事業計畫	臺北市政府	臺北市政府			南港區-玉成段三小段-545地號等4筆	false	317
724	2019-12-31	108/12/31	南港區	南港區	擬訂臺北市南港區玉成段三小段545地號等8筆土地及南港段四小段474-1地號等12筆（原11筆）土地都市更新事業計畫案	擬訂臺北市南港區玉成段三小段545地號等8筆土地及南港段四小段474-1地號等12筆（原11筆）土地都市更新事業計畫案	臺北市南港區玉成段三小段545、545-3、546-1、547-1、560、562、563、564，南港區南港段四小段474-1、474-4、474-7、475-4、475-1、477、478、479(部分)、479-8、545(部分)、546-1、547地號共20筆土地	玉成段三小段	545	545|545-3|546-1|547-1|560|562|563|474-4|474-7|475-4|475-1|477|478|479|479-8		8				擬訂	0	事業計畫	臺北市政府				南港區-玉成段三小段-545地號等8筆	true	724
202	2024-07-11	113/7/11	南港區	南港區	擬訂臺北市南港區玉成段三小段560地號等5筆土地都市更新事業計畫及權利變換計畫案	擬訂臺北市南港區玉成段三小段560地號等5筆土地都市更新事業計畫及權利變換計畫案	臺北市南港區玉成段三小段560、562、563、563-6、563-7地號等5筆土地	玉成段三小段	560	560|562|563|563-6|563-7		5				擬訂	0	事業計畫、權利變換	冠德建設股份有限公司	弘傑不動產事業股份有限公司			南港區-玉成段三小段-560地號等5筆	true	202
132	2025-03-13	114/3/13	南港區	南港區	變更(第四次)臺北市南港區玉成段三小段711-3地號等27筆(原24筆)土地都市新權利變換計畫案	變更(第四次)臺北市南港區玉成段三小段711-3地號等27筆(原24筆)土地都市新權利變換計畫案	臺北市南港區玉成段三小段711-3、711-10、717、717-1、717-4、717-5、718、718-2、718-3、718-4、725-2、725-4、725-5、725-6、725-7、772、773、774、775、776、776-1、777、778、779、780、781、782地號等27筆土地	玉成段三小段	711-3	711-3|711-10|717|717-1|717-4|717-5|718|718-2|718-3|718-4|725-2|725-4|725-5|725-6|725-7|772|773|774|775|776|776-1|777|778|779|780|781|782		27	24			變更(第四次)	4	權利變換	虹欣建設股份有限公司	財團法人都市更新研究發展基金會			南港區-玉成段三小段-711-3地號等27筆	true	132
195	2024-08-08	113/8/8	南港區	南港區	變更(第二次)臺北市南港區玉成段三小段711-3地號等27筆(原24筆)土地都市新權利變換計畫案	變更(第二次)臺北市南港區玉成段三小段711-3地號等27筆(原24筆)土地都市新權利變換計畫案	臺北市南港區玉成段三小段711-3、711-10、717、717-1、717-4、717-5、718、718-2、718-3、718-4、725-2、725-4、725-5、725-6、725-7、772、773、774、775、776、776-1、777、778、779、780、781、782地號等27筆土地	玉成段三小段	711-3	711-3|711-10|717|717-1|717-4|717-5|718|718-2|718-3|718-4|725-2|725-4|725-5|725-6|725-7|772|773|774|775|776|776-1|777|778|779|780|781|782		27	24			變更(第二次)	2	權利變換	虹欣建設股份有限公司	財團法人都市更新研究發展基金會			南港區-玉成段三小段-711-3地號等27筆	false	132
219	2024-05-14	113/5/14	南港區	南港區	變更(第二次)臺北市南港區玉成段三小段711-3地號等24筆土地都市新權利變換計畫案	變更(第二次)臺北市南港區玉成段三小段711-3地號等24筆土地都市新權利變換計畫案	臺北市南港區玉成段三小段711-3、711-10、717、717-1、717-4、717-5、718、718-2、718-3、718-4、725-2、725-4、725-5、725-6、725-7、772、773、774、775、776、776-1、777、778、779、780、781、782地號等27筆土地	玉成段三小段	711-3	711-3|711-10|717|717-1|717-4|717-5|718|718-2|718-3|718-4|725-2|725-4|725-5|725-6|725-7|772|773|774|775|776|776-1|777|778|779|780|781|782		24				變更(第二次)	2	權利變換	虹欣建設股份有限公司	財團法人都市更新研究發展基金會			南港區-玉成段三小段-711-3地號等27筆	false	132
658	2020-07-15	109/7/15	南港區	南港區	變更臺北市南港區玉成段三小段711-3地號等24筆土地都市新事業計畫及權利變換計畫案	變更臺北市南港區玉成段三小段711-3地號等24筆土地都市新事業計畫及權利變換計畫案	臺北市南港區玉成段三小段711-3、711-10、717、717-1、717-4、717-5、718、718-2、718-3、718-4、725-2、725-4、725-5、725-6、725-7、772、773、774、775、776、776-1、777、778、779、780、781、782地號等27筆土地臺北市北投區振興段一小段2-6、2-12、2-17、2-18、297、297-2、297-4、297-5、297-6、297-7、297-8、297-9、297-10、297-11、297-12、	玉成段三小段	711-3	711-3|711-10|717|717-1|717-4|717-5|718|718-2|718-3|718-4|725-2|725-4|725-5|725-6|725-7|772|773|774|775|776|776-1|777|778|779|780|781|782		24				變更	1	事業計畫、權利變換	虹欣建設股份有限公司	財團法人都市更新研究發展基金會			南港區-玉成段三小段-711-3地號等27筆	false	132
1020	2016-11-01	105/11/1	南港區	南港區	擬訂臺北市南港區玉成段三小段711-3地號等24筆土地都市新事業計畫及權利變換計畫案	擬訂臺北市南港區玉成段三小段711-3地號等24筆土地都市新事業計畫及權利變換計畫案	臺北市南港區玉成段三小段711-3、717、717-1、717-4、718、718-2、718-3、725-2、725-4、725-5、725-6、725-7、772、773、774、775、776、776-1、777、778、779、780、781、782地號等24筆土地	玉成段三小段	711-3	711-3|717|717-1|717-4|718|718-2|718-3|725-2|725-4|725-5|725-6|725-7|772|773|774|775|776|776-1|777|778|779|780|781|782		24				擬訂	0	事業計畫、權利變換	虹欣建設股份有限公司	財團法人都市更新研究發展基金會			南港區-玉成段三小段-711-3地號等27筆	false	132
54	2026-02-03	115/2/3	南港區	南港區	變更(第二次)臺北市南港區玉成段二小段166地號等12筆土地都市更新事業計畫及變更權利變換計畫案	變更(第二次)臺北市南港區玉成段二小段166地號等12筆土地都市更新事業計畫及變更權利變換計畫案	臺北市南港區玉成段二小段166、166-1、167、167-5、167-6、167-7、167-8、167-9、167-10、167-11、167-12、167-13地號等12筆土地	玉成段二小段	166	166|166-1|167|167-5|167-6|167-7|167-8|167-9|167-10|167-11|167-12|167-13		12				變更(第二次)	2	事業計畫、權利變換	國產建材實業股份有限公司	利晉工程股份有限公司			南港區-玉成段二小段-166地號等12筆	true	54
548	2021-08-03	110/8/3	南港區	南港區	變更臺北市南港區玉成段二小段166地號等12筆土地都市更新事業計畫及擬訂權利變換計畫案	變更臺北市南港區玉成段二小段166地號等12筆土地都市更新事業計畫及擬訂權利變換計畫案	臺北市南港區玉成段二小段166、166-1、167、167-5、167-6、167-7、167-8、167-9、167-10、167-11、167-12、167-13地號等12筆土地	玉成段二小段	166	166|166-1|167|167-5|167-6|167-7|167-8|167-9|167-10|167-11|167-12|167-13		12				變更	1	事業計畫、權利變換	國產建材實業股份有限公司	安邦工程顧問股份有限公司			南港區-玉成段二小段-166地號等12筆	false	54
776	2019-07-24	108/7/24	南港區	南港區	擬訂臺北市南港區玉成段二小段166地號等12筆土地都市更新事業計畫案	擬訂臺北市南港區玉成段二小段166地號等12筆土地都市更新事業計畫案	臺北市南港區玉成段二小段166、166-1、167、167-5、167-6、167-7、167-8、167-9、167-10、167-11、167-12、167-13地號等12筆土地	玉成段二小段	166	166|166-1|167|167-5|167-6|167-7|167-8|167-9|167-10|167-11|167-12|167-13		12				擬訂	0	事業計畫	國產建材實業股份有限公司	安邦工程顧問股份有限公司			南港區-玉成段二小段-166地號等12筆	false	54
492	2022-01-04	111/1/4	南港區	南港區	擬訂臺北市南港區玉成段二小段253-1地號等16筆土地都市更新事業計畫及權利變換計畫案	擬訂臺北市南港區玉成段二小段253-1地號等16筆土地都市更新事業計畫及權利變換計畫案	臺北市南港區玉成段二小段253-1、254-2、277-3、280、281-1、283-3、283-4、283-5、285、286、287-1、291、292、292-1、293-8、294地號等16筆土地	玉成段二小段	253-1	253-1|254-2|277-3|280|281-1|283-3|283-4|283-5|285|286|287-1|291|292|292-1|293-8|294		16				擬訂	0	事業計畫、權利變換	南港國際二股份有限公司	財團法人都市更新研究發展基金會			南港區-玉成段二小段-253-1地號等16筆	true	492
493	2022-01-04	111/1/4	南港區	南港區	擬訂臺北市南港區玉成段二小段253地號等9筆土地都市更新事業計畫及權利變換計畫案	擬訂臺北市南港區玉成段二小段253地號等9筆土地都市更新事業計畫及權利變換計畫案	臺北市南港區玉成段二小段253、254-1、254-5、255-1、256-1、269-1、276-2、277、278地號等9筆土地	玉成段二小段	253	253|254-1|254-5|255-1|256-1|269-1|276-2|277|278		9				擬訂	0	事業計畫、權利變換	南港國際一股份有限公司	財團法人都市更新研究發展基金會			南港區-玉成段二小段-253地號等9筆	true	493
70	2025-11-12	114/11/12	南港區	南港區	擬訂臺北市南港區玉成段二小段360地號等5筆土地都市更新事業計畫及權利變換計畫案	擬訂臺北市南港區玉成段二小段360地號等5筆土地都市更新事業計畫及權利變換計畫案	臺北市南港區玉成段二小段360、361、362、367、368地號等5筆土地	玉成段二小段	360	360|361|362|367|368		5				擬訂	0	事業計畫、權利變換	忠泰建設股份有限公司	弘傑城市開發股份有限公司			南港區-玉成段二小段-360地號等5筆	true	70
277	2023-11-14	112/11/14	南港區	南港區	變更(第三次)臺北市南港區玉成段二小段40地號等3筆土地都市更新權利變換計畫案	變更(第三次)臺北市南港區玉成段二小段40地號等3筆土地都市更新權利變換計畫案	臺北市南港區玉成段二小段40、40-1、41-1地號等3筆土地	玉成段二小段	40	40|40-1|41-1		3				變更(第三次)	3	權利變換	國泰建設股份有限公司	安邦工程顧問股份有限公司			南港區-玉成段二小段-40地號等3筆	true	277
333	2023-05-09	112/5/9	南港區	南港區	變更(第二次)臺北市南港區玉成段二小段40地號等3筆土地都市更新權利變換計畫案	變更(第二次)臺北市南港區玉成段二小段40地號等3筆土地都市更新權利變換計畫案	臺北市南港區玉成段二小段40、40-1、41-1地號等3筆土地	玉成段二小段	40	40|40-1|41-1		3				變更(第二次)	2	權利變換	國泰建設股份有限公司	安邦工程顧問股份有限公司			南港區-玉成段二小段-40地號等3筆	false	277
583	2021-03-03	110/3/3	南港區	南港區	變更臺北市南港區玉成段二小段40地號等3筆土地都市更新事業計畫及權利變換計畫案	變更臺北市南港區玉成段二小段40地號等3筆土地都市更新事業計畫及權利變換計畫案	臺北市南港區玉成段二小段40、40-1、41-1地號等3筆土地	玉成段二小段	40	40|40-1|41-1		3				變更	1	事業計畫、權利變換	國泰建設股份有限公司	安邦工程顧問股份有限公司			南港區-玉成段二小段-40地號等3筆	false	277
808	2019-04-02	108/4/2	南港區	南港區	擬訂臺北市南港區玉成段二小段40地號等3筆土地都市更新事業計畫及權利變換計畫案	擬訂臺北市南港區玉成段二小段40地號等3筆土地都市更新事業計畫及權利變換計畫案	臺北市南港區玉成段二小段40、40-1、41-1地號等3筆土地	玉成段二小段	40	40|40-1|41-1		3				擬訂	0	事業計畫、權利變換	國泰建設股份有限公司	安邦工程顧問股份有限公司			南港區-玉成段二小段-40地號等3筆	false	277
362	2023-02-09	112/2/9	南港區	南港區	擬訂臺北市南港區玉成段二小段728地號1筆土地都市更新事業計畫案	擬訂臺北市南港區玉成段二小段728地號1筆土地都市更新事業計畫案	臺北市南港區玉成段二小段7281筆土地	玉成段二小段	728			1				擬訂	0	事業計畫	華固建設股份有限公司	弘傑開發事業股份有限公司		地號無法解析(缺少地號清單)	南港區-玉成段二小段-728地號等1筆	true	362
552	2021-07-27	110/7/27	南港區	南港區	變更臺北市南港區玉成段二小段729地號1筆土地都市更新事業計畫案	變更臺北市南港區玉成段二小段729地號1筆土地都市更新事業計畫案	臺北市南港區玉成段二小段729地號1筆土地	玉成段二小段	729	729		1				變更	1	事業計畫	潤泰創新開發股份有限公司	邑相更新規畫股份有限公司			南港區-玉成段二小段-729地號等1筆	true	552
648	2020-08-06	109/8/6	南港區	南港區	擬訂臺北市南港區玉成段二小段729地號1筆土地都市更新事業計畫案	擬訂臺北市南港區玉成段二小段729地號1筆土地都市更新事業計畫案	臺北市南港區玉成段二小段729地號1筆土地	玉成段二小段	729	729		1				擬訂	0	事業計畫	潤泰創新開發股份有限公司	邑相更新規畫股份有限公司			南港區-玉成段二小段-729地號等1筆	false	552
120	2025-04-16	114/4/16	南港區	南港區	擬訂臺北市南港區玉成段二小段732地號1筆土地都市更新事業計畫及權利變換計畫案	擬訂臺北市南港區玉成段二小段732地號1筆土地都市更新事業計畫及權利變換計畫案	臺北市南港區玉成段二小段732地號1筆土地	玉成段二小段	732	732		1				擬訂	0	事業計畫、權利變換	慧榮科技股份有限公司	台北再開發規劃股份有限公司			南港區-玉成段二小段-732地號等1筆	true	120
205	2024-07-04	113/7/4	南港區	南港區	擬訂臺北市南港區玉成段二小段733地號1筆土地都市更新事業計畫及權利變換計畫案	擬訂臺北市南港區玉成段二小段733地號1筆土地都市更新事業計畫及權利變換計畫案	臺北市南港區玉成段一小段7331筆土地	玉成段二小段	733			1				擬訂	0	事業計畫、權利變換	忠泰建設股份有限公司	冠霖不動產顧問股份有限公司		地號無法解析(缺少地號清單)|案名與地號段小段不一致(地號為玉成段一小段)	南港區-玉成段二小段-733地號等1筆	true	205
1084	2015-09-15	104/9/15	南港區	南港區	變更臺北市南港區玉成段五小段180-1地號等21筆土地都市更新事業計畫及權利變換計畫案	變更臺北市南港區玉成段五小段180-1地號等21筆土地都市更新事業計畫及權利變換計畫案	臺北市南港區玉成段五小段180-1、181、182、183、184、185、186、186-2、187、188、188-1、189、190、191、192、193、194、195、196、197、200-3地號等21筆土地	玉成段五小段	180-1	180-1|181|182|183|184|185|186|186-2|187|188|188-1|189|190|191|192|193|194|195|196|197|200-3		21				變更	1	事業計畫、權利變換	立樺建設股份有限公司	振皓工程顧問股份有限公司			南港區-玉成段五小段-180-1地號等21筆	true	1084
1257	2011-03-21	100/3/21	南港區	南港區	擬訂臺北市南港區玉成段五小段180-1地號等21筆土地都市更新事業計畫及權利變換計畫案	擬訂臺北市南港區玉成段五小段180-1地號等21筆土地都市更新事業計畫及權利變換計畫案	臺北市南港區玉成段五小段180-1、181、182、183、184、185、186、186-2、187、188、188-1、189、190、191、192、193、194、195、196、197、200-3地號等21筆土地	玉成段五小段	180-1	180-1|181|182|183|184|185|186|186-2|187|188|188-1|189|190|191|192|193|194|195|196|197|200-3		21				擬訂	0	事業計畫、權利變換	立樺建設股份有限公司	振皓工程顧問股份有限公司			南港區-玉成段五小段-180-1地號等21筆	false	1084
466	2022-04-13	111/4/13	南港區	南港區	變更(第二次)臺北市南港區玉成段五小段1地號等13筆土地都市更新權利變換計畫案	變更(第二次)臺北市南港區玉成段五小段1地號等13筆土地都市更新權利變換計畫案	臺北市南港區玉成段五小段1、1-3、1-4、1-5、1-6、1-7、2、2-3、2-4、21-2、22、22-1、23地號等13筆土地	玉成段五小段	1	1|1-3|1-4|1-5|1-6|1-7|2|2-3|2-4|21-2|22|22-1|23		13				變更(第二次)	2	權利變換	皇鼎建設開發股份有限公司	台北再開發規劃股份有限公司			南港區-玉成段五小段-1地號等13筆	true	466
649	2020-08-06	109/8/6	南港區	南港區	變更臺北市南港區玉成段五小段1地號等13筆土地都市更新權利變換計畫案	變更臺北市南港區玉成段五小段1地號等13筆土地都市更新權利變換計畫案	臺北市南港區玉成段五小段1、1-3、1-4、1-5、1-6、1-7、2、2-3、2-4、21-2、22、22-1、23地號等13筆土地	玉成段五小段	1	1|1-3|1-4|1-5|1-6|1-7|2|2-3|2-4|21-2|22|22-1|23		13				變更	1	權利變換	皇鼎建設開發股份有限公司	台北再開發規劃股份有限公司			南港區-玉成段五小段-1地號等13筆	false	466
869	2018-09-13	107/9/13	南港區	南港區	擬訂臺北市南港區玉成段五小段1地號等13筆土地都市更新事業計畫及權利變換計畫案	擬訂臺北市南港區玉成段五小段1地號等13筆土地都市更新事業計畫及權利變換計畫案	臺北市南港區玉成段五小段1、1-3、1-4、1-5、1-6、1-7、2、2-3、2-4、21-2、22、22-1、23地號等13筆土地	玉成段五小段	1	1|1-3|1-4|1-5|1-6|1-7|2|2-3|2-4|21-2|22|22-1|23		13				擬訂	0	事業計畫、權利變換	皇鼎建設開發股份有限公司	台北再開發規劃股份有限公司			南港區-玉成段五小段-1地號等13筆	false	466
622	2020-09-29	109/9/29	南港區	南港區	變更臺北市南港區玉成段四小段158地號等6筆土地都市更新權利變換計畫案	變更臺北市南港區玉成段四小段158地號等6筆土地都市更新權利變換計畫案	臺北市南港區玉成段四小段158、159、160、161、162、163地號等6筆土地	玉成段四小段	158	158|159|160|161|162|163		6				變更	1	權利變換	昶賀建設股份有限公司	冠霖不動產顧問股份有限公司			南港區-玉成段四小段-158地號等6筆	true	622
919	2018-02-01	107/2/1	南港區	南港區	擬訂臺北市南港區玉成段四小段158地號等6筆土地都市更新事業計畫及權利變換計畫案	擬訂臺北市南港區玉成段四小段158地號等6筆土地都市更新事業計畫及權利變換計畫案	22、261-23、261-24、261-25、261-26、261-27、261-28、261-29、261-30、262、263、264、265、265-1、266、267、299、300、300-1地臺北市南港區玉成段四小段158、159、160、161、162、163地號等6筆土地	玉成段四小段	158	158|159|160|161|162|163		6				擬訂	0	事業計畫、權利變換	昶賀建設股份有限公司	冠霖不動產顧問股份有限公司			南港區-玉成段四小段-158地號等6筆	false	622
167	2024-12-30	113/12/30	南港區	南港區	變更臺北市南港區玉成段四小段303地號等6筆土地都市更新事業計畫及權利變換計畫案	變更臺北市南港區玉成段四小段303地號等6筆土地都市更新事業計畫及權利變換計畫案	1、115-2、115-3、115-4、116-1、116-2、116-6、116-7地號等117筆土地臺北市南港區玉成段四小段303、304、304-1、305、308、309地號6筆土地	玉成段四小段	303	303|304|304-1|305|308|309		6				變更	1	事業計畫、權利變換	國家住宅及都市更新中心	台北再開發規劃股份有限公司			南港區-玉成段四小段-303地號等6筆	true	167
348	2023-03-30	112/3/30	南港區	南港區	擬訂臺北市南港區玉成段四小段303地號等6筆土地都市更新事業計畫及權利變換計畫案	擬訂臺北市南港區玉成段四小段303地號等6筆土地都市更新事業計畫及權利變換計畫案	臺北市南港區玉成段四小段303、304、304-1、305、308、309地號等6筆土地	玉成段四小段	303	303|304|304-1|305|308|309		6				擬訂	0	事業計畫、權利變換	國家住宅及都市更新中心	中國開發資產管理股份有限公司			南港區-玉成段四小段-303地號等6筆	false	167
579	2021-03-11	110/3/11	士林區	士林區	變更(第二次)臺北市士林區三玉段一小段672地號等3筆土地都市更新權利變換計畫案	變更(第二次)臺北市士林區三玉段一小段672地號等3筆土地都市更新權利變換計畫案	臺北市士林區三玉段一小段672、673、674地號等3筆土地	三玉段一小段	672	672|673|674		3				變更(第二次)	2	權利變換	耕薪都市更新股份有限公司	耕磊都市規劃股份有限公司			士林區-三玉段一小段-672地號等3筆	true	579
932	2017-12-05	106/12/5	士林區	士林區	變更臺北市士林區三玉段一小段672地號等3筆土地都市更新權利變換計畫案	變更臺北市士林區三玉段一小段672地號等3筆土地都市更新權利變換計畫案	臺北市士林區三玉段一小段672、673、674地號等3筆土地	三玉段一小段	672	672|673|674		3				變更	1	權利變換	耕薪都市更新股份有限公司	耕磊都市規劃股份有限公司			士林區-三玉段一小段-672地號等3筆	false	579
982	2017-06-06	106/6/6	士林區	士林區	擬訂臺北市士林區三玉段一小段672地號等3筆土地都市更新事業計畫及權利變換計畫案	擬訂臺北市士林區三玉段一小段672地號等3筆土地都市更新事業計畫及權利變換計畫案	臺北市士林區三玉段一小段672、673、674地號等3筆土地	三玉段一小段	672	672|673|674		3				擬訂	0	事業計畫、權利變換	耕薪都市更新股份有限公司	耕磊都市規劃股份有限公司			士林區-三玉段一小段-672地號等3筆	false	579
581	2021-03-04	110/3/4	士林區	士林區	變更臺北市士林區三玉段三小段140-7地號等4筆土地都市更新事業計畫及權利變換計畫案	變更臺北市士林區三玉段三小段140-7地號等4筆土地都市更新事業計畫及權利變換計畫案	臺北市士林區三玉段三小段140-7、141-4、148-6、163地號等4筆土地	三玉段三小段	140-7	140-7|141-4|148-6|163		4				變更	1	事業計畫、權利變換	士林開發股份有限公司	東亞建築經理股份有限公司			士林區-三玉段三小段-140-7地號等4筆	true	581
793	2019-05-16	108/5/16	士林區	士林區	擬訂臺北市士林區三玉段三小段140-7地號等4筆土地都市更新事業計畫及權利變換計畫案	擬訂臺北市士林區三玉段三小段140-7地號等4筆土地都市更新事業計畫及權利變換計畫案	地號等45筆土地臺北市士林區三玉段三小段140-7、141-4、148-6、163地號等4筆土地	三玉段三小段	140-7	140-7|141-4|148-6|163		4				擬訂	0	事業計畫、權利變換	東亞建築經理股份有限公司	東亞建築經理股份有限公司			士林區-三玉段三小段-140-7地號等4筆	false	581
1185	2013-06-10	102/6/10	士林區	士林區	擬訂臺北市士林區三玉段三小段2地號等12筆土地都市更新事業計畫案	擬訂臺北市士林區三玉段三小段2地號等12筆土地都市更新事業計畫案	臺北市士林區三玉段三小段2、3、5、8、8-1、8-2、9、10、13、13-1、43-1、43-2地號等12筆土地	三玉段三小段	2	2|3|5|8|8-1|8-2|9|10|13|13-1|43-1|43-2		12				擬訂	0	事業計畫	華固建設股份有限公司	財團法人都市更新研究發展基金會			士林區-三玉段三小段-2地號等12筆	true	1185
36	2026-04-23	115/4/23	士林區	士林區	變更(第二次)臺北市士林區三玉段三小段300地號1筆土地都市更新事業計畫及權利變換計畫案	變更(第二次)臺北市士林區三玉段三小段300地號1筆土地都市更新事業計畫及權利變換計畫案	臺北市士林區三玉段三小段300地號1筆土地	三玉段三小段	300	300		1				變更(第二次)	2	事業計畫、權利變換	昇陽建設企業股份有限公司	程煦實業有限公司			士林區-三玉段三小段-300地號等1筆	true	36
677	2020-05-21	109/5/21	士林區	士林區	變更臺北市士林區三玉段三小段300地號1筆土地都市更新事業計畫及權利變換計畫案	變更臺北市士林區三玉段三小段300地號1筆土地都市更新事業計畫及權利變換計畫案	臺北市士林區三玉段三小段300地號1筆土地	三玉段三小段	300	300		1				變更	1	事業計畫、權利變換	璞鈺建設股份有限公司	程煦實業有限公司			士林區-三玉段三小段-300地號等1筆	false	36
693	2020-03-24	109/3/24	士林區	士林區	擬訂臺北市士林區三玉段三小段300地號1筆土地都市更新事業計畫及權利變換計畫案	擬訂臺北市士林區三玉段三小段300地號1筆土地都市更新事業計畫及權利變換計畫案	166、167、168、169、170、171、172地號等113筆土地臺北市士林區三玉段三小段300地號1筆土地	三玉段三小段	300	300		1				擬訂	0	事業計畫、權利變換	品陽建設股份有限公司	程煦實業有限公司			士林區-三玉段三小段-300地號等1筆	false	36
779	2019-07-16	108/7/16	士林區	士林區	變更臺北市士林區三玉段三小段328地號1筆土地都市更新事業計畫案	變更臺北市士林區三玉段三小段328地號1筆土地都市更新事業計畫案	臺北市士林區三玉段三小段328地號等1筆土地	三玉段三小段	328	328		1				變更	1	事業計畫	螽慶股份有限公司劉文岱建築師事務	所			士林區-三玉段三小段-328地號等1筆	true	779
1104	2015-04-23	104/4/23	士林區	士林區	擬訂臺北市士林區三玉段三小段328地號1筆土地都市更新事業計畫及權利變換計畫案	擬訂臺北市士林區三玉段三小段328地號1筆土地都市更新事業計畫及權利變換計畫案	臺北市士林區三玉段三小段328地號等1筆土地	三玉段三小段	328	328		1				擬訂	0	事業計畫、權利變換	螽慶股份有限公司中華建築經理股份	有限公司			士林區-三玉段三小段-328地號等1筆	false	779
16	2026-07-01	115/7/1	士林區	士林區	擬訂臺北市士林區三玉段二小段482地號等2筆(原1筆)土地都市更新事業計畫及權利變換計畫案	擬訂臺北市士林區三玉段二小段482地號等2筆(原1筆)土地都市更新事業計畫及權利變換計畫案	臺北市士林區三玉段二小段482、482-1地號等2筆土地	三玉段二小段	482	482|482-1		2	1			擬訂	0	事業計畫、權利變換	璞億建設股份有限公司	邑相更新規劃股份有限公司			士林區-三玉段二小段-482地號等2筆	true	16
367	2023-01-09	112/1/9	士林區	士林區	變更(第二次)臺北市士林區三玉段五小段445地號等20筆土地都市更新權利變換計畫案	變更(第二次)臺北市士林區三玉段五小段445地號等20筆土地都市更新權利變換計畫案	臺北市士林區三玉段五小段445、611、612、619-2、644、644-1、648、650、651、652、653、654、655、656、657、658、659、660、661、683-1地號等20筆土地	三玉段五小段	445	445|611|612|619-2|644|644-1|648|650|651|652|653|654|655|656|657|658|659|660|661|683-1		20				變更(第二次)	2	權利變換	頂禾開發股份有限公司	冠霖不動產顧問股份有限公司			士林區-三玉段五小段-445地號等20筆	true	367
397	2022-11-15	111/11/15	士林區	士林區	變更臺北市士林區三玉段五小段445地號等20筆土地都市更新事業計畫及權利變換計畫案	變更臺北市士林區三玉段五小段445地號等20筆土地都市更新事業計畫及權利變換計畫案	臺北市士林區三玉段五小段445、611、612、619-2、644、644-1、648、650、651、652、653、654、655、656、657、658、659、660、661、683-1地號等20筆土地	三玉段五小段	445	445|611|612|619-2|644|644-1|648|650|651|652|653|654|655|656|657|658|659|660|661|683-1		20				變更	1	事業計畫、權利變換	頂禾開發股份有限公司	冠霖不動產顧問股份有限公司			士林區-三玉段五小段-445地號等20筆	false	367
928	2017-12-14	106/12/14	士林區	士林區	擬訂臺北市士林區三玉段五小段445地號等20筆土地都市更新事業計畫及權利變換計畫案	擬訂臺北市士林區三玉段五小段445地號等20筆土地都市更新事業計畫及權利變換計畫案	臺北市士林區三玉段五小段445、611、612、619-2、644、644-1、648、650、651、652、653、654、655、656、657、658、659、660、661、683-1地號等20筆土地	三玉段五小段	445	445|611|612|619-2|644|644-1|648|650|651|652|653|654|655|656|657|658|659|660|661|683-1		20				擬訂	0	事業計畫、權利變換	頂禾開發股份有限公司	冠霖不動產顧問股份有限公司			士林區-三玉段五小段-445地號等20筆	false	367
168	2024-12-25	113/12/25	士林區	士林區	擬訂臺北市士林區三玉段四小段194地號等6筆土地都市更新事業計畫案	擬訂臺北市士林區三玉段四小段194地號等6筆土地都市更新事業計畫案	臺北市士林區三玉段四小段194、195、198、199、200、201地號6筆土地	三玉段四小段	194	194|195|198|199|200|201		6				擬訂	0	事業計畫	都市策略開發股份有限公司	弘傑開發事業股份有限公司			士林區-三玉段四小段-194地號等6筆	true	168
958	2017-09-07	106/9/7	士林區	士林區	變更(第二次)臺北市士林區三玉段四小段271地號等9筆土地都市更新事業計畫案	變更(第二次)臺北市士林區三玉段四小段271地號等9筆土地都市更新事業計畫案	臺北市士林區三玉段四小段271、272、273、276、276-2、277、278、279、2809筆土地	三玉段四小段	271	271|272|273|276|276-2|277|278|279		9				變更(第二次)	2	事業計畫	璞全建設股份有限公司	里美都市開發股份有限公司			士林區-三玉段四小段-271地號等9筆	true	958
1060	2016-02-18	105/2/18	士林區	士林區	變更臺北市士林區三玉段四小段271地號等9筆土地都市更新事業計畫案	變更臺北市士林區三玉段四小段271地號等9筆土地都市更新事業計畫案	臺北市士林區三玉段四小段271、272、273、276、277、278、279、280、276-2地號等9筆土地	三玉段四小段	271	271|272|273|276|277|278|279|280|276-2		9				變更	1	事業計畫	璞全建設股份有限公司	信實都市開發股份有限公司			士林區-三玉段四小段-271地號等9筆	false	958
1120	2014-11-18	103/11/18	士林區	士林區	擬訂臺北市士林區三玉段四小段271地號等9筆土地都市更新事業計畫案	擬訂臺北市士林區三玉段四小段271地號等9筆土地都市更新事業計畫案	臺北市士林區三玉段四小段271、272、273、276、277、278、279、280、276-2地號等9筆土地	三玉段四小段	271	271|272|273|276|277|278|279|280|276-2		9				擬訂	0	事業計畫	璞全建設股份有限公司	信實都市開發股份有限公司			士林區-三玉段四小段-271地號等9筆	false	958
150	2025-02-07	114/2/7	士林區	士林區	擬訂臺北市士林區三玉段四小段449地號等16筆土地都市更新事業計畫及權利變換計畫案	擬訂臺北市士林區三玉段四小段449地號等16筆土地都市更新事業計畫及權利變換計畫案	臺北市士林區三玉段四小段449、450、451、453、454、455、456、459、490、490-1、491、491-2(部分土地)、492、492-1、492-2、497地號等16筆土地	三玉段四小段	449	449|450|451|453|454|455|456|459|490|490-1|491|491-2|492|492-1|492-2|497		16				擬訂	0	事業計畫、權利變換	文心建設股份有限公司	冠霖都市更新事業股份有限公司			士林區-三玉段四小段-449地號等16筆	true	150
1246	2011-07-25	100/7/25	士林區	士林區	變更臺北市士林區光華段一小段15-3地號等6筆土地都市更新事業計畫及權利變換計畫案	變更臺北市士林區光華段一小段15-3地號等6筆土地都市更新事業計畫及權利變換計畫案	臺北市士林區光華段一小段15-3、15-4、15-5、15-11、15-12、15-13地號等6筆土地	光華段一小段	15-3	15-3|15-4|15-5|15-11|15-12|15-13		6				變更	1	事業計畫、權利變換	長虹建設股份有限公司	財團法人都市更新研究發展基金會			士林區-光華段一小段-15-3地號等6筆	true	1246
1374	2007-06-21	96/6/21	士林區	士林區	擬訂臺北市士林區光華段一小段15-3地號等6筆土地都市更新事業計畫及權利變換計畫案	擬訂臺北市士林區光華段一小段15-3地號等6筆土地都市更新事業計畫及權利變換計畫案	681-9、681-10、681-11、701、702、703、703-2704、705、706、706-1臺北市士林區光華段一小段15-3、15-4、15-5、15-11、15-12、15-13地號等6筆土地	光華段一小段	15-3	15-3|15-4|15-5|15-11|15-12|15-13		6				擬訂	0	事業計畫、權利變換	長虹建設股份有限公司	財團法人都市更新研究發展基金會			士林區-光華段一小段-15-3地號等6筆	false	1246
42	2026-03-18	115/3/18	士林區	士林區	變更臺北市士林區光華段三小段4地號等2筆土地都市更新事業計畫及權利變換計畫案	變更臺北市士林區光華段三小段4地號等2筆土地都市更新事業計畫及權利變換計畫案	臺北市士林區光華段三小段4、47地號等2筆土地	光華段三小段	4	4|47		2				變更	1	事業計畫、權利變換	士林環境淨化股份有限公司	弘傑不動產事業股份有限公司			士林區-光華段三小段-4地號等2筆	true	42
747	2019-10-30	108/10/30	士林區	士林區	擬訂臺北市士林區光華段三小段4地號等2筆土地都市更新事業計畫及權利變換計畫案	擬訂臺北市士林區光華段三小段4地號等2筆土地都市更新事業計畫及權利變換計畫案	臺北市士林區光華段三小段4、47地號等2筆土地	光華段三小段	4	4|47		2				擬訂	0	事業計畫、權利變換	士林環境淨化股份有限公司	弘傑不動產事業股份有限公司			士林區-光華段三小段-4地號等2筆	false	42
14	2026-07-07	115/7/7	士林區	士林區	擬訂臺北市士林區光華段二小段761地號等2筆土地都市更新事業計畫案	擬訂臺北市士林區光華段二小段761地號等2筆土地都市更新事業計畫案	臺北市士林區光華段二小段761、761-1地號等2筆土地	光華段二小段	761	761|761-1		2				擬訂	0	事業計畫	吉美建設事業股份有限公司	冠霖都市更新事業股份有限公司			士林區-光華段二小段-761地號等2筆	true	14
892	2018-05-24	107/5/24	士林區	士林區	擬訂臺北市士林區光華段四小段282地號等2筆土地都市更新事業計畫案	擬訂臺北市士林區光華段四小段282地號等2筆土地都市更新事業計畫案	臺北市士林區光華段四小段282、347-6地號等2筆土地	光華段四小段	282	282|347-6		2				擬訂	0	事業計畫	陽明戲院實業股份有限公司	黃秀莊建築師事務所			士林區-光華段四小段-282地號等2筆	true	892
79	2025-10-21	114/10/21	士林區	士林區	變更(第三次)臺北市士林區光華段四小段508-6地號等29筆土地都市更新權利變換計畫案	變更(第三次)臺北市士林區光華段四小段508-6地號等29筆土地都市更新權利變換計畫案	臺北市士林區光華段四小段508-6、514-5、514-7、514-9、518、519、520、521、522、523、524、524-2、524-3、524-4、524-5、532、532-2、532-3、532-4、532-5、532-7、533、533-2、533-3、533-4、533-10、561-5、561-8、561-9地號等29筆土地	光華段四小段	508-6	508-6|514-5|514-7|514-9|518|519|520|521|522|523|524|524-2|524-3|524-4|524-5|532|532-2|532-3|532-4|532-5|532-7|533|533-2|533-3|533-4|533-10|561-5|561-8|561-9		29				變更(第三次)	3	權利變換	東馬建設股份有限公司	中華建築經理股份有限公司			士林區-光華段四小段-508-6地號等29筆	true	79
112	2025-05-13	114/5/13	士林區	士林區	變更(第三次)臺北市士林區光華段四小段508-6地號等29筆土地都市更新事業計畫及變更(第二次)權利變換計畫案	變更(第三次)臺北市士林區光華段四小段508-6地號等29筆土地都市更新事業計畫及變更(第二次)權利變換計畫案	臺北市士林區光華段四小段508-6、514-5、514-7、514-9、518、519、520、521、522、523、524、524-2、524-3、524-4、524-5、532、532-2、532-3、532-4、532-5、532-7、533、533-2、533-3、533-4、533-10、561-5、561-8、561-9地號等29筆土地	光華段四小段	508-6	508-6|514-5|514-7|514-9|518|519|520|521|522|523|524|524-2|524-3|524-4|524-5|532|532-2|532-3|532-4|532-5|532-7|533|533-2|533-3|533-4|533-10|561-5|561-8|561-9		29				變更(第三次)	3	事業計畫、權利變換	東馬建設股份有限公司	中華建築經理股份有限公司			士林區-光華段四小段-508-6地號等29筆	false	79
381	2022-12-20	111/12/20	士林區	士林區	變更(第二次)臺北市士林區光華段四小段508-6地號等29筆土地都市更新事業計畫及變更權利變換計畫案	變更(第二次)臺北市士林區光華段四小段508-6地號等29筆土地都市更新事業計畫及變更權利變換計畫案	臺北市士林區光華段四小段508-6、514-5、514-7、514-9、518、519、520、521、522、523、524、524-2、524-3、524-4、524-5、532、532-2、532-3、532-4、532-5、532-7、533、533-2、533-3、533-4、533-10、561-5、561-8、561-9地號等29筆土地	光華段四小段	508-6	508-6|514-5|514-7|514-9|518|519|520|521|522|523|524|524-2|524-3|524-4|524-5|532|532-2|532-3|532-4|532-5|532-7|533|533-2|533-3|533-4|533-10|561-5|561-8|561-9		29				變更(第二次)	2	事業計畫、權利變換	東馬建設股份有限公司	中華建築經理股份有限公司			士林區-光華段四小段-508-6地號等29筆	false	79
827	2019-01-31	108/1/31	士林區	士林區	變更臺北市士林區光華段四小段508-6地號等29筆土地都市更新事業計畫及擬訂權利變換計畫案	變更臺北市士林區光華段四小段508-6地號等29筆土地都市更新事業計畫及擬訂權利變換計畫案	臺北市士林區光華段四小段508-6、514-5、514-7、514-9、518、519、520、521、522、523、524、524-2、524-3、524-4、524-5、532、532-2、532-3、532-4、532-5、532-7、533、533-2、533-3、533-4、533-10、561-5、561-8、561-9地號等29筆土地	光華段四小段	508-6	508-6|514-5|514-7|514-9|518|519|520|521|522|523|524|524-2|524-3|524-4|524-5|532|532-2|532-3|532-4|532-5|532-7|533|533-2|533-3|533-4|533-10|561-5|561-8|561-9		29				變更	1	事業計畫、權利變換	東馬建設股份有限公司	緯城土地規劃工程股份有限公司			士林區-光華段四小段-508-6地號等29筆	false	79
1064	2015-12-29	104/12/29	士林區	士林區	擬訂臺北市士林區光華段四小段508-6地號等29筆土地都市更新事業計畫案	擬訂臺北市士林區光華段四小段508-6地號等29筆土地都市更新事業計畫案	臺北市士林區光華段四小段508-6、514-5、514-7、514-9、518、519、520、521、522、523、524、524-2、524-3、524-4、524-5、532、532-2、532-3、532-4、532-5、532-7、533、533-2、533-3、533-4、533-10、561-5、561-8、561-9地號等29筆土地	光華段四小段	508-6	508-6|514-5|514-7|514-9|518|519|520|521|522|523|524|524-2|524-3|524-4|524-5|532|532-2|532-3|532-4|532-5|532-7|533|533-2|533-3|533-4|533-10|561-5|561-8|561-9		29				擬訂	0	事業計畫	東馬建設股份有限公司	緯城土地規劃工程顧問有限公司			士林區-光華段四小段-508-6地號等29筆	false	79
218	2024-05-22	113/5/22	士林區	士林區	變更臺北市士林區天山段二小段114地號等2筆土地更新權利變換計畫案	變更臺北市士林區天山段二小段114地號等2筆土地更新權利變換計畫案	臺北市士林區天山段二小段114、139-2地號等2筆土地	天山段二小段	114	114|139-2		2				變更	1	權利變換	桓鉅建設股份有限公司	邑相更新規劃股份有限公司			士林區-天山段二小段-114地號等2筆	true	218
710	2020-01-21	109/1/21	士林區	士林區	擬訂臺北市士林區天山段二小段114地號等2筆土地更新事業計畫及權利變換計畫案	擬訂臺北市士林區天山段二小段114地號等2筆土地更新事業計畫及權利變換計畫案	臺北市士林區天山段二小段114、139-2地號等2筆土地	天山段二小段	114	114|139-2		2				擬訂	0	事業計畫、權利變換	桓鉅建設股份有限公司	邑相更新規劃股份有限公司			士林區-天山段二小段-114地號等2筆	false	218
87	2025-09-16	114/9/16	士林區	士林區	變更臺北市士林區天山段二小段121地號等5筆土地都市更新權利變換計畫案	變更臺北市士林區天山段二小段121地號等5筆土地都市更新權利變換計畫案	臺北市士林區天山段二小段121、122、137、138、139地號等5筆土地	天山段二小段	121	121|122|137|138|139		5				變更	1	權利變換	臺北市士林區天山段二小段121地號等5筆土地都市更新會	中華建築經理股份有限公司			士林區-天山段二小段-121地號等5筆	true	87
743	2019-11-07	108/11/7	士林區	士林區	擬訂臺北市士林區天山段二小段121地號等5筆土地都市更新事業計畫及權利變換計畫案	擬訂臺北市士林區天山段二小段121地號等5筆土地都市更新事業計畫及權利變換計畫案	臺北市士林區天山段二小段121、122、137、138、139地號等5筆土地	天山段二小段	121	121|122|137|138|139		5				擬訂	0	事業計畫、權利變換	臺北市士林區天山段二小段121地號等5筆土地都市更新會	中華建築經理股份有限公司			士林區-天山段二小段-121地號等5筆	false	87
341	2023-04-18	112/4/18	士林區	士林區	擬訂臺北市士林區天山段二小段264地號等15筆土地事業概要案	擬訂臺北市士林區天山段二小段264地號等15筆土地事業概要案	臺北市士林區天山段二小段264、265、266、267、268、269、270、271、272、273、274、275、276、277、280(部分)地號等15筆土地	天山段二小段	264	264|265|266|267|268|269|270|271|272|273|274|275|276|277|280		15				擬訂	0	事業概要	李何娟	弘傑城市開發股份有限公司			士林區-天山段二小段-264地號等15筆	true	341
442	2022-06-28	111/6/28	士林區	士林區	擬訂臺北市士林區天母段三小段105-3地號等3筆土地都市更新事業計畫及權利變換計畫案	擬訂臺北市士林區天母段三小段105-3地號等3筆土地都市更新事業計畫及權利變換計畫案	臺北市士林區天母段三小段105-3、106-3、108地號等3筆土地	天母段三小段	105-3	105-3|106-3|108		3				擬訂	0	事業計畫、權利變換	大將開發股份有限公司	中華建築經理股份有限公司			士林區-天母段三小段-105-3地號等3筆	true	442
278	2023-11-14	112/11/14	士林區	士林區	擬訂臺北市士林區天母段三小段129地號1筆土地都市更新事業計畫及權利變換計畫案	擬訂臺北市士林區天母段三小段129地號1筆土地都市更新事業計畫及權利變換計畫案	臺北市士林區天母段三小段129地號1筆土地	天母段三小段	129	129		1				擬訂	0	事業計畫、權利變換	臺北市士林區天母段三小段129地號1筆土地更新單元都市更新會	冠霖都市更新事業股份有限公司			士林區-天母段三小段-129地號等1筆	true	278
637	2020-09-03	109/9/3	士林區	士林區	變更(第二次)臺北市士林區天母段三小段34地號等2筆土地都市更新權利變換計畫案	變更(第二次)臺北市士林區天母段三小段34地號等2筆土地都市更新權利變換計畫案	臺北市士林區天母段三小段34、38地號等2筆土地	天母段三小段	34	34|38		2				變更(第二次)	2	權利變換	聯上開發股份有限公司	弘傑開發事業股份有限公司			士林區-天母段三小段-34地號等2筆	true	637
665	2020-06-15	109/6/15	士林區	士林區	變更臺北市士林區天母段三小段34地號等2筆土地都市更新事業計畫及權利變換計畫案	變更臺北市士林區天母段三小段34地號等2筆土地都市更新事業計畫及權利變換計畫案	臺北市士林區天母段三小段34、38地號等2筆土地	天母段三小段	34	34|38		2				變更	1	事業計畫、權利變換	聯上開發股份有限公司	弘傑開發事業股份有限公司			士林區-天母段三小段-34地號等2筆	false	637
1069	2015-12-15	104/12/15	士林區	士林區	擬訂臺北市士林區天母段三小段34地號等2筆土地都市更新事業計畫及權利變換計畫案	擬訂臺北市士林區天母段三小段34地號等2筆土地都市更新事業計畫及權利變換計畫案	臺北市士林區天母段三小段34、38地號等2筆土地	天母段三小段	34	34|38		2				擬訂	0	事業計畫、權利變換	聯上開發事業股份有限公司	弘傑開發事業股份有限公司			士林區-天母段三小段-34地號等2筆	false	637
240	2024-03-12	113/3/12	士林區	士林區	擬訂臺北市士林區天母段三小段96地號1筆土地都市更新事業計畫及權利變換計畫案	擬訂臺北市士林區天母段三小段96地號1筆土地都市更新事業計畫及權利變換計畫案	臺北市士林區天母段三小段96地號1筆土地	天母段三小段	96	96		1				擬訂	0	事業計畫、權利變換	璞元建設股份有限公司	邑相更新規劃股份有限公司			士林區-天母段三小段-96地號等1筆	true	240
867	2018-09-18	107/9/18	士林區	士林區	擬訂臺北市士林區天母段三小段96地號1筆土地都市更新事業計畫及權利變換計畫案	擬訂臺北市士林區天母段三小段96地號1筆土地都市更新事業計畫及權利變換計畫案	臺北市士林區天母段三小段96地號1筆土地	天母段三小段	96	96		1				擬訂	0	事業計畫、權利變換	璞元建設股份有限公司	邑相更新規劃股份有限公司			士林區-天母段三小段-96地號等1筆	false	240
128	2025-03-25	114/3/25	士林區	士林區	擬訂臺北市士林區天母段四小段433地號等2筆土地都市更新事業計畫及權利變換計畫案	擬訂臺北市士林區天母段四小段433地號等2筆土地都市更新事業計畫及權利變換計畫案	臺北市士林區天母段四小段433、434地號等2筆土地	天母段四小段	433	433|434		2				擬訂	0	事業計畫、權利變換	三豐建設股份有限公司	黃秀莊建築師事務所			士林區-天母段四小段-433地號等2筆	true	128
148	2025-02-18	114/2/18	士林區	士林區	擬訂臺北市士林區永新段三小段293地號等32筆土地都市更新事業計畫案	擬訂臺北市士林區永新段三小段293地號等32筆土地都市更新事業計畫案	臺北市士林區永春段三小段293、295、297、299、301、303、305、306、307、308、309、310、311、312、313、314、315、316、317、318、319、320、321、322、323、324、325、326、327、328、329、330地號等32筆土地	永新段三小段	293	293|295|297|299|301|303|305|306|307|308|309|310|311|312|313|314|315|316|317|318|319|320|321|322|323|324|325|326|327|328|329|330		32				擬訂	0	事業計畫	大將開發股份有限公司	中華建築經理股份有限公司		案名與地號段小段不一致(地號為永春段三小段)	士林區-永新段三小段-293地號等32筆	true	148
232	2024-04-23	113/4/23	士林區	士林區	變更臺北市士林區永新段三小段395地號1筆土地都市更新事業計畫案_核定公告	變更臺北市士林區永新段三小段395地號1筆土地都市更新事業計畫案_核定公告	臺北市士林區永新段三小段395地號1筆土地	永新段三小段	395	395		1				變更	1	事業計畫	臺北市政府	臺北市政府			士林區-永新段三小段-395地號等1筆	true	232
284	2023-10-31	112/10/31	士林區	士林區	擬訂臺北市士林區永新段三小段395地號1筆土地都市更新事業計畫案_核定公告	擬訂臺北市士林區永新段三小段395地號1筆土地都市更新事業計畫案_核定公告	臺北市士林區永新段三小段395地號1筆土地	永新段三小段	395	395		1				擬訂	0	事業計畫	臺北市住宅及都市更新中心	臺北市住宅及都市更新中心			士林區-永新段三小段-395地號等1筆	false	232
528	2021-09-30	110/9/30	士林區	士林區	擬訂臺北市士林區永新段二小段55地號等12筆土地都市更新事業計畫及權利變換計畫案	擬訂臺北市士林區永新段二小段55地號等12筆土地都市更新事業計畫及權利變換計畫案	臺北市士林區永新段二小段55、56、60、60-2、71、72、73、76、77、78、79、80地號等12筆土地	永新段二小段	55	55|56|60|60-2|71|72|73|76|77|78|79|80		12				擬訂	0	事業計畫、權利變換	宗盛建設股份有限公司	冠霖不動產顧問股份有限公司			士林區-永新段二小段-55地號等12筆	true	528
85	2025-09-23	114/9/23	士林區	士林區	擬訂臺北市士林區海光段一小段106地號等7筆土地都市更新事業計畫案	擬訂臺北市士林區海光段一小段106地號等7筆土地都市更新事業計畫案	臺北市士林區海光段一小段106、107、108、114、115、116、126等7筆土地	海光段一小段	106	106|107|108|114|115|116		7				擬訂	0	事業計畫	廣年建設股份有限公司	大展資產顧問股份有限公司			士林區-海光段一小段-106地號等7筆	true	85
1236	2011-12-28	100/12/28	士林區	士林區	擬訂臺北市士林區海光段一小段133-1地號等11筆土地都市更新事業計畫及權利變換計畫案	擬訂臺北市士林區海光段一小段133-1地號等11筆土地都市更新事業計畫及權利變換計畫案	臺北市士林區海光段一小段133-1、133-2、134、135、135-1、136、137、138、139、140、155地號等11筆土地	海光段一小段	133-1	133-1|133-2|134|135|135-1|136|137|138|139|140|155		11				擬訂	0	事業計畫、權利變換	昱順建設股份有限公司	正宇都市更新股份有限公司			士林區-海光段一小段-133-1地號等11筆	true	1236
72	2025-11-06	114/11/6	士林區	士林區	變更臺北市士林區海光段一小段248地號等20筆土地都市更新事業計畫及權利變換計畫案	變更臺北市士林區海光段一小段248地號等20筆土地都市更新事業計畫及權利變換計畫案	臺北市士林區海光段一小段248、253、256、257、258、259、259-1、260-1、261、262、263、264、265、266、267、268、269、271、272、274地號等20筆土地	海光段一小段	248	248|253|256|257|258|259|259-1|260-1|261|262|263|264|265|266|267|268|269|271|272|274		20				變更	1	事業計畫、權利變換	臺北市政府	弘傑不動產事業股份有限公司			士林區-海光段一小段-248地號等20筆	true	72
755	2019-10-05	108/10/5	士林區	士林區	擬訂臺北市士林區海光段一小段248地號等20筆土地都市更新事業計畫及權利變換計畫案	擬訂臺北市士林區海光段一小段248地號等20筆土地都市更新事業計畫及權利變換計畫案	臺北市士林區海光段一小段248、253、256、257、258、259、259-1、260-1、261、262、263、264、265、266、267、268、269、271、272、274地號等20筆土地	海光段一小段	248	248|253|256|257|258|259|259-1|260-1|261|262|263|264|265|266|267|268|269|271|272|274		20				擬訂	0	事業計畫、權利變換	臺北市政府	財團法人臺北市都市更新推動中心			士林區-海光段一小段-248地號等20筆	false	72
175	2024-12-04	113/12/4	士林區	士林區	擬訂臺北市士林區百齡段三小段212-1地號等8筆(原7筆)土地都市更新事業計畫案	擬訂臺北市士林區百齡段三小段212-1地號等8筆(原7筆)土地都市更新事業計畫案	臺北市士林區百齡段三小段212-1、212-3、212-4、212-5、212-6、212-7、212-8、212-10地號等8筆土地	百齡段三小段	212-1	212-1|212-3|212-4|212-5|212-6|212-7|212-8|212-10		8	7			擬訂	0	事業計畫	都美建設股份有限公司	翊安都市更新股份有限公司			士林區-百齡段三小段-212-1地號等8筆	true	175
433	2022-08-10	111/8/10	士林區	士林區	擬訂臺北市士林區百齡段三小段383-1地號等5筆(原4筆)土地都市更新事業計畫及權利變換計畫案	擬訂臺北市士林區百齡段三小段383-1地號等5筆(原4筆)土地都市更新事業計畫及權利變換計畫案	臺北市士林區百齡段三小段383-1、384-5、504、504-2、506地號等5筆土地	百齡段三小段	383-1	383-1|384-5|504|504-2|506		5	4			擬訂	0	事業計畫、權利變換	富璟建設股份有限公司	黃秀莊建築師事務所			士林區-百齡段三小段-383-1地號等5筆	true	433
220	2024-05-09	113/5/9	士林區	士林區	變更(第三次)臺北市士林區百齡段二小段354地號等14筆土地都市更新權利變換計畫案	變更(第三次)臺北市士林區百齡段二小段354地號等14筆土地都市更新權利變換計畫案	臺北市士林區百齡段二小段354、355、356、357、357-3、357-4、357-5、357-6、357-7、357-8、374、375、421、422地號等14筆土地	百齡段二小段	354	354|355|356|357|357-3|357-4|357-5|357-6|357-7|357-8|374|375|421|422		14				變更(第三次)	3	權利變換	川騰建設股份有限公司	新意群工程顧問有限公司			士林區-百齡段二小段-354地號等14筆	true	220
255	2024-01-16	113/1/16	士林區	士林區	變更臺北市士林區百齡段二小段354地號等14筆土地都市更新事業計畫及變更(第二次)權利變換計畫案	變更臺北市士林區百齡段二小段354地號等14筆土地都市更新事業計畫及變更(第二次)權利變換計畫案	臺北市士林區百齡段二小段354、355、356、357、357-3、357-4、357-5、357-6、357-7、357-8、374、375、421、422地號等14筆土地	百齡段二小段	354	354|355|356|357|357-3|357-4|357-5|357-6|357-7|357-8|374|375|421|422		14				變更	1	事業計畫、權利變換	川騰建設股份有限公司	新意群工程顧問有限公司			士林區-百齡段二小段-354地號等14筆	false	220
840	2018-12-27	107/12/27	士林區	士林區	變更臺北市士林區百齡段二小段354地號等14筆土地都市權利變換計畫案	變更臺北市士林區百齡段二小段354地號等14筆土地都市權利變換計畫案	臺北市士林區百齡段二小段354、355、356、357、357-3、357-4、357-5、357-6、357-7、357-8、374、375、421、422地號等14筆土地	百齡段二小段	354	354|355|356|357|357-3|357-4|357-5|357-6|357-7|357-8|374|375|421|422		14				變更	1	權利變換	川騰建設股份有限公司	新意群工程規劃股份有限公司			士林區-百齡段二小段-354地號等14筆	false	220
925	2017-12-26	106/12/26	士林區		擬訂臺北市士林區百齡段二小段354地號等14筆土地都市更新事業計畫及權利變換計畫案	擬訂臺北市士林區百齡段二小段354地號等14筆土地都市更新事業計畫及權利變換計畫案	臺北士林區百齡段二小段354、355、356、357、357-3、357-4、357-5、357-6、357-7、357-8、374、375、421、422地號等14筆土地	百齡段二小段	354	354|355|356|357|357-3|357-4|357-5|357-6|357-7|357-8|374|375|421|422		14				擬訂	0	事業計畫、權利變換	川騰建設開發股份有限公司	新意群工程顧問有限公司		案名與地號段小段不一致(地號為臺北士林區百齡段二小段)	士林區-百齡段二小段-354地號等14筆	false	220
831	2019-01-31	108/1/31	士林區	士林區	擬訂臺北市士林區百齡段二小段357-1地號等18筆土地都市更新事業計畫及權利變換計畫案	擬訂臺北市士林區百齡段二小段357-1地號等18筆土地都市更新事業計畫及權利變換計畫案	臺北市士林區百齡段二小段357-1、357-2、357-9、360、366、367、368、369、428、430、432、434、437、440、443、446、449、452等18筆土地	百齡段二小段	357-1	357-1|357-2|357-9|360|366|367|368|369|428|430|432|434|437|440|443|446|449		18				擬訂	0	事業計畫、權利變換	東家建設股份有限公司	東禧不動產創新股份有限公司			士林區-百齡段二小段-357-1地號等18筆	true	831
90	2025-08-19	114/8/19	士林區	士林區	變更(第二次)臺北市士林區百齡段五小段107地號等2筆土地都市更新權利變換計畫案	變更(第二次)臺北市士林區百齡段五小段107地號等2筆土地都市更新權利變換計畫案	臺北市士林區百齡段五小段107、128地號等2筆土地	百齡段五小段	107	107|128		2				變更(第二次)	2	權利變換	良揚投資股份有限公司	築璟都市更新股份有限公司			士林區-百齡段五小段-107地號等2筆	true	90
538	2021-09-01	110/9/1	士林區	士林區	變更臺北市士林區百齡段五小段107地號等2筆土地都市更新事業計畫及權利變換計畫案	變更臺北市士林區百齡段五小段107地號等2筆土地都市更新事業計畫及權利變換計畫案	臺北市士林區百齡段五小段107、128地號等2筆土地	百齡段五小段	107	107|128		2				變更	1	事業計畫、權利變換	良揚投資股份有限公司	築璟都市更新股份有限公司			士林區-百齡段五小段-107地號等2筆	false	90
787	2019-06-19	108/6/19	士林區	士林區	擬訂臺北市士林區百齡段五小段107地號等2筆土地都市更新權利變換計畫案	擬訂臺北市士林區百齡段五小段107地號等2筆土地都市更新權利變換計畫案	臺北市士林區百齡段五小段107、128地號等2筆土地	百齡段五小段	107	107|128		2				擬訂	0	權利變換	良揚投資股份有限公司	築璟都市更新股份有限公司			士林區-百齡段五小段-107地號等2筆	false	90
904	2018-04-19	107/4/19	士林區	士林區	擬訂臺北市士林區百齡段五小段107地號等2筆土地都市更新事業計畫案	擬訂臺北市士林區百齡段五小段107地號等2筆土地都市更新事業計畫案	臺北市士林區百齡段五小段107、128地號等2筆土地	百齡段五小段	107	107|128		2				擬訂	0	事業計畫	良揚投資股份有限公司	築璟都市更新有限公司			士林區-百齡段五小段-107地號等2筆	false	90
25	2026-06-03	115/6/3	士林區	士林區	變更臺北市士林區百齡段五小段116地號等2筆(原1筆)土地都市更新事業計畫及權利變換計畫案	變更臺北市士林區百齡段五小段116地號等2筆(原1筆)土地都市更新事業計畫及權利變換計畫案	臺北市士林區百齡段五小段116、116-1地號等2筆土地	百齡段五小段	116	116|116-1		2	1			變更	1	事業計畫、權利變換	力虹建設股份有限公司	弘傑城市開發股份有限公司			士林區-百齡段五小段-116地號等2筆	true	25
233	2024-04-23	113/4/23	士林區	士林區	擬訂臺北市士林區百齡段五小段116地號等2筆(原1筆)土地都市更新事業計畫及權利變換計畫案	擬訂臺北市士林區百齡段五小段116地號等2筆(原1筆)土地都市更新事業計畫及權利變換計畫案	臺北市士林區百齡段五小段116、116-1地號等2筆土地	百齡段五小段	116	116|116-1		2	1			擬訂	0	事業計畫、權利變換	力虹建設股份有限公司	弘傑城市開發股份有限公司			士林區-百齡段五小段-116地號等2筆	false	25
423	2022-09-06	111/9/6	士林區	士林區	變更(第三次)臺北市士林區百齡段五小段342地號等19筆土地都市更新權利變換計畫案	變更(第三次)臺北市士林區百齡段五小段342地號等19筆土地都市更新權利變換計畫案	臺北市士林區百齡段五小段342、342-1、343、344、345、346、347、348、349、350、351、352、353、354、355、356、357、368、375等19筆土地	百齡段五小段	342	342|342-1|343|344|345|346|347|348|349|350|351|352|353|354|355|356|357|368		19				變更(第三次)	3	權利變換	聖得福建設開發股份有限公司	建福都更股份有限公司			士林區-百齡段五小段-342地號等19筆	true	423
446	2022-06-15	111/6/15	士林區	士林區	變更(第二次)臺北市士林區百齡段五小段342地號等19筆土地都市更新權利變換計畫案	變更(第二次)臺北市士林區百齡段五小段342地號等19筆土地都市更新權利變換計畫案	臺北市士林區百齡段五小段342、342-1、343、344、345、346、347、348、349、350、351、352、353、354、355、356、357、368、375等19筆土地	百齡段五小段	342	342|342-1|343|344|345|346|347|348|349|350|351|352|353|354|355|356|357|368		19				變更(第二次)	2	權利變換	聖得福建設開發股份有限公司	建福都更股份有限公司			士林區-百齡段五小段-342地號等19筆	false	423
497	2021-12-29	110/12/29	士林區	士林區	變更臺北市士林區百齡段五小段342地號等19筆土地都市更新事業及權利變換計畫案	變更臺北市士林區百齡段五小段342地號等19筆土地都市更新事業及權利變換計畫案	臺北市士林區百齡段五小段342、342-1、343、344、345、346、347、348、349、350、351、352、353、354、355、356、357、368、375等19筆土地	百齡段五小段	342	342|342-1|343|344|345|346|347|348|349|350|351|352|353|354|355|356|357|368		19				變更	1	權利變換	聖得福建設開發股份有限公司	建福都更股份有限公司			士林區-百齡段五小段-342地號等19筆	false	423
975	2017-07-13	106/7/13	士林區	士林區	擬訂臺北市士林區百齡段五小段342地號等19筆土地都市更新事業及權利變換計畫案	擬訂臺北市士林區百齡段五小段342地號等19筆土地都市更新事業及權利變換計畫案	臺北市士林區百齡段五小段342、342-1、343、344、345、346、347、348、349、350、351、352、353、354、355、356、357、368、375等19筆土地	百齡段五小段	342	342|342-1|343|344|345|346|347|348|349|350|351|352|353|354|355|356|357|368		19				擬訂	0	權利變換	聖得福建設開發股份有限公司	建福都更股份有限公司			士林區-百齡段五小段-342地號等19筆	false	423
111	2025-05-14	114/5/14	士林區	士林區	變更(第二次)臺北市士林區百齡段五小段395-1地號等31筆土地更新事業計畫案	變更(第二次)臺北市士林區百齡段五小段395-1地號等31筆土地更新事業計畫案	臺北市士林區百齡段五小段395-1、395-2、395-4、395-6、395-7、409、410、411、412、413、414、415、416、416-1、417、418、419、419-1、420、430、430-1、431、431-1、432、432-1、433、433-1、434、434-1、435、436地號等31筆土地	百齡段五小段	395-1	395-1|395-2|395-4|395-6|395-7|409|410|411|412|413|414|415|416|416-1|417|418|419|419-1|420|430|430-1|431|431-1|432|432-1|433|433-1|434|434-1|435|436		31				變更(第二次)	2	事業計畫	愛山林建設開發股份有限公司	財團法人都市更新研究發展基金會			士林區-百齡段五小段-395-1地號等31筆	true	111
602	2020-12-30	109/12/30	士林區	士林區	變更臺北市士林區百齡段五小段395-1地號等31筆土地更新事業計畫案	變更臺北市士林區百齡段五小段395-1地號等31筆土地更新事業計畫案	臺北市士林區百齡段五小段395-1、395-2、395-4、395-6、395-7、409、410、411、412、413、414、415、416、416-1、417、418、419、419-1、420、430、430-1、431、431-1、432、432-1、433、433-1、434、434-1、435、436地號等31筆土地	百齡段五小段	395-1	395-1|395-2|395-4|395-6|395-7|409|410|411|412|413|414|415|416|416-1|417|418|419|419-1|420|430|430-1|431|431-1|432|432-1|433|433-1|434|434-1|435|436		31				變更	1	事業計畫	愛山林建設開發股份有限公司	財團法人都市更新研究發展基金會			士林區-百齡段五小段-395-1地號等31筆	false	111
866	2018-09-20	107/9/20	士林區	士林區	擬訂臺北市士林區百齡段五小段395-1地號等31筆土地更新事業計畫案	擬訂臺北市士林區百齡段五小段395-1地號等31筆土地更新事業計畫案	臺北市士林區百齡段五小段395-1、395-2、395-4、395-6、395-7、409、410、411、412、413、414、415、416、416-1、417、418、419、419-1、420、430、430-1、431、431-1、432、432-1、433、433-1、434、434-1、435、436地號等31筆土地	百齡段五小段	395-1	395-1|395-2|395-4|395-6|395-7|409|410|411|412|413|414|415|416|416-1|417|418|419|419-1|420|430|430-1|431|431-1|432|432-1|433|433-1|434|434-1|435|436		31				擬訂	0	事業計畫	愛山林建設開發股份有限公司	財團法人都市更新研究發展基金會			士林區-百齡段五小段-395-1地號等31筆	false	111
247	2024-02-07	113/2/7	士林區	士林區	擬訂臺北市士林區百齡段五小段543地號1筆土地都市更新事業計畫及權利變換計畫案	擬訂臺北市士林區百齡段五小段543地號1筆土地都市更新事業計畫及權利變換計畫案	臺北市士林區百齡段五小段543地號1筆土地	百齡段五小段	543	543		1				擬訂	0	事業計畫、權利變換	聖得福建設開發股份有限公司	建福都更股份有限公司			士林區-百齡段五小段-543地號等1筆	true	247
379	2022-12-21	111/12/21	士林區	士林區	擬訂臺北市士林區福林段一小段227地號等2筆土地都市更新事業計畫及權利變換計畫案	擬訂臺北市士林區福林段一小段227地號等2筆土地都市更新事業計畫及權利變換計畫案	臺北市士林區福林段一小段227、231地號等2筆土地	福林段一小段	227	227|231		2				擬訂	0	事業計畫、權利變換	昇陽建設企業股份有限公司	邑相更新規劃股份有限公司			士林區-福林段一小段-227地號等2筆	true	379
380	2022-12-21	111/12/21	士林區	士林區	擬訂臺北市士林區福林段一小段355地號等18筆土地都市更新權利變換計畫案	擬訂臺北市士林區福林段一小段355地號等18筆土地都市更新權利變換計畫案	臺北市士林區福林段一小段355、356、357、358、359、360、361、362、363、364、365、366、367、368、373、374、379、380地號等18筆土地	福林段一小段	355	355|356|357|358|359|360|361|362|363|364|365|366|367|368|373|374|379|380		18				擬訂	0	權利變換	臺北市士林區忠勇新村附近更新地區福林段一小段355地號等18筆土地更新單元都市更新會	東亞建築經理股份有限公司			士林區-福林段一小段-355地號等18筆	true	380
668	2020-06-10	109/6/10	士林區	士林區	擬訂臺北市士林區福林段一小段355地號等18筆土地都市更新事業計畫案	擬訂臺北市士林區福林段一小段355地號等18筆土地都市更新事業計畫案	臺北市士林區福林段一小段355、356、357、358、359、360、361、362、363、364、365、366、367、368、373、374、379、380地號等18筆土地	福林段一小段	355	355|356|357|358|359|360|361|362|363|364|365|366|367|368|373|374|379|380		18				擬訂	0	事業計畫	臺北市士林區忠勇新村附近更新地區福林段一小段355地號等18筆土地更新單元都市更新會	東亞建築經理股份有限公司			士林區-福林段一小段-355地號等18筆	false	380
184	2024-10-01	113/10/1	士林區	士林區	變更(第五次)臺北市士林區福林段三小段236地號等19筆土地都市更新權利變換計畫案	變更(第五次)臺北市士林區福林段三小段236地號等19筆土地都市更新權利變換計畫案	臺北市士林區福林段三小段236、237、243、244、245、246、247、248-1、276、277、278、279、280、281、291、292、292-1、291-2、290地號等19筆土地	福林段三小段	236	236|237|243|244|245|246|247|248-1|276|277|278|279|280|281|291|292|292-1|291-2|290		19				變更(第五次)	5	權利變換	全陽建設股份有限公司	力冠丰都市規劃有限公司			士林區-福林段三小段-236地號等19筆	true	184
210	2024-06-06	113/6/6	士林區	士林區	變更(第四次)臺北市士林區福林段三小段236地號等19筆土地都市更新權利變換計畫案	變更(第四次)臺北市士林區福林段三小段236地號等19筆土地都市更新權利變換計畫案	臺北市士林區福林段三小段236、237、243、244、245、246、247、248-1、276、277、278、279、280、281、291、292、292-1、291-2、290地號等19筆土地	福林段三小段	236	236|237|243|244|245|246|247|248-1|276|277|278|279|280|281|291|292|292-1|291-2|290		19				變更(第四次)	4	權利變換	全陽建設股份有限公司	力冠丰都市規劃有限公司			士林區-福林段三小段-236地號等19筆	false	184
290	2023-10-03	112/10/3	士林區	士林區	變更臺北市士林區福林段三小段236地號等19筆土地都市更新事業計畫及變更(第三次)權利變換計畫案	變更臺北市士林區福林段三小段236地號等19筆土地都市更新事業計畫及變更(第三次)權利變換計畫案	臺北市士林區福林段三小段236、237、243、244、245、246、247、248-1、276、277、278、279、280、281、291、292、292-1、291-2、290地號等19筆土地	福林段三小段	236	236|237|243|244|245|246|247|248-1|276|277|278|279|280|281|291|292|292-1|291-2|290		19				變更	1	事業計畫、權利變換	全陽建設股份有限公司	力冠丰都市規劃有限公司			士林區-福林段三小段-236地號等19筆	false	184
734	2019-11-27	108/11/27	士林區	士林區	變更(第二次)臺北市士林區福林段三小段236地號等19筆土地都市更新權利變換計畫案	變更(第二次)臺北市士林區福林段三小段236地號等19筆土地都市更新權利變換計畫案	臺北市士林區福林段三小段236、237、243、244、245、246、247、248-1、276、277、278、279、280、281、291、292、292-1、291-2、290地號等19筆土地	福林段三小段	236	236|237|243|244|245|246|247|248-1|276|277|278|279|280|281|291|292|292-1|291-2|290		19				變更(第二次)	2	權利變換	全陽建設股份有限公司	力冠丰都市規劃有限公司			士林區-福林段三小段-236地號等19筆	false	184
765	2019-08-29	108/8/29	士林區	士林區	變更臺北市士林區福林段三小段236地號等19筆土地都市更新權利變換計畫案	變更臺北市士林區福林段三小段236地號等19筆土地都市更新權利變換計畫案	臺北市士林區福林段三小段236、237、243、244、245、246、247、248-1、276、277、278、279、280、281、291、292、292-1、291-2、290地號等19筆	福林段三小段	236	236|237|243|244|245|246|247|248-1|276|277|278|279|280|281|291|292|292-1|291-2|290		19				變更	1	權利變換	全陽建設股份有限公司	力冠丰都市規劃有限公司			士林區-福林段三小段-236地號等19筆	false	184
898	2018-05-10	107/5/10	士林區	士林區	擬訂臺北市士林區福林段三小段236地號等19筆土地都市更新事業計畫及權利變換計畫案	擬訂臺北市士林區福林段三小段236地號等19筆土地都市更新事業計畫及權利變換計畫案	臺北市士林區福林段三小段236、237、243、244、245、246、247、248-1、276、277、278、279、280、281、291、292、292-1、191-2、290地號等19筆土地	福林段三小段	236	236|237|243|244|245|246|247|248-1|276|277|278|279|280|281|291|292|292-1|191-2|290		19				擬訂	0	事業計畫、權利變換	全陽建設股份有限公司	力冠丰都市規劃有限公司			士林區-福林段三小段-236地號等19筆	false	184
788	2019-06-18	108/6/18	士林區	士林區	變更臺北市士林區福林段三小段362地號等19筆土地都市更新權利變換計畫案	變更臺北市士林區福林段三小段362地號等19筆土地都市更新權利變換計畫案	臺北市士林區福林段三小段362、363、364、365、365-1、366、367、367-1、368、368-1、369、370、371、372、373、374、376、376-2、377地號等19筆土地臺北市信義區虎林段四小段38、41、45、46、47、48、49、50、51、52、53、54、	福林段三小段	362	362|363|364|365|365-1|366|367|367-1|368|368-1|369|370|371|372|373|374|376|376-2|377		19				變更	1	權利變換	家居建設股份有限公司	財團法人都市更新研究發展基金會			士林區-福林段三小段-362地號等19筆	true	788
1049	2016-05-17	105/5/17	士林區	士林區	擬訂臺北市士林區福林段三小段362地號等19筆土地都市更新事業計畫及權利變換計畫案	擬訂臺北市士林區福林段三小段362地號等19筆土地都市更新事業計畫及權利變換計畫案	臺北市士林區福林段三小段362、363、364、365、365-1、366、367、367-1、368、368-1、369、370、371、372、373、374、376、376-2、377地號等19筆土地	福林段三小段	362	362|363|364|365|365-1|366|367|367-1|368|368-1|369|370|371|372|373|374|376|376-2|377		19				擬訂	0	事業計畫、權利變換	家居建設股份有限公司	財團法人都市更新研究發展基金會			士林區-福林段三小段-362地號等19筆	false	788
291	2023-10-03	112/10/3	士林區	士林區	變更臺北市士林區福林段三小段456地號等23筆土地都市更新事業計畫及權利變換計畫案	變更臺北市士林區福林段三小段456地號等23筆土地都市更新事業計畫及權利變換計畫案	臺北市士林區福林段三小段456、456-1、457、457-2、458、458-1、459、459-1、460、460-1、463、464、464-1、465、466、466-1、467、469、469-1、469-3、470、471、471-1地號等23筆土地	福林段三小段	456	456|456-1|457|457-2|458|458-1|459|459-1|460|460-1|463|464|464-1|465|466|466-1|467|469|469-1|469-3|470|471|471-1		23				變更	1	事業計畫、權利變換	碩樺建設股份有限公司	振皓工程顧問股份有限公司			士林區-福林段三小段-456地號等23筆	true	291
549	2021-08-03	110/8/3	士林區	士林區	擬訂臺北市士林區福林段三小段456地號等23筆土地都市更新權利變換計畫案	擬訂臺北市士林區福林段三小段456地號等23筆土地都市更新權利變換計畫案	臺北市士林區福林段三小段456、456-1、457、457-2、458、458-1、459、459-1、460、460-1、463、464、464-1、465、466、466-1、467、469、469-1、469-3、470、471、471-1地號等23筆土地	福林段三小段	456	456|456-1|457|457-2|458|458-1|459|459-1|460|460-1|463|464|464-1|465|466|466-1|467|469|469-1|469-3|470|471|471-1		23				擬訂	0	權利變換	碩樺建設股份有限公司	振皓工程顧問股份有限公司			士林區-福林段三小段-456地號等23筆	false	291
771	2019-08-13	108/8/13	士林區	士林區	擬訂臺北市士林區福林段三小段456地號等23筆土地都市更新事業計畫案	擬訂臺北市士林區福林段三小段456地號等23筆土地都市更新事業計畫案	臺北市士林區福林段三小段456、456-1、457、457-2、458、458-1、459、459-1、460、460-1、463、464、464-1、465、466、466-1、467、469、469-1、469-3、470、471、471-1地號等23筆土地	福林段三小段	456	456|456-1|457|457-2|458|458-1|459|459-1|460|460-1|463|464|464-1|465|466|466-1|467|469|469-1|469-3|470|471|471-1		23				擬訂	0	事業計畫	碩樺建設股份有限公司	振皓工程顧問股份有限公司			士林區-福林段三小段-456地號等23筆	false	291
1152	2013-12-10	102/12/10	士林區	士林區	變更(第二次)臺北市士林區福順段一小段214地號等4筆土地都市更新權利變換計畫及變更釐正圖冊案	變更(第二次)臺北市士林區福順段一小段214地號等4筆土地都市更新權利變換計畫及變更釐正圖冊案	201、201-2、201-3、202、203、204-1地號等53筆土地臺北市士林區福順段一小段214、258、259259、259-1地號等4筆土地	福順段一小段	214	214|258|259259|259-1		4				變更(第二次)	2	權利變換	吉美建設事業股份有限公司	園皓都市規劃有限公司			士林區-福順段一小段-214地號等4筆	true	1152
1169	2013-08-30	102/8/30	士林區	士林區	變更臺北市士林區福順段一小段214地號等4筆土地都市更新權利變換計畫及釐正圖冊案	變更臺北市士林區福順段一小段214地號等4筆土地都市更新權利變換計畫及釐正圖冊案	臺北市士林區福順段一小段214、258、259259、259-1地號等4筆土地	福順段一小段	214	214|258|259259|259-1		4				變更	1	權利變換	吉美建設事業股份有限公司	園皓都市規劃有限公司			士林區-福順段一小段-214地號等4筆	false	1152
1263	2011-01-31	100/1/31	士林區	士林區	擬訂臺北市士林區福順段一小段214地號等4筆土地都市更新事業計畫及權利變換計畫案	擬訂臺北市士林區福順段一小段214地號等4筆土地都市更新事業計畫及權利變換計畫案	臺北市士林區福順段一小段214、258、259259、259-1地號等4筆土地	福順段一小段	214	214|258|259259|259-1		4				擬訂	0	事業計畫、權利變換	吉美建設事業股份有限公司	園皓都市規劃有限公司			士林區-福順段一小段-214地號等4筆	false	1152
236	2024-03-26	113/3/26	士林區	士林區	變更(第二次)臺北市士林區福順段一小段347地號等16筆土地都市更新權利變換計畫案	變更(第二次)臺北市士林區福順段一小段347地號等16筆土地都市更新權利變換計畫案	臺北市士林區福順段一小段347、348、348-1、373、373-1、374、375、376、377、378、379、380、381、382、383、384地號等16筆土地	福順段一小段	347	347|348|348-1|373|373-1|374|375|376|377|378|379|380|381|382|383|384		16				變更(第二次)	2	權利變換	日健建設股份有限公司	邑相更新規劃股份有限公司			士林區-福順段一小段-347地號等16筆	true	236
733	2019-11-28	108/11/28	士林區	士林區	變更臺北市士林區福順段一小段347地號等16筆土地都市更新事業計畫及權利變換計畫案	變更臺北市士林區福順段一小段347地號等16筆土地都市更新事業計畫及權利變換計畫案	臺北市士林區福順段一小段347、348、348-1、373、373-1、374、375、376、377、378、379、380、381、382、383、384地號等16筆土地	福順段一小段	347	347|348|348-1|373|373-1|374|375|376|377|378|379|380|381|382|383|384		16				變更	1	事業計畫、權利變換	日健建設股份有限公司	邑相更新規劃股份有限公司			士林區-福順段一小段-347地號等16筆	false	236
855	2018-11-01	107/11/1	士林區	士林區	擬訂臺北市士林區福順段一小段347地號等16筆土地都市更新事業計畫及權利變換計畫案	擬訂臺北市士林區福順段一小段347地號等16筆土地都市更新事業計畫及權利變換計畫案	66筆土地臺北市士林區福順段一小段347、348、348-1、373、373-1、374、375、376、377、378、379、380、381、382、383、384地號等16筆土地	福順段一小段	347	347|348|348-1|373|373-1|374|375|376|377|378|379|380|381|382|383|384		16				擬訂	0	事業計畫、權利變換	日健建設股份有限公司	邑相更新規劃股份有限公司			士林區-福順段一小段-347地號等16筆	false	236
140	2025-03-06	114/3/6	士林區	士林區	擬訂臺北市士林區福順段三小段18地號等18筆土地都市更新事業計畫及權利變換計畫案	擬訂臺北市士林區福順段三小段18地號等18筆土地都市更新事業計畫及權利變換計畫案	臺北市士林區福順段三小段18、19、20、21、22、23、23-1、24、24-1、25、25-1、26、26-1、27、30、30-1、31、31-1地號等18筆土地	福順段三小段	18	18|19|20|21|22|23|23-1|24|24-1|25|25-1|26|26-1|27|30|30-1|31|31-1		18				擬訂	0	事業計畫、權利變換	全陽建設股份有限公司	力冠丰都市規劃有限公司			士林區-福順段三小段-18地號等18筆	true	140
358	2023-02-16	112/2/16	士林區	士林區	變更(第三次)臺北市士林區芝山段一小段127-1地號等6筆土地更新權利變換計畫案	變更(第三次)臺北市士林區芝山段一小段127-1地號等6筆土地更新權利變換計畫案	臺北市士林區芝山段一小段127-1、135、136、136-1、188、189等6筆土地	芝山段一小段	127-1	127-1|135|136|136-1|188		6				變更(第三次)	3	權利變換	大陸建設股份有限公司	弘傑不動產事業股份有限公司			士林區-芝山段一小段-127-1地號等6筆	true	358
726	2019-12-24	108/12/24	士林區	士林區	變更(第二次)臺北市士林區芝山段一小段127-1地號等6筆土地更新事業計畫及權利變換計畫案	變更(第二次)臺北市士林區芝山段一小段127-1地號等6筆土地更新事業計畫及權利變換計畫案	臺北市士林區芝山段一小段127-1、135、136、136-1、188、189等6筆土地	芝山段一小段	127-1	127-1|135|136|136-1|188		6				變更(第二次)	2	事業計畫、權利變換	大陸建設股份有限公司	弘傑不動產事業股份有限公司			士林區-芝山段一小段-127-1地號等6筆	false	358
865	2018-09-20	107/9/20	士林區	士林區	變更臺北市士林區芝山段一小段127-1地號等6筆土地更新事業計畫及權利變換計畫案	變更臺北市士林區芝山段一小段127-1地號等6筆土地更新事業計畫及權利變換計畫案	臺北市士林區芝山段一小段127-1、135、136、136-1、188、189等6筆土地	芝山段一小段	127-1	127-1|135|136|136-1|188		6				變更	1	事業計畫、權利變換	大陸建設股份有限公司	弘傑不動產事業股份有限公司			士林區-芝山段一小段-127-1地號等6筆	false	358
1275	2010-07-12	99/7/12	士林區	士林區	變更臺北市士林區芝山段二小段33地號等20筆土地都市更新事業計畫案	變更臺北市士林區芝山段二小段33地號等20筆土地都市更新事業計畫案	臺北市士林區芝山段二小段33、39、42、43、44、45、46、47、47-1、48、49、52、52-1、52-2、52-3、53、53-1、53-2、54、55地號等20筆土地	芝山段二小段	33	33|39|42|43|44|45|46|47|47-1|48|49|52|52-1|52-2|52-3|53|53-1|53-2|54|55		20				變更	1	事業計畫	士林開發股份有限公司	合邑都市更新股份有限公司			士林區-芝山段二小段-33地號等20筆	true	1275
1308	2009-06-16	98/6/16	士林區	士林區	擬訂臺北市士林區芝山段二小段33地號等20筆土地都市更新事業計畫案	擬訂臺北市士林區芝山段二小段33地號等20筆土地都市更新事業計畫案	臺北市士林區芝山段二小段33、39、42、43、44、45、46、47、47-1、48、49、52、52-1、52-2、52-3、53、53-1、53-2、54、55地號等20筆土地	芝山段二小段	33	33|39|42|43|44|45|46|47|47-1|48|49|52|52-1|52-2|52-3|53|53-1|53-2|54|55		20				擬訂	0	事業計畫	士林開發股份有限公司	合邑都市更新股份有限公司			士林區-芝山段二小段-33地號等20筆	false	1275
393	2022-11-22	111/11/22	士林區	士林區	擬訂臺北市士林區芝蘭段一小段480地號等8筆土地都市更新事業計畫及權利變換計畫案	擬訂臺北市士林區芝蘭段一小段480地號等8筆土地都市更新事業計畫及權利變換計畫案	臺北市士林區芝蘭段一小段480、480-1、542、543、544、545、548、549地號等8筆土地	芝蘭段一小段	480	480|480-1|542|543|544|545|548|549		8				擬訂	0	事業計畫、權利變換	昇陽建設企業股份有限公司	弘傑開發事業股份有限公司			士林區-芝蘭段一小段-480地號等8筆	true	393
800	2019-05-02	108/5/2	士林區	士林區	變更臺北市士林區芝蘭段四小段130地號1筆(原9筆)土地都市更新事業計畫案	變更臺北市士林區芝蘭段四小段130地號1筆(原9筆)土地都市更新事業計畫案	臺北市士林區芝蘭段四小段130地號1筆土地	芝蘭段四小段	130	130		1	9			變更	1	事業計畫	誠寬建設股份有限公司	丹棠開發股份有限公司			士林區-芝蘭段四小段-130地號等1筆	true	800
1021	2016-10-27	105/10/27	士林區	士林區	擬訂臺北市士林區芝蘭段四小段130地號等9筆土地都市更新事業計畫案	擬訂臺北市士林區芝蘭段四小段130地號等9筆土地都市更新事業計畫案	臺北市士林區芝蘭段四小段130、131-5、136-1、138-1、139、151、152、153、172地號等9筆土地	芝蘭段四小段	130	130|131-5|136-1|138-1|139|151|152|153|172		9				擬訂	0	事業計畫	誠寬建設股份有限公司	丹棠開發股份有限公司			士林區-芝蘭段四小段-130地號等9筆	true	1021
250	2024-02-06	113/2/6	士林區	士林區	變更臺北市士林區芝蘭段四小段159地號等5筆土地都市更新事業計畫案	變更臺北市士林區芝蘭段四小段159地號等5筆土地都市更新事業計畫案	臺北市士林區芝蘭段四小段159、160-2、161-1、162、169-1地號等5筆土地	芝蘭段四小段	159	159|160-2|161-1|162|169-1		5				變更	1	事業計畫	璞元建設股份有限公司	翔宇國際開發顧問股份有限公司			士林區-芝蘭段四小段-159地號等5筆	true	250
852	2018-11-15	107/11/15	士林區	士林區	擬訂臺北市士林區芝蘭段四小段159地號等5筆土地都市更新事業計畫案	擬訂臺北市士林區芝蘭段四小段159地號等5筆土地都市更新事業計畫案	臺北市士林區芝蘭段四小段159、160-2、161-1、162、169-1地號等5筆土地	芝蘭段四小段	159	159|160-2|161-1|162|169-1		5				擬訂	0	事業計畫	新宬建設股份有限公司	翔宇國際開發顧問股份有限公司			士林區-芝蘭段四小段-159地號等5筆	false	250
1389	2006-02-24	95/2/24	士林區	士林區	擬訂臺北市士林區蘭雅段一小段386地號等18筆土地都市更新事業計畫案	擬訂臺北市士林區蘭雅段一小段386地號等18筆土地都市更新事業計畫案	臺北市士林區蘭雅段一小段386、387、388、389、390、391、391-1、396、397、398、411、412、413、414、416、417、420、423地號等18筆土地	蘭雅段一小段	386	386|387|388|389|390|391|391-1|396|397|398|411|412|413|414|416|417|420|423		18				擬訂	0	事業計畫	遠雄建設開發股份有限公司	中興都更事業股份有限公司			士林區-蘭雅段一小段-386地號等18筆	true	1389
228	2024-04-30	113/4/30	士林區	士林區	擬訂臺北市士林區蘭雅段一小段52地號等23筆(原18筆)土地都市更新事業計畫及權利變換計畫案	擬訂臺北市士林區蘭雅段一小段52地號等23筆(原18筆)土地都市更新事業計畫及權利變換計畫案	臺北市士林區蘭雅段一小段52、53、54、55、167、167-1、167-2、167-3、168、169、170、170-1、170-2、171、172、177-1、271、271-1地號等18筆土地	蘭雅段一小段	52	52|53|54|55|167|167-1|167-2|167-3|168|169|170|170-1|170-2|171|172|177-1|271|271-1		23	18			擬訂	0	事業計畫、權利變換	力麒建設股份有限公司	合邑都市更新股份有限公司			士林區-蘭雅段一小段-52地號等23筆	true	228
22	2026-06-04	115/6/4	士林區	士林區	擬訂臺北市士林區蘭雅段一小段571地號等9筆土地都市更新事業計畫案	擬訂臺北市士林區蘭雅段一小段571地號等9筆土地都市更新事業計畫案	臺北市士林區蘭雅段一小段571、572、573、574、575、577、580、615、617地號等9筆土地	蘭雅段一小段	571	571|572|573|574|575|577|580|615|617		9				擬訂	0	事業計畫	士林開發股份有限公司	弘傑不動產事業股份有限公司			士林區-蘭雅段一小段-571地號等9筆	true	22
700	2020-02-25	109/2/25	士林區	士林區	變更(第三次)臺北市士林區蘭雅段一小段581地號等9筆土地都市更新權利變換計畫案	變更(第三次)臺北市士林區蘭雅段一小段581地號等9筆土地都市更新權利變換計畫案	臺北市士林區蘭雅段一小段581、582、584、587、589、590、591、592、593地號等9筆土地	蘭雅段一小段	581	581|582|584|587|589|590|591|592|593		9				變更(第三次)	3	權利變換	都市策略開發股份有限公司	弘傑開發事業股份有限公司			士林區-蘭雅段一小段-581地號等9筆	true	700
758	2019-09-18	108/9/18	士林區	士林區	變更(第二次)臺北市士林區蘭雅段一小段581地號等9筆土地都市更新權利變換計畫案	變更(第二次)臺北市士林區蘭雅段一小段581地號等9筆土地都市更新權利變換計畫案	臺北市士林區蘭雅段一小段581、582、584、587、589、590、591、592、593地號等9筆土地	蘭雅段一小段	581	581|582|584|587|589|590|591|592|593		9				變更(第二次)	2	權利變換	都市策略開發股份有限公司	弘傑開發事業股份有限公司			士林區-蘭雅段一小段-581地號等9筆	false	700
816	2019-03-12	108/3/12	士林區	士林區	變更臺北市士林區蘭雅段一小段581地號等9筆土地都市更新事業計畫及權利變換計畫案	變更臺北市士林區蘭雅段一小段581地號等9筆土地都市更新事業計畫及權利變換計畫案	臺北市士林區蘭雅段一小段581、582、584、587、589、590、591、592、593地號等9筆土地	蘭雅段一小段	581	581|582|584|587|589|590|591|592|593		9				變更	1	事業計畫、權利變換	都市策略開發股份有限公司	弘傑開發事業股份有限公司			士林區-蘭雅段一小段-581地號等9筆	false	700
1114	2015-01-27	104/1/27	士林區	士林區	擬訂臺北市士林區蘭雅段一小段581地號等9筆土地都市更新事業計畫及權利變換計畫案	擬訂臺北市士林區蘭雅段一小段581地號等9筆土地都市更新事業計畫及權利變換計畫案	臺北市士林區蘭雅段一小段581、582、584、587、589、590、591、592、593地號等9筆土地	蘭雅段一小段	581	581|582|584|587|589|590|591|592|593		9				擬訂	0	事業計畫、權利變換	都市策略開發股份有限公司	合邑都市更新股份有限公司			士林區-蘭雅段一小段-581地號等9筆	false	700
858	2018-10-25	107/10/25	士林區	士林區	變更臺北市士林區蘭雅段一小段633地號等4筆土地都市更新事業計畫案	變更臺北市士林區蘭雅段一小段633地號等4筆土地都市更新事業計畫案	臺北市士林區蘭雅段一小段633、、634、634-1、642-5地號等4筆土地	蘭雅段一小段	633	633|634|634-1|642-5		4				變更	1	事業計畫	宏普建設股份有限公司	弘傑不動產事業股份有限公司			士林區-蘭雅段一小段-633地號等4筆	true	858
1099	2015-06-02	104/6/2	士林區	士林區	擬訂臺北市士林區蘭雅段一小段633地號等4筆土地都市更新事業計畫案	擬訂臺北市士林區蘭雅段一小段633地號等4筆土地都市更新事業計畫案	1、827-1、831-1、831-2、831-3、845-1地號等77筆土地臺北市士林區蘭雅段一小段633、634、634-1、642-5地號等4筆土地	蘭雅段一小段	633	633|634|634-1|642-5		4				擬訂	0	事業計畫	宏普建設股份有限公司	弘傑不動產事業股份有限公司			士林區-蘭雅段一小段-633地號等4筆	false	858
853	2018-11-15	107/11/15	士林區	士林區	變更(第二次)臺北市士林區蘭雅段三小段205地號等2筆土地都市更新權利變換計畫案	變更(第二次)臺北市士林區蘭雅段三小段205地號等2筆土地都市更新權利變換計畫案	臺北市士林區蘭雅段三小段205、223-1地號等2筆土地臺北市內湖區康寧段三小段430-48、466-1、466-2、469、470-1、470-	蘭雅段三小段	205	205|223-1		2				變更(第二次)	2	權利變換	茂楷建設股份有限公司	冠霖都市更新事業股份有限公司			士林區-蘭雅段三小段-205地號等2筆	true	853
1058	2016-03-10	105/3/10	士林區	士林區	變更臺北市士林區蘭雅段三小段205地號等2筆土地都市更新事業計畫及權利變換計畫案	變更臺北市士林區蘭雅段三小段205地號等2筆土地都市更新事業計畫及權利變換計畫案	臺北市士林區蘭雅段三小段205、223-1地號等2筆土地	蘭雅段三小段	205	205|223-1		2				變更	1	事業計畫、權利變換	茂楷建設股份有限公司	大禧實業股份有限公司			士林區-蘭雅段三小段-205地號等2筆	false	853
1159	2013-11-07	102/11/7	士林區	士林區	擬訂臺北市士林區蘭雅段三小段205地號等2筆土地都市更新事業計畫及權利變換計畫案	擬訂臺北市士林區蘭雅段三小段205地號等2筆土地都市更新事業計畫及權利變換計畫案	臺北市士林區蘭雅段三小段205、223-1地號等2筆土地	蘭雅段三小段	205	205|223-1		2				擬訂	0	事業計畫、權利變換	茂楷建設股份有限公司	大禧實業股份有限公司			士林區-蘭雅段三小段-205地號等2筆	false	853
997	2017-03-14	106/3/14	士林區	士林區	變更(第二次)臺北市士林區蘭雅段二小段150地號等27筆土地都市更新權利變換計畫(含釐正圖冊)案	變更(第二次)臺北市士林區蘭雅段二小段150地號等27筆土地都市更新權利變換計畫(含釐正圖冊)案	89、219-90、219-91、219-92、219-93、219-94、238-1地號等72筆土地臺北市士林區蘭雅段二小段150、152、154、155、156、157、158、159、160、161、162、163、164、165、166、167、168、169、171、173、174、175、176、177、178、179、179-1地號等27筆土地	蘭雅段二小段	150	150|152|154|155|156|157|158|159|160|161|162|163|164|165|166|167|168|169|171|173|174|175|176|177|178|179|179-1		27				變更(第二次)	2	權利變換	筑丰興業股份有限公司	財團法人都市更新研究發展基金會			士林區-蘭雅段二小段-150地號等27筆	true	997
1065	2015-12-29	104/12/29	士林區	士林區	變更臺北市士林區蘭雅段二小段150地號等27筆土地都市更新事業計畫及權利變換計畫案	變更臺北市士林區蘭雅段二小段150地號等27筆土地都市更新事業計畫及權利變換計畫案	臺北市士林區蘭雅段二小段150、152、154、155、156、157、158、159、160、161、162、163、164、165、166、167、168、169、171、173、174、175、176、177、178、179、179-1地號等27筆土地	蘭雅段二小段	150	150|152|154|155|156|157|158|159|160|161|162|163|164|165|166|167|168|169|171|173|174|175|176|177|178|179|179-1		27				變更	1	事業計畫、權利變換	筑丰興業股份有限公司	財團法人都市更新研究發展基金會			士林區-蘭雅段二小段-150地號等27筆	false	997
1162	2013-10-31	102/10/31	士林區	士林區	擬訂臺北市士林區蘭雅段二小段150地號等27筆土地都市更新事業計畫及權利變換計畫案	擬訂臺北市士林區蘭雅段二小段150地號等27筆土地都市更新事業計畫及權利變換計畫案	臺北市士林區蘭雅段二小段150、152、154、155、156、157、158、159、160、161、162、163、164、165、166、167、168、169、171、173、174、175、176、177、178、179、179-1地號等27筆土地	蘭雅段二小段	150	150|152|154|155|156|157|158|159|160|161|162|163|164|165|166|167|168|169|171|173|174|175|176|177|178|179|179-1		27				擬訂	0	事業計畫、權利變換	筑丰興業股份有限公司	財團法人都市更新研究發展基金會			士林區-蘭雅段二小段-150地號等27筆	false	997
1255	2011-03-29	100/3/29	士林區	士林區	變更臺北市士林區蘭雅段二小段87地號等30筆土地都市更新事業計畫及權利變換計畫案	變更臺北市士林區蘭雅段二小段87地號等30筆土地都市更新事業計畫及權利變換計畫案	臺北市士林區蘭雅段二小段1-28、87、87-1、88、89、90、91、92、93、94、95、96、97、98、99、100、101、101-1、103、104、104-1、104-2、104-3、106、107、108、109、110、111、114-2地號等30筆土地	蘭雅段二小段	87	1-28|87|87-1|88|89|90|91|92|93|94|95|96|97|98|99|100|101|101-1|103|104|104-1|104-2|104-3|106|107|108|109|110|111|114-2		30				變更	1	事業計畫、權利變換	國揚實業股份有限公司	財團法人都市更新研究發展基金會			士林區-蘭雅段二小段-87地號等30筆	true	1255
1323	2009-01-08	98/1/8	士林區	士林區	擬訂臺北市士林區蘭雅段二小段87地號等30筆土地都市更新事業計畫及權利變換計畫案	擬訂臺北市士林區蘭雅段二小段87地號等30筆土地都市更新事業計畫及權利變換計畫案	臺北市士林區蘭雅段二小段1-28、87、87-1、88、89、90、91、92、93、94、95、96、97、98、99、100、101、101-1、103、104、104-1、104-2、104-3、106、107、108、109、110、111、114-2地號等30筆土地	蘭雅段二小段	87	1-28|87|87-1|88|89|90|91|92|93|94|95|96|97|98|99|100|101|101-1|103|104|104-1|104-2|104-3|106|107|108|109|110|111|114-2		30				擬訂	0	事業計畫、權利變換	國揚實業股份有限公司	財團法人都市更新研究發展基金會			士林區-蘭雅段二小段-87地號等30筆	false	1255
229	2024-04-30	113/4/30	士林區	士林區	變更(第二次)臺北市士林區陽明段一小段19地號等12筆土地都市更新權利變換計畫案	變更(第二次)臺北市士林區陽明段一小段19地號等12筆土地都市更新權利變換計畫案	臺北市士林區陽明段一小段19、20、21、22、23、24、25、26、27、28、29、30地號等12筆土地	陽明段一小段	19	19|20|21|22|23|24|25|26|27|28|29|30		12				變更(第二次)	2	權利變換	紘石建設股份有限公司	財團法人都市更新研究發展基金會			士林區-陽明段一小段-19地號等12筆	true	229
676	2020-05-26	109/5/26	士林區	士林區	變更臺北市士林區陽明段一小段19地號等12筆土地都市更新事業計畫及權利變換計畫案	變更臺北市士林區陽明段一小段19地號等12筆土地都市更新事業計畫及權利變換計畫案	臺北市士林區陽明段一小段19、20、21、22、23、24、25、26、27、28、29、30地號等12筆土地	陽明段一小段	19	19|20|21|22|23|24|25|26|27|28|29|30		12				變更	1	事業計畫、權利變換	紘石建設股份有限公司	財團法人都市更新研究發展基金會			士林區-陽明段一小段-19地號等12筆	false	229
887	2018-06-21	107/6/21	士林區	士林區	擬訂臺北市士林區陽明段一小段19地號等12筆土地都市更新事業計畫及權利變換計畫案	擬訂臺北市士林區陽明段一小段19地號等12筆土地都市更新事業計畫及權利變換計畫案	臺北市士林區陽明段一小段19、20、21、22、23、24、25、26、27、28、29、30地號等12筆土地	陽明段一小段	19	19|20|21|22|23|24|25|26|27|28|29|30		12				擬訂	0	事業計畫、權利變換	紘石建設股份有限公司	財團法人都市更新研究發展基金會			士林區-陽明段一小段-19地號等12筆	false	229
1047	2016-05-26	105/5/26	士林區	士林區	變更臺北市士林區陽明段一小段771-2地號等23筆土地都市更新事業計畫及權利變換計畫案	變更臺北市士林區陽明段一小段771-2地號等23筆土地都市更新事業計畫及權利變換計畫案	臺北市士林區陽明段一小段771-2、778、779、780、781、784、785、786、787、788、789、790、796、797、798、799、800、801、802、803、804、804-4、804-5地號等23筆土地	陽明段一小段	771-2	771-2|778|779|780|781|784|785|786|787|788|789|790|796|797|798|799|800|801|802|803|804|804-4|804-5		23				變更	1	事業計畫、權利變換	樂揚建設股份有限公司	財團法人都市更新研究發展基金會			士林區-陽明段一小段-771-2地號等23筆	true	1047
1309	2009-06-16	98/6/16	士林區	士林區	擬訂臺北市士林區陽明段一小段771-2地號等21筆土地都市更新事業計畫及權利變換計畫案	擬訂臺北市士林區陽明段一小段771-2地號等21筆土地都市更新事業計畫及權利變換計畫案	臺北市士林區陽明段一小段771-2、778、779、780、781、784、785、786、787、788、789、790、796、797、798、799、800、801、802、803、804地號等21筆土地	陽明段一小段	771-2	771-2|778|779|780|781|784|785|786|787|788|789|790|796|797|798|799|800|801|802|803|804		21				擬訂	0	事業計畫、權利變換	樂揚建設股份有限公司	財團法人都市更新研究發展基金會			士林區-陽明段一小段-771-2地號等23筆	false	1047
911	2018-03-27	107/3/27	士林區	士林區	擬訂臺北市士林區陽明段三小段627地號等3筆土地都市更新事業計畫案	擬訂臺北市士林區陽明段三小段627地號等3筆土地都市更新事業計畫案	臺北市士林區陽明段三小段627、628-4、629-3地號等3筆土地臺北市大同區雙連段一小段197、198、199、200、201、202、203、204、205、206、207、208、208-1、209、210、210-1、211-1、	陽明段三小段	627	627|628-4|629-3		3				擬訂	0	事業計畫	臺北市政府				士林區-陽明段三小段-627地號等3筆	true	911
225	2024-05-02	113/5/2	士林區	士林區	擬訂臺北市士林區陽明段二小段291地號等5筆土地都市更新事業計畫及權利變換計畫案	擬訂臺北市士林區陽明段二小段291地號等5筆土地都市更新事業計畫及權利變換計畫案	臺北市士林區陽明段二小段291、291-1、292、293、294地號等5筆土地	陽明段二小段	291	291|291-1|292|293|294		5				擬訂	0	事業計畫、權利變換	廣宇建設實業股份有限公司	丹棠開發股份有限公司人			士林區-陽明段二小段-291地號等5筆	true	225
606	2020-12-03	109/12/3	士林區	士林區	擬訂臺北市士林區陽明段二小段291號等5筆土地事業概要案	擬訂臺北市士林區陽明段二小段291號等5筆土地事業概要案	臺北市士林區陽明段二小段291、291-1、292、293、294地號等5筆土地	陽明段二小段	291	291|291-1|292|293|294		5				擬訂	0	事業概要	孫立彬	丹棠開發股份有限公司			士林區-陽明段二小段-291地號等5筆	false	225
501	2021-12-22	110/12/22	大同區	大同區	變更臺北市大同區圓環段一小段103-2地號等48筆土地都市更新計畫案	變更臺北市大同區圓環段一小段103-2地號等48筆土地都市更新計畫案	臺北市大同區圓環段一小段103-2、104-2、104-4、104-5、104-6、214、215、216、217、218、219、219-2、219-6、219-7、219-8、220、221、222、223、224、314、320、321-2、321-3、321-8、321-9、321-10、322、323、324、325、326、327、329、329-3、329-4、329-5、329-6、330、331、332、333、334、335、336、394-2、394-5、394-10地號等48筆土地	圓環段一小段	103-2	103-2|104-2|104-4|104-5|104-6|214|215|216|217|218|219|219-2|219-6|219-7|219-8|220|221|222|223|224|314|320|321-2|321-3|321-8|321-9|321-10|322|323|324|325|326|327|329|329-3|329-4|329-5|329-6|330|331|332|333|334|335|336|394-2|394-5|394-10		48				變更	1	都市更新計畫	大陞開發股份有限公司	大陞開發股份有限公司			大同區-圓環段一小段-103-2地號等48筆	true	501
1038	2016-08-10	105/8/10	大同區	大同區	擬訂臺北市大同區圓環段一小段103-2地號等48筆土地都市更新計畫案	擬訂臺北市大同區圓環段一小段103-2地號等48筆土地都市更新計畫案	臺北市大同區圓環段一小段103-2、104-2、104-4、104-5、104-6、214、215、216、217、218、219、219-2、219-6、219-7、219-8、220、221、222、223、224、314、320、321-2、321-3、321-8、321-9、321-10、322、323、324、325、326、327、329、329-3、329-4、329-5、329-6、330、331、332、333、334、335、336、394-2、394-5、394-10	圓環段一小段	103-2	103-2|104-2|104-4|104-5|104-6|214|215|216|217|218|219|219-2|219-6|219-7|219-8|220|221|222|223|224|314|320|321-2|321-3|321-8|321-9|321-10|322|323|324|325|326|327|329|329-3|329-4|329-5|329-6|330|331|332|333|334|335|336|394-2|394-5|394-10		48				擬訂	0	都市更新計畫	大陞開發股份有限公司				大同區-圓環段一小段-103-2地號等48筆	false	501
944	2017-11-14	106/11/14	大同區	大同區	變更臺北市大同區圓環段一小段385地號等24筆土地都市更新權利變換計畫案	變更臺北市大同區圓環段一小段385地號等24筆土地都市更新權利變換計畫案	地號等110筆土地臺北市大同區圓環段一小段370、371-2、372-1、373、374、375、376、377、378、379、380、381、382、383、384、384-3、385、385-4、386、387、388-2、389-2、390、394-9地號等24筆土地	圓環段一小段	385	370|371-2|372-1|373|374|375|376|377|378|379|380|381|382|383|384|384-3|385|385-4|386|387|388-2|389-2|390|394-9		24				變更	1	權利變換	樂揚建設股份有限公司	台北再開發規劃股份有限公司			大同區-圓環段一小段-385地號等24筆	true	944
1140	2014-02-25	103/2/25	大同區	大同區	擬訂臺北市大同區圓環段一小段385地號等24筆土地都市更新事業計畫及權利變換計畫案	擬訂臺北市大同區圓環段一小段385地號等24筆土地都市更新事業計畫及權利變換計畫案	臺北市大同區圓環段一小段370、371-2、372-1、373、374、375、376、377、378、379、380、381、382、383、384、384-3、385、385-1、386、387、388-2、389-2、390、394-9地號等24筆土地	圓環段一小段	385	370|371-2|372-1|373|374|375|376|377|378|379|380|381|382|383|384|384-3|385|385-1|386|387|388-2|389-2|390|394-9		24				擬訂	0	事業計畫、權利變換	樂揚建設股份有限公司	台北再開發規劃股份有限公司			大同區-圓環段一小段-385地號等24筆	false	944
149	2025-02-11	114/2/11	大同區	大同區	變更臺北市大同區圓環段三小段643地號等44筆土地都市更新事業計畫及權利變換計畫案	變更臺北市大同區圓環段三小段643地號等44筆土地都市更新事業計畫及權利變換計畫案	臺北市大同區圓環段三小段643、644、645、646、647、648、649、650、651、652、653、654、655、656、657、658、659、660、661、662、663、664、665、666、667、668、669、670、671、672、673、674、675、676、677、678、679、681、643-1、646-1、647-1、650-1、651-1及654-1地號等44筆土地	圓環段三小段	643	643|644|645|646|647|648|649|650|651|652|653|654|655|656|657|658|659|660|661|662|663|664|665|666|667|668|669|670|671|672|673|674|675|676|677|678|679|681|643-1|646-1|647-1|650-1		44				變更	1	事業計畫、權利變換	潤泰創新國際股份有限公司	安邦工程顧問股份有限公司			大同區-圓環段三小段-643地號等44筆	true	149
424	2022-08-31	111/8/31	大同區	大同區	擬訂臺北市大同區圓環段三小段643地號等44筆土地都市更新權利變換計畫案	擬訂臺北市大同區圓環段三小段643地號等44筆土地都市更新權利變換計畫案	臺北市大同區圓環段三小段643、644、645、646、647、648、649、650、651、652、653、654、655、656、657、658、659、660、661、662、663、664、665、666、667、668、669、670、671、672、673、674、675、676、677、678、679、681、643-1、646-1、647-1、650-1、651-1及654-1地號等44筆土地	圓環段三小段	643	643|644|645|646|647|648|649|650|651|652|653|654|655|656|657|658|659|660|661|662|663|664|665|666|667|668|669|670|671|672|673|674|675|676|677|678|679|681|643-1|646-1|647-1|650-1		44				擬訂	0	權利變換	潤泰創新國際股份有限公司	安邦工程顧問股份有限公司			大同區-圓環段三小段-643地號等44筆	false	149
784	2019-06-19	108/6/19	大同區	大同區	擬訂臺北市大同區圓環段三小段643地號等44筆土地都市更新事業計畫案	擬訂臺北市大同區圓環段三小段643地號等44筆土地都市更新事業計畫案	臺北市大同區圓環段三小段643、644、645、646、647、648、649、650、651、652、653、654、655、656、657、658、659、660、661、662、663、664、665、666、667、668、669、670、671、672、673、674、675、676、677、678、679、681、643-1、646-1、647-1、650-1、651-1及654-1地號等44筆土地	圓環段三小段	643	643|644|645|646|647|648|649|650|651|652|653|654|655|656|657|658|659|660|661|662|663|664|665|666|667|668|669|670|671|672|673|674|675|676|677|678|679|681|643-1|646-1|647-1|650-1		44				擬訂	0	事業計畫	潤泰創新國際股份有限公司	安邦工程顧問股份有限公司			大同區-圓環段三小段-643地號等44筆	false	149
400	2022-11-09	111/11/9	大同區	大同區	變更(第三次)臺北市大同區大同段一小段447-2地號等2筆土地都市更新權利變換計畫案	變更(第三次)臺北市大同區大同段一小段447-2地號等2筆土地都市更新權利變換計畫案	臺北市大同區大同段一小段447-2、465-2地號等2筆土地	大同段一小段	447-2	447-2|465-2		2				變更(第三次)	3	權利變換	臺北市政府	臺北市住宅及都市更新中心			大同區-大同段一小段-447-2地號等2筆	true	400
510	2021-12-08	110/12/8	大同區	大同區	變更(第二次)臺北市大同區大同段一小段447-2地號等2筆土地都市更新事業計畫及變更權利變換計畫案	變更(第二次)臺北市大同區大同段一小段447-2地號等2筆土地都市更新事業計畫及變更權利變換計畫案	臺北市大同區大同段一小段447-2、465-2地號等2筆土地	大同段一小段	447-2	447-2|465-2		2				變更(第二次)	2	事業計畫、權利變換	臺北市政府	財團法人臺北市都市更新推動中心			大同區-大同段一小段-447-2地號等2筆	false	400
605	2020-12-16	109/12/16	大同區	大同區	變更臺北市大同區大同段一小段447-2地號等2筆土地都市更新事業計畫案	變更臺北市大同區大同段一小段447-2地號等2筆土地都市更新事業計畫案	臺北市大同區大同段一小段447-2、465-2地號等2筆土地	大同段一小段	447-2	447-2|465-2		2				變更	1	事業計畫	臺北市政府	財團法人臺北市都市更新推動中心			大同區-大同段一小段-447-2地號等2筆	false	400
916	2018-02-13	107/2/13	大同區	大同區	擬訂臺北市大同區大同段一小段447-2地號等2筆土地都市更新事業計畫及權利變換計畫案	擬訂臺北市大同區大同段一小段447-2地號等2筆土地都市更新事業計畫及權利變換計畫案	臺北市大同區大同段一小段447-2、465-2地號等2筆土地	大同段一小段	447-2	447-2|465-2		2				擬訂	0	事業計畫、權利變換	臺北市政府	財團法人臺北市都市更新推動中心			大同區-大同段一小段-447-2地號等2筆	false	400
282	2023-11-08	112/11/8	大同區	大同區	擬訂臺北市大同區大同段二小段848地號等18筆土地事業概要案	擬訂臺北市大同區大同段二小段848地號等18筆土地事業概要案	臺北市大同區大同段二小段848、849、850、851、852、853、854、855、856、857、858、859、860、861、862、863、881-3、881-4等18筆土地	大同段二小段	848	848|849|850|851|852|853|854|855|856|857|858|859|860|861|862|863|881-3		18				擬訂	0	事業概要	許育嘉	丹棠開發股份有限公司			大同區-大同段二小段-848地號等18筆	true	282
1228	2012-04-26	101/4/26	大同區	大同區	變更(第三次)臺北市大同區大龍段一小段265-7地號等2筆土地(原8筆土地)都市更新事業計畫案	變更(第三次)臺北市大同區大龍段一小段265-7地號等2筆土地(原8筆土地)都市更新事業計畫案	臺北市大同區大龍段一小段265-7、265-39地號等2筆土地	大龍段一小段	265-7	265-7|265-39		2	8			變更(第三次)	3	事業計畫	皇翔建設股份有限公司	弘傑不動產事業股份有限公司			大同區-大龍段一小段-265-7地號等2筆	true	1228
1310	2009-06-16	98/6/16	大同區	大同區	變更(第二次)臺北市大同區大龍段一小段265-7地號等2筆土地(原8筆土地)都市更新事業計畫案	變更(第二次)臺北市大同區大龍段一小段265-7地號等2筆土地(原8筆土地)都市更新事業計畫案	臺北市大同區大龍段一小段265-7、265-39地號等2筆土地臺北市中山區長春段二小段559-5、559-10、559-11、635、636、637、	大龍段一小段	265-7	265-7|265-39		2	8			變更(第二次)	2	事業計畫	皇翔建設股份有限公司	弘傑不動產顧問股份有限公司			大同區-大龍段一小段-265-7地號等2筆	false	1228
1343	2008-06-12	97/6/12	大同區	大同區	變更臺北市大同區大龍段一小段265-7地號等2筆土地(原8筆土地)都市更新事業計畫案	變更臺北市大同區大龍段一小段265-7地號等2筆土地(原8筆土地)都市更新事業計畫案	臺北市大同區大龍段一小段265-7、265-39地號等2筆土地	大龍段一小段	265-7	265-7|265-39		2	8			變更	1	事業計畫	皇翔建設股份有限公司	弘傑不動產顧問股份有限公司			大同區-大龍段一小段-265-7地號等2筆	false	1228
1351	2008-01-25	97/1/25	大同區	大同區	擬訂臺北市大同區大龍段一小段265-7地號等8筆土地都市更新事業計畫案	擬訂臺北市大同區大龍段一小段265-7地號等8筆土地都市更新事業計畫案	臺北市大同區大龍段一小段265-7、265-39、299-4、299-7、299-17、299-18、299-20、299-21地號等8筆土地	大龍段一小段	265-7	265-7|265-39|299-4|299-7|299-17|299-18|299-20|299-21		8				擬訂	0	事業計畫	皇翔建設股份有限公司	弘傑不動產顧問股份有限公司			大同區-大龍段一小段-265-7地號等2筆	false	1228
165	2024-12-31	113/12/31	大同區	大同區	變更臺北市大同區大龍段一小段265地號等27筆(原25筆)土地都市更新事業計畫案	變更臺北市大同區大龍段一小段265地號等27筆(原25筆)土地都市更新事業計畫案	臺北市大同區大龍段一小段265、265-2、265-6、265-9、265-22、265-24、265-25、265-28、265-29、265-34、265-40、265-41、265-42、265-43、265-44、265-49、265-50、265-58、265-59、265-60、265-61、265-62、272-4、273-1、275、276、296-1、297、299-3、299-6地號等30筆土地臺北市中正區永昌段四小段46-4、46-6、46-7、46-8、46-9、46-10、46-13、46-	大龍段一小段	265	265|265-2|265-6|265-9|265-22|265-24|265-25|265-28|265-29|265-34|265-40|265-41|265-42|265-43|265-44|265-49|265-50|265-58|265-59|265-60|265-61|265-62|272-4|273-1|275|276|296-1|297|299-3|299-6		27	25			變更	1	事業計畫	國家住宅及都市更新公司	冠霖不動產顧問股份有限公司			大同區-大龍段一小段-265地號等27筆	true	165
518	2021-11-23	110/11/23	大同區	大同區	擬訂臺北市大同區大龍段一小段265地號等27筆(原25筆)土地都市更新事業計畫及權利變換計畫案	擬訂臺北市大同區大龍段一小段265地號等27筆(原25筆)土地都市更新事業計畫及權利變換計畫案	臺北市大同區大龍段一小段265、265-2、265-6、265-9、265-22、265-24、265-25、265-28、265-29、265-34、265-40、265-41、265-42、265-43、265-44、265-49、265-50、265-58、265-59、272-4、273-1、275、276、296-1、297、299-3、299-6地號等27筆土地	大龍段一小段	265	265|265-2|265-6|265-9|265-22|265-24|265-25|265-28|265-29|265-34|265-40|265-41|265-42|265-43|265-44|265-49|265-50|265-58|265-59|272-4|273-1|275|276|296-1|297|299-3|299-6		27	25			擬訂	0	事業計畫、權利變換	國家住宅及都市更新公司	冠霖不動產顧問股份有限公司			大同區-大龍段一小段-265地號等27筆	false	165
1395	2005-04-16	94/4/16	大同區	大同區	擬訂臺北市大同區大龍段二小段15地號等7筆土地都市更新事業計畫案	擬訂臺北市大同區大龍段二小段15地號等7筆土地都市更新事業計畫案	臺北市大同區大龍段二小段14-2、15-1、15、16、21-5、21-7、22-2地號等7筆土地	大龍段二小段	15	14-2|15-1|15|16|21-5|21-7|22-2		7				擬訂	0	事業計畫	尚志資產開發股份有限公司	大矩聯合建築師事務所			大同區-大龍段二小段-15地號等7筆	true	1395
1377	2007-04-02	96/4/2	大同區	大同區	變更臺北市大同區大龍段二小段23地號等6筆土地都市更新事業計畫及權利變換計畫案	變更臺北市大同區大龍段二小段23地號等6筆土地都市更新事業計畫及權利變換計畫案	臺北市大同區大龍段二小段14-1、21-2、22-1、23、26、108地號等6筆土地尚志資產開發股份	大龍段二小段	23	14-1|21-2|22-1|23|26|108		6				變更	1	事業計畫、權利變換	有限公司	財團法人都市更新研究發展基金會			大同區-大龍段二小段-23地號等6筆	true	1377
1387	2006-06-09	95/6/9	大同區	大同區	擬訂臺北市大同區大龍段二小段23地號等6筆土地都市更新事業計畫及權利變換計畫案	擬訂臺北市大同區大龍段二小段23地號等6筆土地都市更新事業計畫及權利變換計畫案	臺北市大同區大龍段二小段14-1、21-2、22-1、23、26、108地號等6筆土地尚志資產開發股份	大龍段二小段	23	14-1|21-2|22-1|23|26|108		6				擬訂	0	事業計畫、權利變換	有限公司	財團法人都市更新研究發展基金會			大同區-大龍段二小段-23地號等6筆	false	1377
409	2022-10-06	111/10/6	大同區	大同區	擬訂臺北市大同區市府段一小段18-1地號等19筆土地事業概要案	擬訂臺北市大同區市府段一小段18-1地號等19筆土地事業概要案	臺北市大同區市府段一小段18-1、42、43、44、45、46、47、48、49、50、51、96、97、98、99、100、101、102、103地號等19筆土地	市府段一小段	18-1	18-1|42|43|44|45|46|47|48|49|50|51|96|97|98|99|100|101|102|103		19				擬訂	0	事業概要	合作金庫商業銀行股份有限公司	僑馥建築經理股份有限公司			大同區-市府段一小段-18-1地號等19筆	true	409
1098	2015-06-08	104/6/8	大同區		擬訂臺北市大同區市府段一小段764-6地號等77筆土地都市更新事業計畫案	擬訂臺北市大同區市府段一小段764-6地號等77筆土地都市更新事業計畫案	1、795-1、796-1、796-2、796-3、798、799、800、801、802、803、804、805、806、806-1、807、807-1、808、809、810、811、812、813、814、815、816、817、818、810-1、811-1、815-1、816-1、817-1、818-1、817-2、818-2、819、819-1、820、821、822、823、824、825、826、827、831、832、836、837、838、839、840、841、842、843、844、845、846、848、850、851、853、854、855、821-1、822-	市府段一小段	764-6	1|795-1|796-1|796-2|796-3|798|799|800|801|802|803|804|805|806|806-1|807|807-1|808|809|810|811|812|813|814|815|816|817|818|810-1|811-1|815-1|816-1|817-1|818-1|817-2|818-2|819|819-1|820|821|822|823|824|825|826|827|831|832|836|837|838|839|840|841|842|843|844|845|846|848|850|851|853|854|855|821-1		77				擬訂	0	事業計畫	常德建設股份有限公司	爵鼎都市建築股份有限公司		地號無法解析(缺少段小段)	大同區-市府段一小段-764-6地號等77筆	true	1098
1327	2008-12-24	97/12/24	大同區	大同區	擬訂臺北市大同區市府段一小段764地號等18筆土地都市更新事業計畫案	擬訂臺北市大同區市府段一小段764地號等18筆土地都市更新事業計畫案	臺北市大同區市府段一小段661-2、760、761、762、763、764、764-2、764-5、764-7、764-12、764-13、764-14、765、766、767、768、769、770地號等18筆土地	市府段一小段	764	661-2|760|761|762|763|764|764-2|764-5|764-7|764-12|764-13|764-14|765|766|767|768|769|770		18				擬訂	0	事業計畫	景信實業股份有限公司	李祖原建築師事務所			大同區-市府段一小段-764地號等18筆	true	1327
331	2023-05-10	112/5/10	大同區	大同區	變更(第三次)臺北市大同區市府段一小段858地號等31筆土地都市更新權利變換計畫案	變更(第三次)臺北市大同區市府段一小段858地號等31筆土地都市更新權利變換計畫案	臺北市大同區市府段一小段858、859、860、861、862、863、864、865、866、867、868、869、870、871、872、873、874、875、876、879、881、882、883、884、885、886、887、888、889、890-3及890-4地號等31筆土地	市府段一小段	858	858|859|860|861|862|863|864|865|866|867|868|869|870|871|872|873|874|875|876|879|881|882|883|884|885|886|887|888|889		31				變更(第三次)	3	權利變換	富享建設股份有限公司	新意群工程顧問有限公司			大同區-市府段一小段-858地號等31筆	true	331
394	2022-11-22	111/11/22	大同區	大同區	變更(第二次)臺北市大同區市府段一小段858地號等31筆土地都市更新權利變換計畫案	變更(第二次)臺北市大同區市府段一小段858地號等31筆土地都市更新權利變換計畫案	臺北市大同區市府段一小段858、859、860、861、862、863、864、865、866、867、868、869、870、871、872、873、874、875、876、879、881、882、883、884、885、886、887、888、889、890-3及890-4地號等31筆土地	市府段一小段	858	858|859|860|861|862|863|864|865|866|867|868|869|870|871|872|873|874|875|876|879|881|882|883|884|885|886|887|888|889		31				變更(第二次)	2	權利變換	富享建設股份有限公司	新意群工程顧問有限公司			大同區-市府段一小段-858地號等31筆	false	331
651	2020-08-05	109/8/5	大同區	大同區	變更臺北市大同區市府段一小段858地號等31筆土地都市更新事業計畫及權利變換計畫案	變更臺北市大同區市府段一小段858地號等31筆土地都市更新事業計畫及權利變換計畫案	臺北市大同區市府段一小段858、859、860、861、862、863、864、865、866、867、868、869、870、871、872、873、874、875、876、879、881、882、883、884、885、886、887、888、889、890-3及890-4地號等31筆土地	市府段一小段	858	858|859|860|861|862|863|864|865|866|867|868|869|870|871|872|873|874|875|876|879|881|882|883|884|885|886|887|888|889		31				變更	1	事業計畫、權利變換	富享建設股份有限公司	正宇都市更新股份有限公司			大同區-市府段一小段-858地號等31筆	false	331
955	2017-10-05	106/10/5	大同區	大同區	擬訂臺北市大同區市府段一小段858地號等31筆土地都市更新事業計畫及權利變換計畫案	擬訂臺北市大同區市府段一小段858地號等31筆土地都市更新事業計畫及權利變換計畫案	臺北市大同區市府段一小段858、859、860、861、862、863、864、865、866、867、868、869、870、871、872、873、874、875、876、879、881、882、883、884、885、886、887、888、889、890-3及890-4地號等31筆土地	市府段一小段	858	858|859|860|861|862|863|864|865|866|867|868|869|870|871|872|873|874|875|876|879|881|882|883|884|885|886|887|888|889		31				擬訂	0	事業計畫、權利變換	富享建設股份有限公司	正宇都市更新股份有限公司			大同區-市府段一小段-858地號等31筆	false	331
405	2022-10-20	111/10/20	大同區	大同區	變更第三次臺北市大同區市府段三小段247地號等5筆土地都市更新事業計畫案	變更第三次臺北市大同區市府段三小段247地號等5筆土地都市更新事業計畫案	臺北市大同區市府段247、247-2、249、250、250-2地號等5筆土地	市府段三小段	247	247|247-2|249|250|250-2		5				變更	1	事業計畫	皇翔建設股份有限公司	弘傑不動產事業股份有限公司		案名與地號段小段不一致(地號為市府段)	大同區-市府段三小段-247地號等5筆	true	405
976	2017-07-11	106/7/11	大同區	大同區	變更第二次臺北市大同區市府段三小段247地號等5筆土地都市更新事業計畫案	變更第二次臺北市大同區市府段三小段247地號等5筆土地都市更新事業計畫案	臺北市大同區市府段247、247-2、249、250、250-2地號等5筆土地	市府段三小段	247	247|247-2|249|250|250-2		5				變更	1	事業計畫	皇翔建設股份有限公司	弘傑不動產事業股份有限公司		案名與地號段小段不一致(地號為市府段)	大同區-市府段三小段-247地號等5筆	false	405
1191	2013-03-28	102/3/28	大同區	大同區	變更臺北市大同區市府段三小段247地號等5筆土地都市更新事業計畫案	變更臺北市大同區市府段三小段247地號等5筆土地都市更新事業計畫案	423、424、424-1、425、426、427、428、429、430、431、432、433、434、435、436、438、439、440、441、442、臺北市大同區市府段三小段247、247-2、249、250、250-2地號等5筆土地	市府段三小段	247	247|247-2|249|250|250-2		5				變更	1	事業計畫	皇翔建設股份有限公司	弘傑不動事業問股份有限公司			大同區-市府段三小段-247地號等5筆	false	405
1252	2011-04-22	100/4/22	大同區	大同區	擬訂臺北市大同區市府段三小段247地號等5筆土地都市更新事業計畫案	擬訂臺北市大同區市府段三小段247地號等5筆土地都市更新事業計畫案	臺北市大同區市府段三小段247、247-2、249、250、250-2地號等5筆土地	市府段三小段	247	247|247-2|249|250|250-2		5				擬訂	0	事業計畫	皇翔建設股份有限公司	弘傑不動事業股份有限公司			大同區-市府段三小段-247地號等5筆	false	405
73	2025-11-05	114/11/5	大同區	大同區	擬訂臺北市大同區市府段三小段331地號等45筆土地事業概要案	擬訂臺北市大同區市府段三小段331地號等45筆土地事業概要案	臺北市大同區市府段三小段331、332、333、333-1、333-2、334、334-1、334-2、335、335-1、335-2、336、337、338、339、340、341、342、343、345、346、347、348、349、350、351、352、353、354、355、356、357、358、359、360、361、362、363、364、365、366、366-1、422-1、433-1、434地號等45筆土地	市府段三小段	331	331|332|333|333-1|333-2|334|334-1|334-2|335|335-1|335-2|336|337|338|339|340|341|342|343|345|346|347|348|349|350|351|352|353|354|355|356|357|358|359|360|361|362|363|364|365|366|366-1|422-1|433-1|434		45				擬訂	0	事業概要	華泰商業銀行股份有限公司(委託人：華峰建設開發股份有限公司)	安邦工程顧問股份有限公司			大同區-市府段三小段-331地號等45筆	true	73
227	2024-05-01	113/5/1	大同區	大同區	擬訂臺北市大同區市府段三小段77地號等63筆(原59筆)土地事業計畫案	擬訂臺北市大同區市府段三小段77地號等63筆(原59筆)土地事業計畫案	臺北市大同區市府段三小段77、78、79、80、81、82、83、84、85、86、87、88、89、90、91、92、93、94、95、96、97、98、99、100、101、102、103、104、105、106、107、108、108-1、109、110、111、112、113、114、115、116、117、118、155、156、157、158、159、160、161、162、163、164、165、166、167、168、169、170、171、172、173、174地號等63筆土地	市府段三小段	77	77|78|79|80|81|82|83|84|85|86|87|88|89|90|91|92|93|94|95|96|97|98|99|100|101|102|103|104|105|106|107|108|108-1|109|110|111|112|113|114|115|116|117|118|155|156|157|158|159|160|161|162|163|164|165|166|167|168|169|170|171|172|173|174		63	59			擬訂	0	事業計畫	楊昇建設股份有限公司	永旭都市更新股份有限公司			大同區-市府段三小段-77地號等63筆	true	227
719	2020-01-09	109/1/9	大同區	中正區	擬訂臺北市大同區市府段二小段220-2地號等54筆土地都市更新權利變換計畫案	擬訂臺北市大同區市府段二小段220-2地號等54筆土地都市更新權利變換計畫案	1、222、222-1、223、223-1、224、224-1、225、225-1、226、226-1、226-2、227、227-1、228、228-1、228-2、229、230、231、232、233、234、235、236、280、280-1、281、281-1、282、283、284、285、286、286-1、287、288、288-1、289、289-1、290、290-1、291、291-1、292、292-1、293、293-1、293-2、293-3地號等54筆土地臺北市中正區永昌段三小段26-1、28-1、30、30-1、32、33、33-1、	市府段二小段	220-2	26-1|28-1|30|30-1|32|33|33-1		54				擬訂	0	權利變換	三豐建設股份有限公司	黃秀莊建築師事務所		行政區與地號行政區不一致(地號為中正區)|案名與地號段小段不一致(地號為永昌段三小段)	大同區-市府段二小段-220-2地號等54筆	true	719
1192	2013-02-26	102/2/26	大同區	大同區	擬訂臺北市大同區市府段二小段220-2地號等54筆土地都市更新事業計畫案	擬訂臺北市大同區市府段二小段220-2地號等54筆土地都市更新事業計畫案	臺北市大同區市府段二小段220-2、220-3、220-4、221、221-1、222、222-1、223、223-1、224、224-1、225、225-1、226、226-1、226-2、227、227-1、228、228-1、228-2、229、230、231、232、233、234、235、236、280、280-1、281、281-1、282、283、284、285、286、286-1、287、288、288-1、289、289-1、290、290-1、291、291-1、292、292-1、293、293-1、293-2、293-3地號等54筆土地	市府段二小段	220-2	220-2|220-3|220-4|221|221-1|222|222-1|223|223-1|224|224-1|225|225-1|226|226-1|226-2|227|227-1|228|228-1|228-2|229|230|231|232|233|234|235|236|280|280-1|281|281-1|282|283|284|285|286|286-1|287|288|288-1|289|289-1|290|290-1|291|291-1|292|292-1|293|293-1|293-2|293-3		54				擬訂	0	事業計畫	三豐建設股份有限公司	黃秀莊建築師事務所			大同區-市府段二小段-220-2地號等54筆-2	true	1192
281	2023-11-08	112/11/8	大同區	大同區	擬訂臺北市大同區市府段二小段426地號等41筆土地事業概要案	擬訂臺北市大同區市府段二小段426地號等41筆土地事業概要案	臺北市大同區市府段二小段426、427、428、429、430、431、432、433、434、435、436、437、438、439、440、441、442、443、444、445、446、447、448、449、450、451、452、453、454、455、455-1、456、457、457-1、458、459、459-1、460、461、461-1、461-2地號等41筆土地	市府段二小段	426	426|427|428|429|430|431|432|433|434|435|436|437|438|439|440|441|442|443|444|445|446|447|448|449|450|451|452|453|454|455|455-1|456|457|457-1|458|459|459-1|460|461|461-1|461-2		41				擬訂	0	事業概要	三圓建設股份有限公司	冠霖都市更新事業股份有限公司			大同區-市府段二小段-426地號等41筆	true	281
440	2022-07-14	111/7/14	大同區	大同區	變更臺北市大同區市府段二小段5-2地號等12筆土地都市更新事業計畫及權利變換計畫案	變更臺北市大同區市府段二小段5-2地號等12筆土地都市更新事業計畫及權利變換計畫案	臺北市大同區市府段二小段5-2、6、7、8、9、10、11、55、56、57、58、59地號等12筆土地	市府段二小段	5-2	5-2|6|7|8|9|10|11|55|56|57|58|59		12				變更	1	事業計畫、權利變換	永陞建設股份有限公司	永陞建設股份有限公司			大同區-市府段二小段-5-2地號等12筆	true	440
806	2019-04-16	108/4/16	大同區	大同區	擬訂臺北市大同區市府段二小段5-2地號等12筆土地都市更新事業計畫及權利變換計畫案	擬訂臺北市大同區市府段二小段5-2地號等12筆土地都市更新事業計畫及權利變換計畫案	臺北市大同區市府段二小段5-2、6、7、8、9、10、11、55、56、57、58、59地號等12筆土地	市府段二小段	5-2	5-2|6|7|8|9|10|11|55|56|57|58|59		12				擬訂	0	事業計畫、權利變換	永陞建設股份有限公司	朱文熙建築師事務所			大同區-市府段二小段-5-2地號等12筆	false	440
760	2019-09-17	108/9/17	大同區	大同區	擬訂臺北市大同區市府段二小段613地號等33筆土地都市更新事業計畫案	擬訂臺北市大同區市府段二小段613地號等33筆土地都市更新事業計畫案	臺北市大同區市府段二小段613、614、615、616、617、618、619-1、620-1、621-1、622、623、624、625、626、627、628、629、630、631、632、633、634、635、636、637、638、654、655、656、657、658、659、660地號等33筆土地	市府段二小段	613	613|614|615|616|617|618|619-1|620-1|621-1|622|623|624|625|626|627|628|629|630|631|632|633|634|635|636|637|638|654|655|656|657|658|659|660		33				擬訂	0	事業計畫	有富國際實業股份有限公司	奇模工程有限公司			大同區-市府段二小段-613地號等33筆	true	760
699	2020-02-27	109/2/27	大同區	大同區	擬訂臺北市大同區延平段一小段314地號等36筆土地都市更新事業計畫及權利變換計畫案	擬訂臺北市大同區延平段一小段314地號等36筆土地都市更新事業計畫及權利變換計畫案	臺北市大同區延平段一小段314、315、316、317、318、319、320-3、321、322、323、324、329、330、331、332、333、334、335、336、337、338、339、340、341、342、343、344、345、346、347、348、349、350、351、352、353地號等36筆土地	延平段一小段	314	314|315|316|317|318|319|320-3|321|322|323|324|329|330|331|332|333|334|335|336|337|338|339|340|341|342|343|344|345|346|347|348|349|350|351|352|353		36				擬訂	0	事業計畫、權利變換	聖得福建設開發股份有限公司	建福都更股份有限公司			大同區-延平段一小段-314地號等36筆	true	699
517	2021-11-25	110/11/25	大同區	大同區	變更臺北市大同區延平段一小段48地號等5筆土地都市更新事業計畫案	變更臺北市大同區延平段一小段48地號等5筆土地都市更新事業計畫案	臺北市大同區延平段一小段48、49、50、51、52地號等5筆土地	延平段一小段	48	48|49|50|51|52		5				變更	1	事業計畫	第五大道建設股份有限公司	瓏山林聯合建築師事務所			大同區-延平段一小段-48地號等5筆	true	517
963	2017-08-17	106/8/17	大同區	大同區	擬訂臺北市大同區延平段一小段48地號等5筆土地都市更新事業計畫案	擬訂臺北市大同區延平段一小段48地號等5筆土地都市更新事業計畫案	臺北市大同區延平段一小段48、49、50、51、52地號等5筆土地	延平段一小段	48	48|49|50|51|52		5				擬訂	0	事業計畫	第五大道建設股份有限公司	力冠丰都市規劃有限公司			大同區-延平段一小段-48地號等5筆	false	517
578	2021-03-11	110/3/11	大同區	大同區	變更臺北市大同區橋北段一小段574-1地號等41筆土地都市更新權利變換計畫案	變更臺北市大同區橋北段一小段574-1地號等41筆土地都市更新權利變換計畫案	臺北市大同區橋北段一小段574-1、648、648-2、648-3、649、650、652-7、652-8、652-19、653、654、655、656、657、657-1、658、659、660、661、662、663、664、664-1、664-2、664-3、669、669-1、671、672、673、674、675、675-1、676、677、678、679、680、681、682、683地號等41筆土地	橋北段一小段	574-1	574-1|648|648-2|648-3|649|650|652-7|652-8|652-19|653|654|655|656|657|657-1|658|659|660|661|662|663|664|664-1|664-2|664-3|669|669-1|671|672|673|674|675|675-1|676|677|678|679|680|681|682|683		41				變更	1	權利變換	廣宇建設實業股份有限公司	丹棠開發股份有限公司			大同區-橋北段一小段-574-1地號等41筆	true	578
833	2019-01-29	108/1/29	大同區	大同區	擬訂臺北市大同區橋北段一小段574-1地號等41筆土地都市更新事業計畫及權利變換計畫案	擬訂臺北市大同區橋北段一小段574-1地號等41筆土地都市更新事業計畫及權利變換計畫案	臺北市大同區橋北段一小段574-1、648、648-2、648-3、649、650、652-7、652-8、652-19、653、654、655、656、657、657-1、658、659、660、661、662、663、664、664-1、664-2、664-3、669、669-1、671、672、673、674、675、675-1、676、677、678、679、680、681、682、683地號等41筆土地	橋北段一小段	574-1	574-1|648|648-2|648-3|649|650|652-7|652-8|652-19|653|654|655|656|657|657-1|658|659|660|661|662|663|664|664-1|664-2|664-3|669|669-1|671|672|673|674|675|675-1|676|677|678|679|680|681|682|683		41				擬訂	0	事業計畫、權利變換	廣宇建設實業股份有限公司	丹棠開發股份有限公司			大同區-橋北段一小段-574-1地號等41筆	false	578
575	2021-04-01	110/4/1	大同區	大同區	變更(第二次)臺北市大同區橋北段三小段137地號等16筆(原43筆)土地都市更新權利變換計畫(含釐正圖冊)案	變更(第二次)臺北市大同區橋北段三小段137地號等16筆(原43筆)土地都市更新權利變換計畫(含釐正圖冊)案	臺北市大同區橋北段三小段137、149、154-2、155-1、160-2、160-3、161-2、162-1、162-2、163-2、164-1、166-1、167-1、168-1、169-1及170-1地號等16筆土地	橋北段三小段	137	137|149|154-2|155-1|160-2|160-3|161-2|162-1|162-2|163-2|164-1|166-1|167-1|168-1		16	43			變更(第二次)	2	權利變換	吉美建設事業股份有限公司	弘傑不動產事業股份有限公司			大同區-橋北段三小段-137地號等16筆	true	575
750	2019-10-22	108/10/22	大同區	大同區	變更臺北市大同區橋北段三小段137地號等43筆土地都市更新事業計畫及權利變換計畫案	變更臺北市大同區橋北段三小段137地號等43筆土地都市更新事業計畫及權利變換計畫案	臺北市大同區橋北段三小段137、138、139、140、141、142、143、144、145、146、147、148、149、150、151、152、153、154-1、154-2、155、155-1、156、157、158、159、160-1、160-2、160-3、161-1、161-2、162-1、162-2、163、163-2、164-1、166-1、167、167-1、168、168-1、169、169-1及170-1地號等43筆土地	橋北段三小段	137	137|138|139|140|141|142|143|144|145|146|147|148|149|150|151|152|153|154-1|154-2|155|155-1|156|157|158|159|160-1|160-2|160-3|161-1|161-2|162-1|162-2|163|163-2|164-1|166-1|167|167-1|168|168-1|169		43				變更	1	事業計畫、權利變換	吉美建設事業股份有限公司	弘傑不動產事業股份有限公司			大同區-橋北段三小段-137地號等16筆	false	575
908	2018-04-12	107/4/12	大同區	大同區	擬訂臺北市大同區橋北段三小段137地號等43筆土地都市更新事業計畫及權利變換計畫案	擬訂臺北市大同區橋北段三小段137地號等43筆土地都市更新事業計畫及權利變換計畫案	臺北市大同區橋北段三小段137、138、139、140、141、142、143、144、145、146、147、148、149、150、151、152、153、154-1、154-2、155、155-1、156、157、158、159、160-1、160-2、160-3、161-1、161-2、162-1、162-2、163、163-2、164-1、166-1、167、167-1、168、168-1、169、169-1及170-1地號等43筆土地	橋北段三小段	137	137|138|139|140|141|142|143|144|145|146|147|148|149|150|151|152|153|154-1|154-2|155|155-1|156|157|158|159|160-1|160-2|160-3|161-1|161-2|162-1|162-2|163|163-2|164-1|166-1|167|167-1|168|168-1|169		43				擬訂	0	事業計畫、權利變換	吉美建設事業股份有限公司	弘傑不動產事業股份有限公司			大同區-橋北段三小段-137地號等16筆	false	575
161	2025-01-09	114/1/9	大同區	大同區	擬訂臺北市大同區橋北段三小段842-1地號等51筆土地都市更新事業計畫案	擬訂臺北市大同區橋北段三小段842-1地號等51筆土地都市更新事業計畫案	臺北市大同區橋北段三小段842-1、843-1、846、847、848、849、850、850-2、851、852、852-1、853、853-1、854、854-1、855、855-1、855-2、855-3、856、856-1、856-2、856-3、856-4、857、857-1、858、858-1、859、859-2、860、877、877-1、877-2、878、878-2、879、879-2、879-3、879-4、880、880-1、880-2、880-3、881、881-2、881-3、881-4、881-5、901-4、901-6地號等51筆土地	橋北段三小段	842-1	842-1|843-1|846|847|848|849|850|850-2|851|852|852-1|853|853-1|854|854-1|855|855-1|855-2|855-3|856|856-1|856-2|856-3|856-4|857|857-1|858|858-1|859|859-2|860|877|877-1|877-2|878|878-2|879|879-2|879-3|879-4|880|880-1|880-2|880-3|881|881-2|881-3|881-4|881-5|901-4|901-6		51				擬訂	0	事業計畫	帝群建設股份有限公司	邑相更新規劃股份有限公司			大同區-橋北段三小段-842-1地號等51筆	true	161
962	2017-08-17	106/8/17	大同區	大同區	擬訂臺北市大同區橋北段二小段358地號等11筆土地都市更新事業計畫案	擬訂臺北市大同區橋北段二小段358地號等11筆土地都市更新事業計畫案	臺北市大同區橋北段二小段358、359、360、361、362、363、364、365、366、367、368地號等11筆土地	橋北段二小段	358	358|359|360|361|362|363|364|365|366|367|368		11				擬訂	0	事業計畫	忠泰建設股份有限公司	園皓都市規劃有限公司			大同區-橋北段二小段-358地號等11筆	true	962
1087	2015-07-30	104/7/30	大同區	大同區	擬訂臺北市大同區橋北段二小段636地號等79筆土地都市更新事業計畫案	擬訂臺北市大同區橋北段二小段636地號等79筆土地都市更新事業計畫案	臺北市大同區橋北段二小段636、637、638、638-1、639、640、643-1、645、645-1、646、647、648、649、650、651、652、653-1、654、655、656、657-1、658、658-3、658-4、661、661-1、662、662-1、663、663-1、664、664-1、664-2、665、665-1、665-2、666、666-1、666-2、667、667-1、667-2、668、668-1、668-2、669、669-1、671、672-1、672-2、673、673-3、673-4、673-5、674、674-1、674-2、675、675-1、675-2、676、676-1、676-2、677、677-1、677-2、678、678-1、678-2、679、680、680-1、680-2、680-3、680-4、680-5、680-	橋北段二小段	636	636|637|638|638-1|639|640|643-1|645|645-1|646|647|648|649|650|651|652|653-1|654|655|656|657-1|658|658-3|658-4|661|661-1|662|662-1|663|663-1|664|664-1|664-2|665|665-1|665-2|666|666-1|666-2|667|667-1|667-2|668|668-1|668-2|669|669-1|671|672-1|672-2|673|673-3|673-4|673-5|674|674-1|674-2|675|675-1|675-2|676|676-1|676-2|677|677-1|677-2|678|678-1|678-2|679|680|680-1|680-2|680-3|680-4|680-5		79				擬訂	0	事業計畫	日勝生活科技股份有限公司	緯城土地規劃工程顧問有限公司			大同區-橋北段二小段-636地號等79筆	true	1087
1273	2010-08-06	99/8/6	大同區		變更臺北市大同區玉泉段一小段11地號等73筆土地都市更新事業計畫及權利變換計畫案	變更臺北市大同區玉泉段一小段11地號等73筆土地都市更新事業計畫及權利變換計畫案	、34、35、36、37、42-1、43-2、45、46、49、50、52、53、54、55、56、57、68、69、70、71、74、75、76、77、78、79、80、81、82、83、84、85、86、87、88、89、90、91、94、95、96、97、98、99、100、101、102、103、104、104-1、105、106、107、110、111、112、113	玉泉段一小段	11	34|35|36|37|42-1|43-2|45|46|49|50|52|53|54|55|56|57|68|69|70|71|74|75|76|77|78|79|80|81|82|83|84|85|86|87|88|89|90|91|94|95|96|97|98|99|100|101|102|103|104|104-1|105|106|107|110|111|112|113		73				變更	1	事業計畫、權利變換	興洋建設股份有限公司	財團法人都市更新研究發展基金會		地號無法解析(缺少段小段)	大同區-玉泉段一小段-11地號等73筆	true	1273
1346	2008-05-15	97/5/15	大同區		擬訂臺北市大同區玉泉段一小段11地號等73筆土地都市更新事業計畫及權利變換計畫案	擬訂臺北市大同區玉泉段一小段11地號等73筆土地都市更新事業計畫及權利變換計畫案	、34、35、36、37、42-1、43-2、45、46、49、50、52、53、54、55、56、57、68、69、70、71、74、75、76、77、78、79、80、81、82、83、84、85、86、87、88、89、90、91、94、95、96、97、98、99、100、101、102、103、104、104-1、105、106、107、110、111、112、113、114、115、116、117、118、119、120、121地號等73筆土地	玉泉段一小段	11	34|35|36|37|42-1|43-2|45|46|49|50|52|53|54|55|56|57|68|69|70|71|74|75|76|77|78|79|80|81|82|83|84|85|86|87|88|89|90|91|94|95|96|97|98|99|100|101|102|103|104|104-1|105|106|107|110|111|112|113|114|115|116|117|118|119|120|121		73				擬訂	0	事業計畫、權利變換	興洋建設股份有限公司	陳宇人建築師事務所		地號無法解析(缺少段小段)	大同區-玉泉段一小段-11地號等73筆	false	1273
708	2020-01-21	109/1/21	大同區	大同區	變更臺北市大同區玉泉段一小段520地號等21筆土地都市更新事業計畫案	變更臺北市大同區玉泉段一小段520地號等21筆土地都市更新事業計畫案	臺北市大同區玉泉段一小段520、521、522、523、524、525、526、527、528、529、530、532、533、534、534-2、535、536、537、538、538-2、560-2地號等21筆土地	玉泉段一小段	520	520|521|522|523|524|525|526|527|528|529|530|532|533|534|534-2|535|536|537|538|538-2|560-2		21				變更	1	事業計畫	欣偉傑建設股份有限公司	園皓都市規劃有限公司			大同區-玉泉段一小段-520地號等21筆	true	708
1067	2015-12-17	104/12/17	大同區	大同區	擬訂臺北市大同區玉泉段一小段520地號等21筆土地都市更新事業計畫及權利變換計畫案	擬訂臺北市大同區玉泉段一小段520地號等21筆土地都市更新事業計畫及權利變換計畫案	166、167、168、169、170、171、172地號等113筆土地臺北市大同區玉泉段一小段520、521、522、523、524、525、526、527、528、529、530、532、533、534、534-2、535、536、537、538、538-2、560-2地號等21筆土地	玉泉段一小段	520	520|521|522|523|524|525|526|527|528|529|530|532|533|534|534-2|535|536|537|538|538-2|560-2		21				擬訂	0	事業計畫、權利變換	欣偉傑建設股份有限公司	園皓都市規劃有限公司			大同區-玉泉段一小段-520地號等21筆	false	708
185	2024-09-12	113/9/12	大同區	大同區	擬訂臺北市大同區玉泉段一小段676地號等18筆土地都市更新事業計畫案	擬訂臺北市大同區玉泉段一小段676地號等18筆土地都市更新事業計畫案	臺北市大同區玉泉段一小段676、676-2、677-1、678、679、680、681、682、683、684、685、687、689、690、691、692、693、694地號等18筆土地	玉泉段一小段	676	676|676-2|677-1|678|679|680|681|682|683|684|685|687|689|690|691|692|693|694		18				擬訂	0	事業計畫	宏善開發股份有限公司	台北再開發規劃股份有限公司			大同區-玉泉段一小段-676地號等18筆	true	185
964	2017-08-17	106/8/17	大同區	大同區	擬訂臺北市大同區玉泉段一小段874地號等28筆土地都市更新事業計畫案	擬訂臺北市大同區玉泉段一小段874地號等28筆土地都市更新事業計畫案	臺北市大同區玉泉段一小段874、875、877、878、879、880、881、882、883、884、885、886、887、888、889、890、891、892、908-3、908-7、908-8、908-9、908-10、909-1、910-4、910-5、910-6、910-7地號等28筆土地	玉泉段一小段	874	874|875|877|878|879|880|881|882|883|884|885|886|887|888|889|890|891|892|908-3|908-7|908-8|908-9|908-10|909-1|910-4|910-5|910-6|910-7		28				擬訂	0	事業計畫	華威聯合股份有限公司	安邦工程顧問股份有限公司			大同區-玉泉段一小段-874地號等28筆	true	964
305	2023-08-08	112/8/8	大同區	大同區	變更(第四次)臺北市大同區玉泉段二小段353地號等27筆土地都市更新權利變換計畫案	變更(第四次)臺北市大同區玉泉段二小段353地號等27筆土地都市更新權利變換計畫案	臺北市大同區玉泉段二小段353、354、355、356、357、358、359、360、361、362、363-2、363-3、363-4、363-5、363-6、363-7、363-8、363-9、363-18、363-19、363-20、363-21、363-22、363-23、363-24、363-25、363-26地號等27筆土地	玉泉段二小段	353	353|354|355|356|357|358|359|360|361|362|363-2|363-3|363-4|363-5|363-6|363-7|363-8|363-9|363-18|363-19|363-20|363-21|363-22|363-23|363-24|363-25|363-26		27				變更(第四次)	4	權利變換	欣隆建設股份有限公司				大同區-玉泉段二小段-353地號等27筆	true	305
388	2022-11-29	111/11/29	大同區	大同區	變更(第三次)臺北市大同區玉泉段二小段353地號等27筆土地都市更新權利變換計畫案	變更(第三次)臺北市大同區玉泉段二小段353地號等27筆土地都市更新權利變換計畫案	臺北市大同區玉泉段二小段353、354、355、356、357、358、359、360、361、362、363-2、363-3、363-4、363-5、363-6、363-7、363-8、363-9、363-18、363-19、363-20、363-21、363-22、363-23、363-24、363-25、363-26地號等27筆土地	玉泉段二小段	353	353|354|355|356|357|358|359|360|361|362|363-2|363-3|363-4|363-5|363-6|363-7|363-8|363-9|363-18|363-19|363-20|363-21|363-22|363-23|363-24|363-25|363-26		27				變更(第三次)	3	權利變換	欣隆建設股份有限公司				大同區-玉泉段二小段-353地號等27筆	false	305
406	2022-10-13	111/10/13	大同區	大同區	變更(第二次)臺北市大同區玉泉段二小段353地號等27筆土地都市更新權利變換計畫案	變更(第二次)臺北市大同區玉泉段二小段353地號等27筆土地都市更新權利變換計畫案	臺北市大同區玉泉段二小段353、354、355、356、357、358、359、360、361、362、363-2、363-3、363-4、363-5、363-6、363-7、363-8、363-9、363-18、363-19、363-20、363-21、363-22、363-23、363-24、363-25、363-26地號等27筆土地	玉泉段二小段	353	353|354|355|356|357|358|359|360|361|362|363-2|363-3|363-4|363-5|363-6|363-7|363-8|363-9|363-18|363-19|363-20|363-21|363-22|363-23|363-24|363-25|363-26		27				變更(第二次)	2	權利變換	欣隆建設股份有限公司				大同區-玉泉段二小段-353地號等27筆	false	305
474	2022-03-23	111/3/23	大同區	大同區	變更(第二次)臺北市大同區玉泉段二小段353地號等27筆土地都市更新事業計畫及變更權利變換計畫案	變更(第二次)臺北市大同區玉泉段二小段353地號等27筆土地都市更新事業計畫及變更權利變換計畫案	臺北市大同區玉泉段二小段353、354、355、356、357、358、359、360、361、362、363-2、363-3、363-4、363-5、363-6、363-7、363-8、363-9、363-18、363-19、363-20、363-21、363-22、363-23、363-24、363-25、363-26地號等27筆土地	玉泉段二小段	353	353|354|355|356|357|358|359|360|361|362|363-2|363-3|363-4|363-5|363-6|363-7|363-8|363-9|363-18|363-19|363-20|363-21|363-22|363-23|363-24|363-25|363-26		27				變更(第二次)	2	事業計畫、權利變換	欣隆建設股份有限公司	呂建勳建築師事務所			大同區-玉泉段二小段-353地號等27筆	false	305
807	2019-04-11	108/4/11	大同區	大同區	變更臺北市大同區玉泉段二小段353地號等27筆土地都市更新事業計畫及擬訂權利變換計畫案	變更臺北市大同區玉泉段二小段353地號等27筆土地都市更新事業計畫及擬訂權利變換計畫案	臺北市大同區玉泉段二小段353、354、355、356、357、358、359、360、361、362、363-2、363-3、363-4、363-5、363-6、363-7、363-8、363-9、363-18、363-19、363-20、363-21、363-22、363-23、363-24、363-25、363-26地號等27筆土地	玉泉段二小段	353	353|354|355|356|357|358|359|360|361|362|363-2|363-3|363-4|363-5|363-6|363-7|363-8|363-9|363-18|363-19|363-20|363-21|363-22|363-23|363-24|363-25|363-26		27				變更	1	事業計畫、權利變換	欣隆建設股份有限公司	呂建勳建築師事務所			大同區-玉泉段二小段-353地號等27筆	false	305
1141	2014-02-13	103/2/13	大同區	大同區	擬訂臺北市大同區玉泉段二小段353地號等27筆土地都市更新事業計畫案	擬訂臺北市大同區玉泉段二小段353地號等27筆土地都市更新事業計畫案	臺北市大同區玉泉段二小段353、354、355、356、357、358、359、360、361、362、363-2、363-3、363-4、363-5、363-6、363-7、363-8、363-9、363-18、363-19、363-20、363-21、363-22、363-23、363-24、363-25、363-26地號等27筆土地	玉泉段二小段	353	353|354|355|356|357|358|359|360|361|362|363-2|363-3|363-4|363-5|363-6|363-7|363-8|363-9|363-18|363-19|363-20|363-21|363-22|363-23|363-24|363-25|363-26		27				擬訂	0	事業計畫	欣隆建設股份有限公司(段世同)	呂建勳建築師事務所			大同區-玉泉段二小段-353地號等27筆	false	305
15	2026-07-01	115/7/1	大同區	大同區	變更臺北市大同區玉泉段二小段40地號等29筆土地都市更新權利變換計畫案	變更臺北市大同區玉泉段二小段40地號等29筆土地都市更新權利變換計畫案	臺北市大同區玉泉段二小段40、40-2、43、43-2、44、44-2、51、51-2、52、57、58、60-2、60-3、61、62、63、64、65、66、67、68、69、70、71、72、73、74、75、75-4地號等29筆土地	玉泉段二小段	40	40|40-2|43|43-2|44|44-2|51|51-2|52|57|58|60-2|60-3|61|62|63|64|65|66|67|68|69|70|71|72|73|74|75|75-4		29				變更	1	權利變換	弘千建設股份有限公司	合邑都市更新股份有限公司			大同區-玉泉段二小段-40地號等29筆	true	15
614	2020-11-17	109/11/17	大同區	大同區	擬訂臺北市大同區玉泉段二小段40地號等29筆土地都市更新事業計畫及權利變換計畫案	擬訂臺北市大同區玉泉段二小段40地號等29筆土地都市更新事業計畫及權利變換計畫案	臺北市大同區玉泉段二小段40、40-2、43、43-2、44、44-2、51、51-2、52、57、58、60-2、60-3、61、62、63、64、65、66、67、68、69、70、71、72、73、74、75、75-4地號等29筆土地	玉泉段二小段	40	40|40-2|43|43-2|44|44-2|51|51-2|52|57|58|60-2|60-3|61|62|63|64|65|66|67|68|69|70|71|72|73|74|75|75-4		29				擬訂	0	事業計畫、權利變換	弘千建設股份有限公司	合邑都市更新股份有限公司			大同區-玉泉段二小段-40地號等29筆	false	15
391	2022-11-23	111/11/23	大同區	大同區	變更(第二次)臺北市大同區玉泉段二小段565地號等8筆土地都市更新權利變換計畫案	變更(第二次)臺北市大同區玉泉段二小段565地號等8筆土地都市更新權利變換計畫案	臺北市大同區玉泉段二小段565、566、567、568、569、569-1、570、571地號等8筆土地	玉泉段二小段	565	565|566|567|568|569|569-1|570|571		8				變更(第二次)	2	權利變換	良昱建設股份有限公司	冠霖都市更新事業股份有限公司			大同區-玉泉段二小段-565地號等8筆	true	391
563	2021-06-03	110/6/3	大同區	大同區	變更臺北市大同區玉泉段二小段565地號等8筆土地都市更新事業計畫及權利變換計畫案	變更臺北市大同區玉泉段二小段565地號等8筆土地都市更新事業計畫及權利變換計畫案	臺北市大同區玉泉段二小段565、566、567、568、569、569-1、570、571地號等8筆土地	玉泉段二小段	565	565|566|567|568|569|569-1|570|571		8				變更	1	事業計畫、權利變換	良昱建設股份有限公司	李欣都市更新股份有限公司			大同區-玉泉段二小段-565地號等8筆	false	391
969	2017-07-25	106/7/25	大同區	大同區	擬訂臺北市大同區玉泉段二小段565地號等8筆土地都市更新事業計畫及權利變換計畫案	擬訂臺北市大同區玉泉段二小段565地號等8筆土地都市更新事業計畫及權利變換計畫案	臺北市大同區玉泉段二小段565、566、567、568、569、569-1、570、571地號等8筆土地	玉泉段二小段	565	565|566|567|568|569|569-1|570|571		8				擬訂	0	事業計畫、權利變換	良昱建設股份有限公司	李欣都市更新股份有限公司			大同區-玉泉段二小段-565地號等8筆	false	391
1097	2015-06-11	104/6/11	大同區	大同區	擬訂臺北市大同區玉泉段二小段91地號等42筆土地都市更新事業計畫案	擬訂臺北市大同區玉泉段二小段91地號等42筆土地都市更新事業計畫案	臺北市大同區玉泉段二小段91、92、93、94、95、96、97、98、99、100、101、102、107、108、109、110、111、112、113、114、115、116、117、118、119、120、121、122、123、124、125、126、127、128、92-1、93-2、94-2、95-1、97-2、98-2地號等42筆土地臺北市大同區市府段一小段764-6、764-10、790-3、791、791-1、794-	玉泉段二小段	91	91|92|93|94|95|96|97|98|99|100|101|102|107|108|109|110|111|112|113|114|115|116|117|118|119|120|121|122|123|124|125|126|127|128|92-1|93-2|94-2|95-1|97-2|98-2		42				擬訂	0	事業計畫	常殷建設股份有限公司	力冠丰都市規劃有限公司			大同區-玉泉段二小段-91地號等42筆	true	1097
873	2018-08-30	107/8/30	大同區	大同區	變更臺北市大同區玉泉段二小段91地號等7筆(原42筆)土地都市更新事業計畫案	變更臺北市大同區玉泉段二小段91地號等7筆(原42筆)土地都市更新事業計畫案	臺北市大同區玉泉段二小段91、92-1、93-2、94-2、95-1、97-2、98-2地號等7筆土地	玉泉段二小段	91	91|92-1|93-2|94-2|95-1|97-2|98-2		7	42			變更	1	事業計畫	常殷建設股份有限公司	力冠丰都市規劃有限公司			大同區-玉泉段二小段-91地號等7筆	true	873
1160	2013-11-07	102/11/7	大同區	大同區	變更(第二次)臺北市大同區迪化段一小段2地號等25筆土地都市更新事業計畫及權利變換計畫案	變更(第二次)臺北市大同區迪化段一小段2地號等25筆土地都市更新事業計畫及權利變換計畫案	臺北市大同區迪化段一小段2、3、4、5、6、7、8、9、10、10-1、10-2、11、12、13、13-1、13-2、14、15、16、16-1、16-2、17、17-1、17-2、18地號等25筆土地	迪化段一小段	2	2|3|4|5|6|7|8|9|10|10-1|10-2|11|12|13|13-1|13-2|14|15|16|16-1|16-2|17|17-1|17-2|18		25				變更(第二次)	2	事業計畫、權利變換	三豐建設股份有限公司	黃啟煌建築師事務所			大同區-迪化段一小段-2地號等25筆	true	1160
1201	2013-01-08	102/1/8	大同區	大同區	變更臺北市大同區迪化段一小段2地號等25筆土地都市更新事業計畫及權利變換計畫案	變更臺北市大同區迪化段一小段2地號等25筆土地都市更新事業計畫及權利變換計畫案	臺北市大同區迪化段一小段2、3、4、5、6、7、8、9、10、10-1、10-2、11、12、13、13-1、13-2、14、15、16、16-1、16-2、17、17-1、17-2、18地號等25筆土地	迪化段一小段	2	2|3|4|5|6|7|8|9|10|10-1|10-2|11|12|13|13-1|13-2|14|15|16|16-1|16-2|17|17-1|17-2|18		25				變更	1	事業計畫、權利變換	三豐建設股份有限公司	黃啟煌建築師事務所			大同區-迪化段一小段-2地號等25筆	false	1160
1292	2010-01-11	99/1/11	大同區	大同區	擬訂臺北市大同區迪化段一小段2地號等21筆土地都市更新事業計畫及權利變換計畫案	擬訂臺北市大同區迪化段一小段2地號等21筆土地都市更新事業計畫及權利變換計畫案	臺北市大同區迪化段一小段2、3、4、5、6、7、8、9、10、10-1、10-2、11、12、13、13-1、13-2、14、15、16、16-1、16-2、17、17-1、17-2、18地號等25筆土地	迪化段一小段	2	2|3|4|5|6|7|8|9|10|10-1|10-2|11|12|13|13-1|13-2|14|15|16|16-1|16-2|17|17-1|17-2|18		21				擬訂	0	事業計畫、權利變換	三豐建設股份有限公司	百鴻國際工程有限公司			大同區-迪化段一小段-2地號等25筆	false	1160
690	2020-04-14	109/4/14	大同區	大同區	擬訂臺北市大同區迪化段三小段343-4地號等23筆土地都市更新事業概要案	擬訂臺北市大同區迪化段三小段343-4地號等23筆土地都市更新事業概要案	臺北市大同區迪化段三小段343-4、353、354、355、356、358、363、364、365、366、367、368、369、370、371、372、372-1、372-2、373、373-2(部分)、427、427-2、551-4地號等23筆土地	迪化段三小段	343-4	343-4|353|354|355|356|358|363|364|365|366|367|368|369|370|371|372|372-1|372-2|373|373-2|427|427-2|551-4		23				擬訂	0	事業概要	陳再盛、黃秀傑、施文欽	樂揚建設股份有限公司			大同區-迪化段三小段-343-4地號等23筆	true	690
848	2018-12-04	107/12/4	大同區		變更(第三次)臺北市大同區雙連段一小段197地號等72筆土地都市更新權利變換計畫案	變更(第三次)臺北市大同區雙連段一小段197地號等72筆土地都市更新權利變換計畫案	204、205、206、207、208、208-1、209、210、210-1、211-1、212-1、215、215-1、215-2、215-3、215-6、215-7、215-8、216、216-1、217、218、219-4、219-9、219-11、219-14、219-17、219-18、219-20、219-33、219-34、219-35、219-36、219-37、219-38、219-40、219-41、219-42、219-43、219-44、219-45、219-49、219-53、219-54、219-55、219-57、219-58、219-59、219-60、219-62、219-64、219-66、219-67、216-68、219-69、219-	雙連段一小段	197	204|205|206|207|208|208-1|209|210|210-1|211-1|212-1|215|215-1|215-2|215-3|215-6|215-7|215-8|216|216-1|217|218|219-4|219-9|219-11|219-14|219-17|219-18|219-20|219-33|219-34|219-35|219-36|219-37|219-38|219-40|219-41|219-42|219-43|219-44|219-45|219-49|219-53|219-54|219-55|219-57|219-58|219-59|219-60|219-62|219-64|219-66|219-67|216-68|219-69		72				變更(第三次)	3	權利變換	東家建設股份有限公司	東禧不動產創新股份有限公司		地號無法解析(缺少段小段)	大同區-雙連段一小段-197地號等72筆	true	848
912	2018-03-27	107/3/27	大同區		變更(第二次)臺北市大同區雙連段一小段197地號等72筆土地都市更新權利變換計畫案(含釐正圖冊)	變更(第二次)臺北市大同區雙連段一小段197地號等72筆土地都市更新權利變換計畫案(含釐正圖冊)	212-1、215、215-1、215-2、215-3、215-6、215-7、215-8、216、216-1、217、218、219-4、219-9、219-11、219-14、219-17、219-18、219-20、219-33、219-34、219-35、219-36、219-37、219-38、219-40、219-41、219-42、219-43、219-44、219-45、219-49、219-53、219-54、219-55、219-57、219-58、219-59、219-60、219-62、219-64、219-66、219-67、216-68、219-69、219-70、219-71、219-86、219-89、219-90、219-91、219-92、219-	雙連段一小段	197	212-1|215|215-1|215-2|215-3|215-6|215-7|215-8|216|216-1|217|218|219-4|219-9|219-11|219-14|219-17|219-18|219-20|219-33|219-34|219-35|219-36|219-37|219-38|219-40|219-41|219-42|219-43|219-44|219-45|219-49|219-53|219-54|219-55|219-57|219-58|219-59|219-60|219-62|219-64|219-66|219-67|216-68|219-69|219-70|219-71|219-86|219-89|219-90|219-91|219-92		72				變更(第二次)	2	權利變換	東家建設股份有限公司	東禧不動產創新股份有限公司		地號無法解析(缺少段小段)	大同區-雙連段一小段-197地號等72筆	false	848
996	2017-03-16	106/3/16	大同區		變更臺北市大同區雙連段一小段197地號等72筆土地都市更新權利變換計畫案	變更臺北市大同區雙連段一小段197地號等72筆土地都市更新權利變換計畫案	204、205、206、207、208、208-1、209、210、210-1、211-1、212-1、215、215-1、215-2、215-3、215-6、215-7、215-8、216、216-1、217、218、219-4、219-9、219-11、219-14、219-17、219-18、219-20、219-33、219-34、219-35、219-36、219-37、219-38、219-40、219-41、219-42、219-43、219-44、219-45、219-49、219-53、219-54、219-55、219-57、219-58、219-59、219-60、219-62、219-64、219-66、219-67、219-68、219-69、219-70、219-71、219-86、219-	雙連段一小段	197	204|205|206|207|208|208-1|209|210|210-1|211-1|212-1|215|215-1|215-2|215-3|215-6|215-7|215-8|216|216-1|217|218|219-4|219-9|219-11|219-14|219-17|219-18|219-20|219-33|219-34|219-35|219-36|219-37|219-38|219-40|219-41|219-42|219-43|219-44|219-45|219-49|219-53|219-54|219-55|219-57|219-58|219-59|219-60|219-62|219-64|219-66|219-67|219-68|219-69|219-70|219-71|219-86		72				變更	1	權利變換	東家建設股份有限公司	東禧不動產創新股份有限公司		地號無法解析(缺少段小段)	大同區-雙連段一小段-197地號等72筆	false	848
1202	2013-01-08	102/1/8	大同區	大同區	擬訂臺北市大同區雙連段一小段197地號等72筆土地都市更新事業計畫及權利變換計畫案	擬訂臺北市大同區雙連段一小段197地號等72筆土地都市更新事業計畫及權利變換計畫案	臺北市大同區雙連段一小段197、198、199、200、201、202、203、204、205、206、207、208、208-1、209、210、210-1、211-1、212-1、215、215-1、215-2、215-3、215-6、215-7、216、216-1、217、218、219-4、219-9、219-11、219-14、219-17、219-18、219-20、219-33、219-34、219-35、219-36、219-37、219-38、219-40、219-41、219-42、219-43、219-44、219-45、219-49、219-53、219-54、219-55、219-57、219-58、219-59、219-60、	雙連段一小段	197	197|198|199|200|201|202|203|204|205|206|207|208|208-1|209|210|210-1|211-1|212-1|215|215-1|215-2|215-3|215-6|215-7|216|216-1|217|218|219-4|219-9|219-11|219-14|219-17|219-18|219-20|219-33|219-34|219-35|219-36|219-37|219-38|219-40|219-41|219-42|219-43|219-44|219-45|219-49|219-53|219-54|219-55|219-57|219-58|219-59|219-60		72				擬訂	0	事業計畫、權利變換	東家建設股份有限公司	東禧不動產創新股份有限公司			大同區-雙連段一小段-197地號等72筆	false	848
1052	2016-04-26	105/4/26	大同區	大同區	變更臺北市大同區雙連段一小段407地號等13筆土地都市更新事業計畫及權利變換計畫案	變更臺北市大同區雙連段一小段407地號等13筆土地都市更新事業計畫及權利變換計畫案	臺北市大同區雙連段一小段407、408、409、410、411、412、415、416-1、416-4、416-12、416-21、416-22、416-28地號等13筆土地	雙連段一小段	407	407|408|409|410|411|412|415|416-1|416-4|416-12|416-21|416-22|416-28		13				變更	1	事業計畫、權利變換	永德國際開發股份有限公司	財團法人都市更新研究發展基金會			大同區-雙連段一小段-407地號等13筆	true	1052
1229	2012-03-15	101/3/15	大同區	大同區	擬訂臺北市大同區雙連段一小段407地號等13筆土地都市更新事業計畫及權利變換計畫案	擬訂臺北市大同區雙連段一小段407地號等13筆土地都市更新事業計畫及權利變換計畫案	臺北市大同區雙連段一小段407、408、409、410、411、412、415、416-1、416-4、416-12、416-21、416-22、416-28地號等13筆土地	雙連段一小段	407	407|408|409|410|411|412|415|416-1|416-4|416-12|416-21|416-22|416-28		13				擬訂	0	事業計畫、權利變換	永德國際開發股份有限公司	財團法人都市更新研究發展基金會			大同區-雙連段一小段-407地號等13筆	false	1052
616	2020-11-10	109/11/10	大同區	大同區	擬訂臺北市大同區雙連段一小段416-6地號等40筆土地事業概要案	擬訂臺北市大同區雙連段一小段416-6地號等40筆土地事業概要案	臺北市大同區雙連段一小段416-6、416-7、416-15、416-16、416-17、416-18、416-19、416-29、420、421、422、423、424、427、428、431、431-1、432、433、434、435、436、437、438、439、440、447、448、449、450、451、452、453、454-1、455、456、456-1、457、458、459地號等40筆土地	雙連段一小段	416-6	416-6|416-7|416-15|416-16|416-17|416-18|416-19|416-29|420|421|422|423|424|427|428|431|431-1|432|433|434|435|436|437|438|439|440|447|448|449|450|451|452|453|454-1|455|456|456-1|457|458|459		40				擬訂	0	事業概要	永德國際建設股份有限公司	永德國際建設股份有限公司			大同區-雙連段一小段-416-6地號等40筆	true	616
203	2024-07-10	113/7/10	大同區	大同區	變更(第三次)臺北市大同區雙連段三小段1地號等33筆土地都市更新權利變換計畫案	變更(第三次)臺北市大同區雙連段三小段1地號等33筆土地都市更新權利變換計畫案	臺北市大同區雙連段三小段1、2、3、4、5、6、7、7-1、8、9、10、11、12、13、14、14-1、15、16、17、18、19、19-1、22-1、23、23-1、23-2、24、24-1、25、25-2、28、29、29-1地號等33筆土地	雙連段三小段	1	1|2|3|4|5|6|7|7-1|8|9|10|11|12|13|14|14-1|15|16|17|18|19|19-1|22-1|23|23-1|23-2|24|24-1|25|25-2|28|29|29-1		33				變更(第三次)	3	權利變換	士林開發股份有限公司	冠霖不動產顧問股份有限公司			大同區-雙連段三小段-1地號等33筆	true	203
389	2022-11-24	111/11/24	大同區	大同區	變更(第二次)臺北市大同區雙連段三小段1地號等33筆土地都市更新事業計畫案	變更(第二次)臺北市大同區雙連段三小段1地號等33筆土地都市更新事業計畫案	臺北市大同區雙連段三小段1、2、3、4、5、6、7、7-1、8、9、10、11、12、13、14、14-1、15、16、17、18、19、19-1、22-1、23、23-1、23-2、24、24-1、25、25-2、28、29、29-1地號等33筆土地	雙連段三小段	1	1|2|3|4|5|6|7|7-1|8|9|10|11|12|13|14|14-1|15|16|17|18|19|19-1|22-1|23|23-1|23-2|24|24-1|25|25-2|28|29|29-1		33				變更(第二次)	2	事業計畫	士林開發股份有限公司	冠霖不動產顧問股份有限公司			大同區-雙連段三小段-1地號等33筆	false	203
507	2021-12-14	110/12/14	大同區	大同區	變更(第二次)臺北市大同區雙連段三小段1地號等33筆土地都市更新權利變換計畫案	變更(第二次)臺北市大同區雙連段三小段1地號等33筆土地都市更新權利變換計畫案	臺北市大同區雙連段三小段1、2、3、4、5、6、7、7-1、8、9、10、11、12、13、14、14-1、15、16、17、18、19、19-1、22-1、23、23-1、23-2、24、24-1、25、25-2、28、29、29-1地號等33筆土地	雙連段三小段	1	1|2|3|4|5|6|7|7-1|8|9|10|11|12|13|14|14-1|15|16|17|18|19|19-1|22-1|23|23-1|23-2|24|24-1|25|25-2|28|29|29-1		33				變更(第二次)	2	權利變換	士林開發股份有限公司	冠霖不動產顧問股份有限公司			大同區-雙連段三小段-1地號等33筆	false	203
601	2020-12-31	109/12/31	大同區	大同區	變更臺北市大同區雙連段三小段1地號等33筆土地都市更新事業計畫及權利變換計畫案	變更臺北市大同區雙連段三小段1地號等33筆土地都市更新事業計畫及權利變換計畫案	臺北市大同區雙連段三小段1、2、3、4、5、6、7、7-1、8、9、10、11、12、13、14、14-1、15、16、17、18、19、19-1、22-1、23、23-1、23-2、24、24-1、25、25-2、28、29、29-1地號等33筆土地	雙連段三小段	1	1|2|3|4|5|6|7|7-1|8|9|10|11|12|13|14|14-1|15|16|17|18|19|19-1|22-1|23|23-1|23-2|24|24-1|25|25-2|28|29|29-1		33				變更	1	事業計畫、權利變換	士林開發股份有限公司	力冠丰都市規劃有限公司			大同區-雙連段三小段-1地號等33筆	false	203
669	2020-06-09	109/6/9	大同區	大同區	擬訂臺北市大同區雙連段三小段1地號等33筆土地都市更新事業計畫及權利變換計畫案	擬訂臺北市大同區雙連段三小段1地號等33筆土地都市更新事業計畫及權利變換計畫案	臺北市大同區雙連段三小段1、2、3、4、5、6、7、7-1、8、9、10、11、12、13、14、14-1、15、16、17、18、19、19-1、22-1、23、23-1、23-2、24、24-1、25、25-2、28、29、29-1地號等33筆土地	雙連段三小段	1	1|2|3|4|5|6|7|7-1|8|9|10|11|12|13|14|14-1|15|16|17|18|19|19-1|22-1|23|23-1|23-2|24|24-1|25|25-2|28|29|29-1		33				擬訂	0	事業計畫、權利變換	欣偉傑建設股份有限公司	力冠丰都市規劃有限公司			大同區-雙連段三小段-1地號等33筆	false	203
320	2023-06-13	112/6/13	大同區	大同區	變更(第二次)臺北市大同區雙連段三小段356地號等44筆土地更新權利變換計畫案	變更(第二次)臺北市大同區雙連段三小段356地號等44筆土地更新權利變換計畫案	臺北市大同區雙連段三小段356、357、358、358-1、358-2、358-3、358-4、358-5、358-6、358-7、359、360、360-1、360-2、361-1、361-2、361-3、365-1、365-2、365-3、365-4、365-5、365-6、365-7、365-8、365-9、365-10、365-11、365-12、365-13、365-14、365-15、365-16、365-17、365-18、365-19、365-20、365-21、365-22、365-77、365-78、365-79、365-80、365-82地號等44筆土地	雙連段三小段	356	356|357|358|358-1|358-2|358-3|358-4|358-5|358-6|358-7|359|360|360-1|360-2|361-1|361-2|361-3|365-1|365-2|365-3|365-4|365-5|365-6|365-7|365-8|365-9|365-10|365-11|365-12|365-13|365-14|365-15|365-16|365-17|365-18|365-19|365-20|365-21|365-22|365-77|365-78|365-79|365-80|365-82		44				變更(第二次)	2	權利變換	鴻亞建設股份有限公司	里美都市開發股份有限公司			大同區-雙連段三小段-356地號等44筆	true	320
413	2022-09-27	111/9/27	大同區	大同區	變更臺北市大同區雙連段三小段356地號等44筆土地更新權利變換計畫案	變更臺北市大同區雙連段三小段356地號等44筆土地更新權利變換計畫案	臺北市大同區雙連段三小段356、357、358、358-1、358-2、358-3、358-4、358-5、358-6、358-7、359、360、360-1、360-2、361-1、361-2、361-3、365-1、365-2、365-3、365-4、365-5、365-6、365-7、365-8、365-9、365-10、365-11、365-12、365-13、365-14、365-15、365-16、365-17、365-18、365-19、365-20、365-21、365-22、365-77、365-78、365-79、365-80、365-82地號等44筆土地	雙連段三小段	356	356|357|358|358-1|358-2|358-3|358-4|358-5|358-6|358-7|359|360|360-1|360-2|361-1|361-2|361-3|365-1|365-2|365-3|365-4|365-5|365-6|365-7|365-8|365-9|365-10|365-11|365-12|365-13|365-14|365-15|365-16|365-17|365-18|365-19|365-20|365-21|365-22|365-77|365-78|365-79|365-80|365-82		44				變更	1	權利變換	鴻亞建設股份有限公司	里美都市開發股份有限公司			大同區-雙連段三小段-356地號等44筆	false	320
893	2018-05-24	107/5/24	大同區	大同區	擬訂臺北市大同區雙連段三小段356地號等44筆土地更新事業計畫及權利變換計畫案	擬訂臺北市大同區雙連段三小段356地號等44筆土地更新事業計畫及權利變換計畫案	臺北市大同區雙連段三小段356、357、358、358-1、358-2、358-3、358-4、358-5、358-6、358-7、359、360、360-1、360-2、361-1、361-2、361-3、365-1、365-2、365-3、365-4、365-5、365-6、365-7、365-8、365-9、365-10、365-11、365-12、365-13、365-14、365-15、365-16、365-17、365-18、365-19、365-20、365-21、365-22、365-77、365-78、365-79、365-80、365-82地號等44筆土地	雙連段三小段	356	356|357|358|358-1|358-2|358-3|358-4|358-5|358-6|358-7|359|360|360-1|360-2|361-1|361-2|361-3|365-1|365-2|365-3|365-4|365-5|365-6|365-7|365-8|365-9|365-10|365-11|365-12|365-13|365-14|365-15|365-16|365-17|365-18|365-19|365-20|365-21|365-22|365-77|365-78|365-79|365-80|365-82		44				擬訂	0	事業計畫、權利變換	鴻亞建設股份有限公司	里美都市開發股份有限公司			大同區-雙連段三小段-356地號等44筆	false	320
701	2020-02-20	109/2/20	大同區	大同區	擬訂臺北市大同區雙連段三小段689地號(原726地號)等40筆(原35筆)土地都市更新事業計畫案	擬訂臺北市大同區雙連段三小段689地號(原726地號)等40筆(原35筆)土地都市更新事業計畫案	臺北市大同區雙連段三小段689、690、691、692、693、697、698、726、727、728、729、730、731、732、733、734、735、736、737、738、739、739-1、739-2、739-3、739-4、739-5、739-6、739-8、739-9、740、740-1、740-2、740-3、740-4、740-5、741、742、743、744、744-1地號等40筆土地	雙連段三小段	689	689|690|691|692|693|697|698|726|727|728|729|730|731|732|733|734|735|736|737|738|739|739-1|739-2|739-3|739-4|739-5|739-6|739-8|739-9|740|740-1|740-2|740-3|740-4|740-5|741|742|743|744|744-1		40	35			擬訂	0	事業計畫	聖得福建設開發股份有限公司	財團法人都市更新研究發展基金會			大同區-雙連段三小段-689地號等40筆	true	701
392	2022-11-23	111/11/23	大同區	大同區	擬訂臺北市大同區雙連段三小段98地號等25筆(原23筆)土地都市更新事業計畫及權利變換計畫案	擬訂臺北市大同區雙連段三小段98地號等25筆(原23筆)土地都市更新事業計畫及權利變換計畫案	臺北市大同區雙連段三小段98、98-1、99、100、101、102、103、104、105、106、107、107-5、107-6、107-1、107-2、107-3、109、110、111、112、113、114、115、118、169-1地號等25筆土地	雙連段三小段	98	98|98-1|99|100|101|102|103|104|105|106|107|107-5|107-6|107-1|107-2|107-3|109|110|111|112|113|114|115|118|169-1		25	23			擬訂	0	事業計畫、權利變換	廣宇建設實業股份有限公司	園皓都市規劃有限公司			大同區-雙連段三小段-98地號等25筆	true	392
1264	2011-01-26	100/1/26	大同區	大同區	變更臺北市大同區雙連段二小段190地號等58筆土地都市更新事業計畫及權利變換計畫案	變更臺北市大同區雙連段二小段190地號等58筆土地都市更新事業計畫及權利變換計畫案	臺北市大同區雙連段二小段148-2、151、152、153、154、155、156、157、158、159、160、161、162、163、164、165、166、167、168、169、169-1、170、171、172、173、174、174-3、175、175-1、176、176-1、177、177-1、178、178-1、179、179-4、180、181、182、183、184、185、186、187、188、189、190、191、192、193、194、195、196、197、198、199、200、200-2地號等58筆土地	雙連段二小段	190	148-2|151|152|153|154|155|156|157|158|159|160|161|162|163|164|165|166|167|168|169|169-1|170|171|172|173|174|174-3|175|175-1|176|176-1|177|177-1|178|178-1|179|179-4|180|181|182|183|184|185|186|187|188|189|190|191|192|193|194|195|196|197|198|199|200|200-2		58				變更	1	事業計畫、權利變換	廣宇建設實業股份有限公司	丹棠開發股份有限公司			大同區-雙連段二小段-190地號等58筆	true	1264
1347	2008-03-17	97/3/17	大同區	大同區	擬訂臺北市大同區雙連段二小段190地號等58筆土地都市更新事業計畫及權利變換計畫案	擬訂臺北市大同區雙連段二小段190地號等58筆土地都市更新事業計畫及權利變換計畫案	臺北市大同區雙連段二小段148-2、151、152、153、154、155、156、157、158、159、160、161、162、163、164、165、166、167、168、169、169-1、170、171、172、173、174、174-3、175、175-1、176、176-1、177、177-1、178、178-1、179、179-4、180、181、182、183、184、185、186、187、188、189、190、191、192、193、194、195、196、197、198、199、200、200-2地號等58筆土地	雙連段二小段	190	148-2|151|152|153|154|155|156|157|158|159|160|161|162|163|164|165|166|167|168|169|169-1|170|171|172|173|174|174-3|175|175-1|176|176-1|177|177-1|178|178-1|179|179-4|180|181|182|183|184|185|186|187|188|189|190|191|192|193|194|195|196|197|198|199|200|200-2		58				擬訂	0	事業計畫、權利變換	廣宇建設實業股份有限公司	丹棠開發股份有限公司			大同區-雙連段二小段-190地號等58筆	false	1264
712	2020-01-15	109/1/15	大同區		變更臺北市大同區雙連段二小段203-1地號等98筆土地都市更新事業計畫案	變更臺北市大同區雙連段二小段203-1地號等98筆土地都市更新事業計畫案	7、233-8、233-9、233-10、233-11、233-12、233-13、233-14、233-15、233-16、233-17、233-18、233-19、233-21、233-22、233-23、234、235、236、237、238、239、240、241、242、243、244、245、246、247、248、249、250、251、252、253、254、255、256、257、258、259、260、261、261-1、261-2、261-3、261-4、261-5、261-6、261-7、261-8、261-9、261-10、261-11、261-12、261-13、261-14、261-15、261-16、261-17、261-18、261-19、261-20、261-21、261-22、261-23、261-24、261-25、261-26、261-27、261-28、261-29、	雙連段二小段	203-1	7|233-8|233-9|233-10|233-11|233-12|233-13|233-14|233-15|233-16|233-17|233-18|233-19|233-21|233-22|233-23|234|235|236|237|238|239|240|241|242|243|244|245|246|247|248|249|250|251|252|253|254|255|256|257|258|259|260|261|261-1|261-2|261-3|261-4|261-5|261-6|261-7|261-8|261-9|261-10|261-11|261-12|261-13|261-14|261-15|261-16|261-17|261-18|261-19|261-20|261-21|261-22|261-23|261-24|261-25|261-26|261-27|261-28|261-29		98				變更	1	事業計畫	大業欣建設股份有限公司	圓皓都市規劃有限公司		地號無法解析(缺少段小段)	大同區-雙連段二小段-203-1地號等98筆	true	712
918	2018-02-08	107/2/8	大同區		擬訂臺北市大同區雙連段二小段203-1地號等98筆土地都市更新事業計畫案	擬訂臺北市大同區雙連段二小段203-1地號等98筆土地都市更新事業計畫案	7、233-8、233-9、233-10、233-11、233-12、233-13、233-14、233-15、233-16、233-17、233-18、233-19、233-21、233-22、233-23、234、235、236、237、238、239、240、241、242、243、244、245、246、247、248、249、250、251、252、253、254、255、256、257、258、259、260、261、261-1、261-2、261-3、261-4、261-5、261-6、261-7、261-8、261-9、261-10、261-11、261-12、261-13、261-14、261-15、261-16、261-17、261-18、261-19、261-20、261-21、261-	雙連段二小段	203-1	7|233-8|233-9|233-10|233-11|233-12|233-13|233-14|233-15|233-16|233-17|233-18|233-19|233-21|233-22|233-23|234|235|236|237|238|239|240|241|242|243|244|245|246|247|248|249|250|251|252|253|254|255|256|257|258|259|260|261|261-1|261-2|261-3|261-4|261-5|261-6|261-7|261-8|261-9|261-10|261-11|261-12|261-13|261-14|261-15|261-16|261-17|261-18|261-19|261-20|261-21		98				擬訂	0	事業計畫	大業欣建設股份有限公司	圓皓都市規劃有限公司		地號無法解析(缺少段小段)	大同區-雙連段二小段-203-1地號等98筆	false	712
19	2026-06-24	115/6/24	大同區	大同區	擬訂臺北市大同區雙連段二小段208地號等55筆(原54筆)土地都市更新權利變換計畫案	擬訂臺北市大同區雙連段二小段208地號等55筆(原54筆)土地都市更新權利變換計畫案	臺北市大同區雙連段二小段203、203-5、203-10、207-1、208、209、210、211、212、213、214、215、216、217、218、219、219-2、220、220-1、221、221-1、221-2、222、222-1、223、223-1、224、225、225-1、226、226-1、227、228、229、230、231、232、232-2、233-2、233-20、301、301-2、302、303、304、305、306、307、308、309、310、312、313、374-2、374-3地號等55筆土地	雙連段二小段	208	203|203-5|203-10|207-1|208|209|210|211|212|213|214|215|216|217|218|219|219-2|220|220-1|221|221-1|221-2|222|222-1|223|223-1|224|225|225-1|226|226-1|227|228|229|230|231|232|232-2|233-2|233-20|301|301-2|302|303|304|305|306|307|308|309|310|312|313|374-2|374-3		55	54			擬訂	0	權利變換	洪圓建設股份有限公司	弘傑開發事業股份有限公司			大同區-雙連段二小段-208地號等55筆	true	19
1102	2015-05-28	104/5/28	大同區	大同區	擬訂臺北市大同區雙連段二小段208地號等55筆(原54筆)土地都市更新事業概要案	擬訂臺北市大同區雙連段二小段208地號等55筆(原54筆)土地都市更新事業概要案	臺北市大同區雙連段二小段203、203-5、203-10、207-1、208、209、210、211、212、213、214、215、216、217、218、219、219-2、220、220-1、221、221-1、221-2、222、222-1、223、223-1、224、225、225-1、226、226-1、227、228、229、230、231、232、232-2、233-2、233-20、301、301-2、302、303、304、305、306、307、308、309、310、312、313、374-2、374-3地號等55筆土地	雙連段二小段	208	203|203-5|203-10|207-1|208|209|210|211|212|213|214|215|216|217|218|219|219-2|220|220-1|221|221-1|221-2|222|222-1|223|223-1|224|225|225-1|226|226-1|227|228|229|230|231|232|232-2|233-2|233-20|301|301-2|302|303|304|305|306|307|308|309|310|312|313|374-2|374-3		55	54			擬訂	0	事業概要	洪圓建設股份有限公司	奇模工程有限公司			大同區-雙連段二小段-208地號等55筆	false	19
213	2024-05-29	113/5/29	大同區	大同區	變更臺北市大同區雙連段二小段517地號等31筆(原30筆)土地更新事業計畫及擬訂權利變換計畫案	變更臺北市大同區雙連段二小段517地號等31筆(原30筆)土地更新事業計畫及擬訂權利變換計畫案	臺北市大同區雙連段二小段517、518-1、518-3、518-4、518-48、518-49、518-50、518-51、518-52、518-53、518-54、518-55、518-56、518-57、518-58、518-61、518-63、518-64、518-65、518-66、518-67、518-68、518-69、518-70、518-71、518-72、518-73、518-74、518-75、518-76、518-77地號等31筆土地	雙連段二小段	517	517|518-1|518-3|518-4|518-48|518-49|518-50|518-51|518-52|518-53|518-54|518-55|518-56|518-57|518-58|518-61|518-63|518-64|518-65|518-66|518-67|518-68|518-69|518-70|518-71|518-72|518-73|518-74|518-75|518-76|518-77		31	30			變更	1	事業計畫、權利變換	尚志資產開發股份有限公司	協和都市更新股份有限公司			大同區-雙連段二小段-517地號等31筆	true	213
790	2019-05-21	108/5/21	大同區	大同區	擬訂臺北市大同區雙連段二小段517地號等31筆(原30筆)土地更新事業計畫案	擬訂臺北市大同區雙連段二小段517地號等31筆(原30筆)土地更新事業計畫案	臺北市大同區雙連段二小段517、518-1、518-3、518-4、518-48、518-49、518-50、518-51、518-52、518-53、518-54、518-55、518-56、518-57、518-58、518-61、518-63、518-64、518-65、518-66、518-67、518-68、518-69、518-70、518-71、518-72、518-73、518-74、518-75、518-76、518-77地號等31筆土地	雙連段二小段	517	517|518-1|518-3|518-4|518-48|518-49|518-50|518-51|518-52|518-53|518-54|518-55|518-56|518-57|518-58|518-61|518-63|518-64|518-65|518-66|518-67|518-68|518-69|518-70|518-71|518-72|518-73|518-74|518-75|518-76|518-77		31	30			擬訂	0	事業計畫	尚志資產開發股份有限公司	台北再開發規劃股份有限公司			大同區-雙連段二小段-517地號等31筆	false	213
133	2025-03-12	114/3/12	大同區	大同區	擬訂臺北市大同區雙連段二小段518-2地號等69筆(原67筆)土地都市更新事業計畫案	擬訂臺北市大同區雙連段二小段518-2地號等69筆(原67筆)土地都市更新事業計畫案	臺北市大同區雙連段二小段518-2、518-5、518-6、518-7、518-8、518-9、518-10、518-11、518-12、518-13、518-14、518-15、518-16、518-17、518-18、518-19、518-20、518-21、518-22、518-23、518-24、518-25、518-26、518-27、518-28、518-29、518-30、518-31、518-32、518-33、518-34、518-35、518-36、518-37、518-38、518-39、518-40、518-41、518-42、518-43、518-44、518-45、518-46、518-47、518-59、518-60、528-1、528-3、528-4、528-5、528-6、528-7、528-8、546、546-1、547、547-1、548、549、550、551、552、553、554、555、556、557、518-80、518-81地號等69筆土地	雙連段二小段	518-2	518-2|518-5|518-6|518-7|518-8|518-9|518-10|518-11|518-12|518-13|518-14|518-15|518-16|518-17|518-18|518-19|518-20|518-21|518-22|518-23|518-24|518-25|518-26|518-27|518-28|518-29|518-30|518-31|518-32|518-33|518-34|518-35|518-36|518-37|518-38|518-39|518-40|518-41|518-42|518-43|518-44|518-45|518-46|518-47|518-59|518-60|528-1|528-3|528-4|528-5|528-6|528-7|528-8|546|546-1|547|547-1|548|549|550|551|552|553|554|555|556|557|518-80|518-81		69	67			擬訂	0	事業計畫	毅聯建設股份有限公司	力冠丰都市規劃有限公司			大同區-雙連段二小段-518-2地號等69筆	true	133
26	2026-05-28	115/5/28	大安區	大安區	擬訂臺北市大安區仁愛段一小段793地號等10筆土地都市更新事業計畫及權利變換計畫案	擬訂臺北市大安區仁愛段一小段793地號等10筆土地都市更新事業計畫及權利變換計畫案	臺北市大安區仁愛段一小段793、794、795、797-1、801、802、803、807、808、816-1地號等10筆土地	仁愛段一小段	793	793|794|795|797-1|801|802|803|807|808|816-1		10				擬訂	0	事業計畫、權利變換	億軒開發股份有限公司	園皓都市規劃股份有限公司			大安區-仁愛段一小段-793地號等10筆	true	26
457	2022-05-04	111/5/4	大安區	大安區	擬訂臺北市大安區仁愛段一小段85地號等5筆土地事業概要案	擬訂臺北市大安區仁愛段一小段85地號等5筆土地事業概要案	臺北市大安區仁愛段一小段85、86、87、88、93地號等5筆土地	仁愛段一小段	85	85|86|87|88|93		5				擬訂	0	事業概要	劉復中	永旭都市更新股份有限公司			大安區-仁愛段一小段-85地號等5筆	true	457
196	2024-08-08	113/8/8	大安區	大安區	擬訂臺北市大安區仁愛段一小段92地號等11筆土地都市更新事業計畫及權利變換計畫案	擬訂臺北市大安區仁愛段一小段92地號等11筆土地都市更新事業計畫及權利變換計畫案	臺北市大安區仁愛段一小段92、96、97、98、99、101、102、103、104、106、107地號等11筆土地	仁愛段一小段	92	92|96|97|98|99|101|102|103|104|106|107		11				擬訂	0	事業計畫、權利變換	德運建設股份有限公司	弘傑不動產事業股份有限公司			大安區-仁愛段一小段-92地號等11筆	true	196
1338	2008-08-07	97/8/7	大安區	大安區	變更臺北市大安區仁愛段二小段679、679-1、680地號等3筆土地(原勝利大廈基地)都市更新事業計畫及權利變換計畫案	變更臺北市大安區仁愛段二小段679、679-1、680地號等3筆土地(原勝利大廈基地)都市更新事業計畫及權利變換計畫案	臺北市大安區仁愛段二小段679、679-1、680地號等3筆土地	仁愛段二小段	679	679|679-1|680		3		原勝利大廈基地		變更	1	事業計畫、權利變換	元大建設企業股份有限公司	財團法人都市更新研究發展基金會			大安區-仁愛段二小段-679地號等3筆	true	1338
1383	2006-08-24	95/8/24	大安區	大安區	擬訂臺北市大安區仁愛段二小段679、679-1、680地號等3筆土地(原勝利大廈基地)都市更新事業計畫及權利變換計畫案	擬訂臺北市大安區仁愛段二小段679、679-1、680地號等3筆土地(原勝利大廈基地)都市更新事業計畫及權利變換計畫案	臺北市大安區仁愛段二小段679、679-1、680地號等3筆土地	仁愛段二小段	679	679|679-1|680		3		原勝利大廈基地		擬訂	0	事業計畫、權利變換	元大建設開發股份有限公司	財團法人都市更新研究發展基金會			大安區-仁愛段二小段-679地號等3筆	false	1338
609	2020-11-25	109/11/25	大安區	大安區	擬訂臺北市大安區仁愛段二小段687地號等2筆(原1筆)土地都市更新事業計畫案	擬訂臺北市大安區仁愛段二小段687地號等2筆(原1筆)土地都市更新事業計畫案	臺北市大安區仁愛段二小段687、687-3地號等2筆土地	仁愛段二小段	687	687|687-3		2	1			擬訂	0	事業計畫	寶豐隆興業股份有限公司	丹棠開發股份有限公司			大安區-仁愛段二小段-687地號等2筆	true	609
71	2025-11-12	114/11/12	大安區	大安區	變更臺北市大安區仁愛段五小段480地號等2筆(原1筆)土地都市更新事業計畫及權利變換計畫案	變更臺北市大安區仁愛段五小段480地號等2筆(原1筆)土地都市更新事業計畫及權利變換計畫案	臺北市大安區仁愛段五小段480、480-2地號等2筆土地	仁愛段五小段	480	480|480-2		2	1			變更	1	事業計畫、權利變換	合作金庫資產管理股份有限公司	弘傑不動產事業股份有限公司			大安區-仁愛段五小段-480地號等2筆	true	71
312	2023-07-12	112/7/12	大安區	大安區	擬訂臺北市大安區仁愛段五小段480地號等2筆(原1筆)土地都市更新事業計畫及權利變換計畫案	擬訂臺北市大安區仁愛段五小段480地號等2筆(原1筆)土地都市更新事業計畫及權利變換計畫案	臺北市大安區仁愛段五小段480、480-2地號等2筆土地	仁愛段五小段	480	480|480-2		2	1			擬訂	0	事業計畫、權利變換	合作金庫資產管理股份有限公司	弘傑不動產事業股份有限公司			大安區-仁愛段五小段-480地號等2筆	false	71
689	2020-04-15	109/4/15	大安區	大安區	擬訂臺北市大安區仁愛段五小段480地號等2筆(原1筆)土地事業概要案	擬訂臺北市大安區仁愛段五小段480地號等2筆(原1筆)土地事業概要案	臺北市大安區仁愛段五小段480、480-2地號等2筆土地	仁愛段五小段	480	480|480-2		2	1			擬訂	0	事業概要	合作金庫商業銀行股份有限公司	弘傑不動產事業股份有限公司			大安區-仁愛段五小段-480地號等2筆	false	71
647	2020-08-13	109/8/13	大安區	大安區	變更臺北市大安區仁愛段六小段139-4地號等5筆土地都市更新權利變換計畫案	變更臺北市大安區仁愛段六小段139-4地號等5筆土地都市更新權利變換計畫案	臺北市大安區仁愛段六小段139-4、154、155、156、157地號等5筆土地	仁愛段六小段	139-4	139-4|154|155|156|157		5				變更	1	權利變換	德悅建設股份有限公司	力冠丰都市規劃有限公司			大安區-仁愛段六小段-139-4地號等5筆	true	647
1004	2017-02-14	106/2/14	大安區	大安區	擬訂臺北市大安區仁愛段六小段139-4地號等5筆土地都市更新事業計畫及權利變換計畫案	擬訂臺北市大安區仁愛段六小段139-4地號等5筆土地都市更新事業計畫及權利變換計畫案	574、574-1、575-1、576、577、578、579-2、762地號等77筆土地臺北市大安區仁愛段六小段139-4、154、155、156、157地號等5筆土地	仁愛段六小段	139-4	139-4|154|155|156|157		5				擬訂	0	事業計畫、權利變換	德悅建設股份有限公司	力冠丰都市規劃有限公司			大安區-仁愛段六小段-139-4地號等5筆	false	647
127	2025-03-31	114/3/31	大安區	大安區	變更(第二次)臺北市大安區仁愛段六小段244地號等10筆土地都市更新權利變換計畫案	變更(第二次)臺北市大安區仁愛段六小段244地號等10筆土地都市更新權利變換計畫案	臺北市大安區仁愛段六小段244、244-1、263-4、263-5、516、516-1、519、520、520-1、521地號等10筆土地	仁愛段六小段	244	244|244-1|263-4|263-5|516|516-1|519|520|520-1|521		10				變更(第二次)	2	權利變換	富邦建設股份有限公司	台北再開發規劃股份有限公司			大安區-仁愛段六小段-244地號等10筆	true	127
657	2020-07-15	109/7/15	大安區	大安區	變更臺北市大安區仁愛段六小段244地號等10筆土地都市更新權利變換計畫案	變更臺北市大安區仁愛段六小段244地號等10筆土地都市更新權利變換計畫案	臺北市大安區仁愛段六小段244、244-1、263-4、263-5、516、516-1、519、520、520-1、521地號等10筆土地	仁愛段六小段	244	244|244-1|263-4|263-5|516|516-1|519|520|520-1|521		10				變更	1	權利變換	富邦建設股份有限公司	台北再開發規劃股份有限公司			大安區-仁愛段六小段-244地號等10筆	false	127
680	2020-05-07	109/5/7	大安區	大安區	擬訂臺北市大安區仁愛段六小段244地號等10筆土地都市更新事業計童及權利變換計畫案	擬訂臺北市大安區仁愛段六小段244地號等10筆土地都市更新事業計童及權利變換計畫案	臺北市大安區仁愛段六小段244、244-1、263-4、263-5、516、516-1、519、520、520-1、521地號等10筆土地	仁愛段六小段	244	244|244-1|263-4|263-5|516|516-1|519|520|520-1|521		10				擬訂	0	權利變換	富邦建設股份有限公司	台北再開發規劃股份有限公司			大安區-仁愛段六小段-244地號等10筆	false	127
1125	2014-04-25	103/4/25	大安區	大安區	變更臺北市大安區仁愛段六小段245-2地號等14筆土地都市更新事業計畫案	變更臺北市大安區仁愛段六小段245-2地號等14筆土地都市更新事業計畫案	臺北市大安區仁愛段六小段245-2、245-5、246-2、246-5、252-1、252-3、253、253-4、257、258、259、260、261、262地號等14筆土地	仁愛段六小段	245-2	245-2|245-5|246-2|246-5|252-1|252-3|253|253-4|257|258|259|260|261|262		14				變更	1	事業計畫	富邦建設股份有限公司	台北再開發規劃股份有限公司			大安區-仁愛段六小段-245-2地號等14筆	true	1125
1256	2011-03-28	100/3/28	大安區	大安區	擬訂臺北市大安區仁愛段六小段245-2地號等14筆土地都市更新事業計畫案	擬訂臺北市大安區仁愛段六小段245-2地號等14筆土地都市更新事業計畫案	臺北市大安區仁愛段六小段245-2、245-5、246-2、246-5、252-1、252-3、253、253-4、257、258、259、260、261、262地號等14筆土地	仁愛段六小段	245-2	245-2|245-5|246-2|246-5|252-1|252-3|253|253-4|257|258|259|260|261|262		14				擬訂	0	事業計畫	富邦建設股份有限公司	台北再開發規劃股份有限公司			大安區-仁愛段六小段-245-2地號等14筆	false	1125
78	2025-10-23	114/10/23	大安區	大安區	變更臺北市大安區仁愛段六小段418-1地號等5筆土地都市更新權利變換計畫案	變更臺北市大安區仁愛段六小段418-1地號等5筆土地都市更新權利變換計畫案	臺北市大安區仁愛段六小段418-1、418-2、419、420、421地號等5筆土地	仁愛段六小段	418-1	418-1|418-2|419|420|421		5				變更	1	權利變換	大陸建設股份有限公司	力冠丰都市規劃有限公司			大安區-仁愛段六小段-418-1地號等5筆	true	78
628	2020-09-16	109/9/16	大安區	大安區	擬訂臺北市大安區仁愛段六小段418-1地號等5筆土地都市更新事業計畫及權利變換計畫案	擬訂臺北市大安區仁愛段六小段418-1地號等5筆土地都市更新事業計畫及權利變換計畫案	臺北市大安區仁愛段六小段418-1、418-2、419、420、421地號等5筆土地	仁愛段六小段	418-1	418-1|418-2|419|420|421		5				擬訂	0	事業計畫、權利變換	大陸建設股份有限公司	力冠丰都市規劃有限公司			大安區-仁愛段六小段-418-1地號等5筆	false	78
1345	2008-05-20	97/5/20	大安區	大安區	變更(第二次)臺北市大安區仁愛段四小段114地號等2筆土地都市更新事業計畫案	變更(第二次)臺北市大安區仁愛段四小段114地號等2筆土地都市更新事業計畫案	等48筆土地臺北市大安區仁愛段四小段114、115、115-1、122、123、124地號等6筆土地臺北市大同區玉泉段一小段11、19、20、21、30、31、32、33	仁愛段四小段	114	114|115|115-1|122|123|124		2				變更(第二次)	2	事業計畫	昇陽建設企業股份有限公司	陳麗珍建築事務所			大安區-仁愛段四小段-114地號等2筆	true	1345
1393	2005-10-25	94/10/25	大安區	大安區	變更臺北市大安區仁愛段四小段114地號等6筆土地都市更新事業計畫案	變更臺北市大安區仁愛段四小段114地號等6筆土地都市更新事業計畫案	臺北市大安區仁愛段四小段114、115、115-1、122、123、124地號等6筆土地	仁愛段四小段	114	114|115|115-1|122|123|124		6				變更	1	事業計畫	昇陽建設企業股份有限公司	陳麗珍建築事務所			大安區-仁愛段四小段-114地號等2筆	false	1345
1419	2000-09-29	89/9/29	大安區	大安區	擬訂臺北市大安區仁愛段四小段114地號等6筆土地都市更新事業計畫案	擬訂臺北市大安區仁愛段四小段114地號等6筆土地都市更新事業計畫案	臺北市大安區仁愛段四小段114、115、115-1、122、123、124地號等6筆土地	仁愛段四小段	114	114|115|115-1|122|123|124		6				擬訂	0	事業計畫	三興建設股份有限公司	黃秀莊建築師事務所			大安區-仁愛段四小段-114地號等2筆	false	1345
1418	2002-03-21	91/3/21	大安區	大安區	擬訂臺北市大安區仁愛段四小段54地號等3筆土地都市更新事業計畫案	擬訂臺北市大安區仁愛段四小段54地號等3筆土地都市更新事業計畫案	臺北市大安區仁愛段四小段54、55、55-1地號等3筆土地	仁愛段四小段	54	54|55|55-1		3				擬訂	0	事業計畫	台新國際商業銀行股份有限公司	沈祖海聯合建築師事務所			大安區-仁愛段四小段-54地號等3筆	true	1418
986	2017-04-27	106/4/27	大安區	大安區	變更臺北市大安區大安段一小段184地號等11筆土地都市更新權利變換計畫案	變更臺北市大安區大安段一小段184地號等11筆土地都市更新權利變換計畫案	臺北市大安區大安段一小段184、186、187、188、189、190、191、192、193、196、201地號等11筆土地	大安段一小段	184	184|186|187|188|189|190|191|192|193|196|201		11				變更	1	權利變換	忠泰鳳磐建設股份有限公司	李天鐸建築師事務所陳肇勳建築師事務所			大安區-大安段一小段-184地號等11筆	true	986
1103	2015-05-05	104/5/5	大安區	大安區	擬訂臺北市大安區大安段一小段184地號等11筆土地都市更新事業計畫及權利變換計畫案	擬訂臺北市大安區大安段一小段184地號等11筆土地都市更新事業計畫及權利變換計畫案	臺北市大安區大安段一小段184、186、187、188、189、190、191、192、193、196、201地號等11筆土地	大安段一小段	184	184|186|187|188|189|190|191|192|193|196|201		11				擬訂	0	事業計畫、權利變換	鳳磐建設股份有限公司	鳳磐建設股份有限公司			大安區-大安段一小段-184地號等11筆	false	986
730	2019-12-17	108/12/17	大安區	大安區	擬訂臺北市大安區大安段一小段19地號等2筆土地都市更新事業計畫案	擬訂臺北市大安區大安段一小段19地號等2筆土地都市更新事業計畫案	臺北市大安區大安段一小段19、19-1地號等2筆土地	大安段一小段	19	19|19-1		2				擬訂	0	事業計畫	百世多麗投資開發股份有限公司	財團法人都市更新研究發展基金會			大安區-大安段一小段-19地號等2筆	true	730
162	2025-01-09	114/1/9	大安區	大安區	擬訂臺北市大安區大安段一小段267地號等22筆土地都市更新權利變換計畫案	擬訂臺北市大安區大安段一小段267地號等22筆土地都市更新權利變換計畫案	臺北市大安區大安段一小段267、268、269、270、313、313-1、313-2、313-3、314、317、318、321、322、325、326、329、330、331、334、335、338、339-1地號等22筆土地	大安段一小段	267	267|268|269|270|313|313-1|313-2|313-3|314|317|318|321|322|325|326|329|330|331|334|335|338|339-1		22				擬訂	0	權利變換	富邦建設股份有限公司	力冠丰都市規劃有限公司			大安區-大安段一小段-267地號等22筆	true	162
365	2023-02-02	112/2/2	大安區	大安區	擬訂臺北市大安區大安段一小段267地號等22筆土地都市更新事業計畫案	擬訂臺北市大安區大安段一小段267地號等22筆土地都市更新事業計畫案	臺北市大安區大安段一小段267、268、269、270、313、313-1、313-2、313-3、314、317、318、321、322、325、326、329、330、331、334、335、338、339-1地號等22筆土地	大安段一小段	267	267|268|269|270|313|313-1|313-2|313-3|314|317|318|321|322|325|326|329|330|331|334|335|338|339-1		22				擬訂	0	事業計畫	富邦建設股份有限公司	力冠丰都市規劃有限公司			大安區-大安段一小段-267地號等22筆	false	162
508	2021-12-09	110/12/9	大安區	大安區	變更(第二次)臺北市大安區大安段一小段421地號等16筆土地都市更新權利變換計畫案	變更(第二次)臺北市大安區大安段一小段421地號等16筆土地都市更新權利變換計畫案	臺北市大安區大安段一小段421、422、425、426、427、433、433-7、433-12、445-1、446、449、451、453、457、460、463地號等16筆土地	大安段一小段	421	421|422|425|426|427|433|433-7|433-12|445-1|446|449|451|453|457|460|463		16				變更(第二次)	2	權利變換	吉美建設事業股份有限公司	圓皓都市規劃有限公司			大安區-大安段一小段-421地號等16筆	true	508
540	2021-08-17	110/8/17	大安區	大安區	變更臺北市大安區大安段一小段421地號等16筆土地都市更新事業計畫及權利變換計畫案	變更臺北市大安區大安段一小段421地號等16筆土地都市更新事業計畫及權利變換計畫案	臺北市大安區大安段一小段421、422、425、426、427、433、433-7、433-12、445-1、446、449、451、453、457、460、463地號等16筆土地	大安段一小段	421	421|422|425|426|427|433|433-7|433-12|445-1|446|449|451|453|457|460|463		16				變更	1	事業計畫、權利變換	吉美建設事業股份有限公司	圓皓都市規劃有限公司			大安區-大安段一小段-421地號等16筆	false	508
985	2017-04-27	106/4/27	大安區	大安區	擬訂臺北市大安區大安段一小段421地號等16筆土地都市更新事業計畫及權利變換計畫案	擬訂臺北市大安區大安段一小段421地號等16筆土地都市更新事業計畫及權利變換計畫案	臺北市大安區大安段一小段421、422、425、426、427、433、433-7、433-12、445-1、446、449、451、453、457、460、463地號等16筆土地	大安段一小段	421	421|422|425|426|427|433|433-7|433-12|445-1|446|449|451|453|457|460|463		16				擬訂	0	事業計畫、權利變換	吉美建設事業股份有限公司	圓皓都市規劃有限公司			大安區-大安段一小段-421地號等16筆	false	508
1163	2013-10-24	102/10/24	大安區	大安區	擬訂臺北市大安區大安段一小段557地號等16筆土地都市更新事業計畫案	擬訂臺北市大安區大安段一小段557地號等16筆土地都市更新事業計畫案	臺北市大安區大安段一小段557、558、561、562、564、567、568、571、573、575、578、579、582、583、586、587等16筆土地臺北市內湖區康寧段三小段626、627、627-1、628-1、632-1、633	大安段一小段	557	557|558|561|562|564|567|568|571|573|575|578|579|582|583|586|627|627-1|628-1|632-1|633		16				擬訂	0	事業計畫	禾霖建設股份有限公司	逢達不動產開發顧問股份有限公司			大安區-大安段一小段-557地號等16筆	true	1163
66	2025-12-03	114/12/3	大安區	大安區	變更(第三次)臺北市大安區大安段一小段590地號等18筆土地都市更新權利變換計畫案	變更(第三次)臺北市大安區大安段一小段590地號等18筆土地都市更新權利變換計畫案	臺北市大安區大安段一小段590、591、594、595、598、599、602、603、606、607、610、611、614、615、618、619、622、623地號等18筆土地	大安段一小段	590	590|591|594|595|598|599|602|603|606|607|610|611|614|615|618|619|622|623		18				變更(第三次)	3	權利變換	禾霖建設股份有限公司	富達都市更新股份有限公司			大安區-大安段一小段-590地號等18筆	true	66
88	2025-08-27	114/8/27	大安區	大安區	變更(第二次)臺北市大安區大安段一小段590地號等18筆土地都市更新權利變換計畫案	變更(第二次)臺北市大安區大安段一小段590地號等18筆土地都市更新權利變換計畫案	臺北市大安區大安段一小段590、591、594、595、598、599、602、603、606、607、610、611、614、615、618、619、622、623地號等18筆土地	大安段一小段	590	590|591|594|595|598|599|602|603|606|607|610|611|614|615|618|619|622|623		18				變更(第二次)	2	權利變換	禾霖建設股份有限公司	富達都市更新股份有限公司			大安區-大安段一小段-590地號等18筆	false	66
108	2025-05-20	114/5/20	大安區	大安區	變更臺北市大安區大安段一小段590地號等18筆土地都市更新權利變換計畫案	變更臺北市大安區大安段一小段590地號等18筆土地都市更新權利變換計畫案	臺北市大安區大安段一小段590、591、594、595、598、599、602、603、606、607、610、611、614、615、618、619、622、623地號等18筆土地	大安段一小段	590	590|591|594|595|598|599|602|603|606|607|610|611|614|615|618|619|622|623		18				變更	1	權利變換	禾霖建設股份有限公司	富達都市更新股份有限公司			大安區-大安段一小段-590地號等18筆	false	66
366	2023-01-12	112/1/12	大安區	大安區	變更臺北市大安區大安段一小段590地號等18筆土地都市更新事業計畫案	變更臺北市大安區大安段一小段590地號等18筆土地都市更新事業計畫案	臺北市大安區大安段一小段590、591、594、595、598、599、602、603、606、607、610、611、614、615、618、619、622、623地號等18筆土地	大安段一小段	590	590|591|594|595|598|599|602|603|606|607|610|611|614|615|618|619|622|623		18				變更	1	事業計畫	禾霖建設股份有限公司	逢達不動產開發顧問股份有限公司			大安區-大安段一小段-590地號等18筆	false	66
880	2018-07-19	107/7/19	大安區	大安區	擬訂臺北市大安區大安段一小段590地號等18筆土地都市更新權利變換計畫案	擬訂臺北市大安區大安段一小段590地號等18筆土地都市更新權利變換計畫案	臺北市大安區大安段一小段590、591、594、595、598、599、602、603、606、607、610、611、614、615、618、619、622、623地號等18筆土地	大安段一小段	590	590|591|594|595|598|599|602|603|606|607|610|611|614|615|618|619|622|623		18				擬訂	0	權利變換	禾霖建設股份有限公司	逢達不動產開發顧問股份有限公司			大安區-大安段一小段-590地號等18筆	false	66
1239	2011-11-18	100/11/18	大安區	大安區	擬訂臺北市大安區大安段一小段590地號等18筆土地都市更新事業計畫案	擬訂臺北市大安區大安段一小段590地號等18筆土地都市更新事業計畫案	臺北市大安區大安段一小段591、594、595、598、599、602、603、606、607、610、611、614、615、618、619、622、623地號等18筆土地	大安段一小段	590	591|594|595|598|599|602|603|606|607|610|611|614|615|618|619|622|623		18				擬訂	0	事業計畫	禾霖建設股份有限公司	逢達不動產開發顧問股份有限公司			大安區-大安段一小段-590地號等18筆	false	66
96	2025-08-01	114/8/1	大安區	大安區	變更臺北市大安區大安段一小段95-2地號等12筆土地都市更新事業計畫案	變更臺北市大安區大安段一小段95-2地號等12筆土地都市更新事業計畫案	臺北市大安區大安段一小段95-2、97、97-1、98、98-1、99-1、99-2、99-3、99-8、100、100-1、101-1地號等12筆土地	大安段一小段	95-2	95-2|97|97-1|98|98-1|99-1|99-2|99-3|99-8|100|100-1|101-1		12				變更	1	事業計畫	中華郵政股份有限公司	丹棠開發股份有限公司			大安區-大安段一小段-95-2地號等12筆	true	96
740	2019-11-12	108/11/12	大安區	大安區	擬訂臺北市大安區大安段一小段95-2地號等12筆土地都市更新事業計畫案	擬訂臺北市大安區大安段一小段95-2地號等12筆土地都市更新事業計畫案	臺北市大安區大安段一小段95-2、97、97-1、98、98-1、99-1、99-2、99-3、99-8、100、100-1、101-1地號等12筆土地	大安段一小段	95-2	95-2|97|97-1|98|98-1|99-1|99-2|99-3|99-8|100|100-1|101-1		12				擬訂	0	事業計畫	中華郵政股份有限公司	聯創都市更新服務股份有限公司			大安區-大安段一小段-95-2地號等12筆	false	96
271	2023-12-05	112/12/5	大安區	大安區	擬訂臺北市大安區大安段三小段243地號等15筆土地都市更新事業計畫及權利變換計畫案	擬訂臺北市大安區大安段三小段243地號等15筆土地都市更新事業計畫及權利變換計畫案	臺北市大安區大安段三小段243、243-1、245、245-1、250、250-1、250-2、251、251-1、251-2、251-3、251-5、252、252-1、252-2等15筆土地	大安段三小段	243	243|243-1|245|245-1|250|250-1|250-2|251|251-1|251-2|251-3|251-5|252|252-1		15				擬訂	0	事業計畫、權利變換	精誠國際建設企業股份有限公司	拓築不動產顧問股份有限公司			大安區-大安段三小段-243地號等15筆	true	271
368	2023-01-10	112/1/10	大安區	大安區	變更臺北市大安區學府段一小段281地號等19筆土地都市更新事業計畫案	變更臺北市大安區學府段一小段281地號等19筆土地都市更新事業計畫案	臺北市大安區學府段一小段281、281-1、281-2、281-3、281-4、281-5、281-6、281-7、281-8、281-9、281-10、281-11、281-12、281-13、281-14、281-15、281-16、281-17、281-18地號等19筆土地	學府段一小段	281	281|281-1|281-2|281-3|281-4|281-5|281-6|281-7|281-8|281-9|281-10|281-11|281-12|281-13|281-14|281-15|281-16|281-17|281-18		19				變更	1	事業計畫	亞昕國際顧問股份有限公司	基典工程顧問股份有限公司			大安區-學府段一小段-281地號等19筆	true	368
591	2021-02-03	110/2/3	大安區	大安區	擬訂臺北市大安區學府段一小段281地號等19筆土地都市更新事業計畫及權利變換計畫案	擬訂臺北市大安區學府段一小段281地號等19筆土地都市更新事業計畫及權利變換計畫案	臺北市大安區學府段一小段281、281-1、281-2、281-3、281-4、281-5、281-6、281-7、281-8、281-9、281-10、281-11、281-12、281-13、281-14、281-15、281-16、281-17、281-18地號等19筆土地	學府段一小段	281	281|281-1|281-2|281-3|281-4|281-5|281-6|281-7|281-8|281-9|281-10|281-11|281-12|281-13|281-14|281-15|281-16|281-17|281-18		19				擬訂	0	事業計畫、權利變換	亞昕國際顧問股份有限公司	基典工程顧問股份有限公司			大安區-學府段一小段-281地號等19筆	false	368
50	2026-02-24	115/2/24	大安區	大安區	變更臺北市大安區學府段一小段509-1地號等15筆(原26筆)土地都市更新權利變換計畫(含釐正圖冊)案	變更臺北市大安區學府段一小段509-1地號等15筆(原26筆)土地都市更新權利變換計畫(含釐正圖冊)案	臺北市大安區學府段一小段509-1、509-3、509-4、509-5、509-6、509-13、509-14、509-17、509-20、510-1、510-3、510-4、510-5、510-6、510-7地號等15筆土地	學府段一小段	509-1	509-1|509-3|509-4|509-5|509-6|509-13|509-14|509-17|509-20|510-1|510-3|510-4|510-5|510-6|510-7		15	26			變更	1	權利變換	惟瓦地建設股份有限公司	當代都更事業股份有限公司			大安區-學府段一小段-509-1地號等15筆	true	50
785	2019-06-19	108/6/19	大安區	大安區	擬訂臺北市大安區學府段一小段509-1地號等26筆土地都市更新事業計畫及權利變換計畫案	擬訂臺北市大安區學府段一小段509-1地號等26筆土地都市更新事業計畫及權利變換計畫案	臺北市大安區學府段一小段509-1、509-3、509-4、509-5、509-6、509-10、509-11、509-12、509-13、509-14、509-15、509-16、509-17、509-18、509-19、509-20、509-21、509-22、509-23、509-24、510-1、510-3、510-4、510-5、510-6、510-7地號等26筆土地	學府段一小段	509-1	509-1|509-3|509-4|509-5|509-6|509-10|509-11|509-12|509-13|509-14|509-15|509-16|509-17|509-18|509-19|509-20|509-21|509-22|509-23|509-24|510-1|510-3|510-4|510-5|510-6|510-7		26				擬訂	0	事業計畫、權利變換	惟瓦地建設股份有限公司	卓培煙建築師事務所			大安區-學府段一小段-509-1地號等15筆	false	50
992	2017-04-06	106/4/6	大安區	大安區	變更(第2次)臺北市大安區學府段一小段516地號等4筆土地都市更新權利變換計畫案	變更(第2次)臺北市大安區學府段一小段516地號等4筆土地都市更新權利變換計畫案	臺北市大安區學府段一小段516、543、546及546-1地號等4筆土地	學府段一小段	516	516|543		4				變更	1	權利變換	贊富建設股份有限公司	台北再開發規劃股份有限公司			大安區-學府段一小段-516地號等4筆	true	992
1015	2016-12-06	105/12/6	大安區	大安區	擬訂臺北市大安區學府段一小段516地號等4筆土地都市更新權利變換計畫案	擬訂臺北市大安區學府段一小段516地號等4筆土地都市更新權利變換計畫案	臺北市大安區學府段一小段516、543、546、546-1地號等4筆土地	學府段一小段	516	516|543|546|546-1		4				擬訂	0	權利變換	贊富建設股份有限公司	臺北再開發規劃股份有限公司			大安區-學府段一小段-516地號等4筆	false	992
1211	2012-11-23	101/11/23	大安區	大安區	擬訂臺北市大安區學府段一小段516地號等4筆土地都市更新事業計畫及權利變換計畫案	擬訂臺北市大安區學府段一小段516地號等4筆土地都市更新事業計畫及權利變換計畫案	臺北市大安區學府段一小段516、543、546、546-1地號等4筆土地	學府段一小段	516	516|543|546|546-1		4				擬訂	0	事業計畫、權利變換	贊富建設股份有限公司	台北再開發規劃股份有限公司			大安區-學府段一小段-516地號等4筆	false	992
146	2025-02-20	114/2/20	大安區	大安區	變更臺北市大安區學府段一小段593-1地號等16筆土地都市更新權利變換計畫案	變更臺北市大安區學府段一小段593-1地號等16筆土地都市更新權利變換計畫案	臺北市大安區學府段一小段593-1、593-2、593-3、596、597、597-1、598、599、600、601、602、603、604、605、606、607地號等16筆土地	學府段一小段	593-1	593-1|593-2|593-3|596|597|597-1|598|599|600|601|602|603|604|605|606|607		16				變更	1	權利變換	華固建設股份有限公司	弘傑開發事業股份有限公司			大安區-學府段一小段-593-1地號等16筆	true	146
612	2020-11-19	109/11/19	大安區	大安區	擬訂臺北市大安區學府段一小段593-1地號等16筆土地都市更新權利變換計畫案	擬訂臺北市大安區學府段一小段593-1地號等16筆土地都市更新權利變換計畫案	臺北市大安區學府段一小段593-1、593-2、593-3、596、597、597-1、598、599、600、601、602、603、604、605、606、607地號等16筆土地	學府段一小段	593-1	593-1|593-2|593-3|596|597|597-1|598|599|600|601|602|603|604|605|606|607		16				擬訂	0	權利變換	華固建設股份有限公司	弘傑開發事業股份有限公司			大安區-學府段一小段-593-1地號等16筆	false	146
930	2017-12-07	106/12/7	大安區	大安區	擬訂臺北市大安區學府段一小段593-1地號等16筆土地都市更新事業計畫案	擬訂臺北市大安區學府段一小段593-1地號等16筆土地都市更新事業計畫案	574、574-1、575-1、576、577、578、579-2、762地號等77筆臺北市大安區學府段一小段593-1、593-2、593-3、596、597、597-1、598、599、600、601、602、603、604、605、606、607地號等16筆土地	學府段一小段	593-1	593-1|593-2|593-3|596|597|597-1|598|599|600|601|602|603|604|605|606|607		16				擬訂	0	事業計畫	華固建設股份有限公司	弘傑開發事業股份有限公司			大安區-學府段一小段-593-1地號等16筆	false	146
3	2026-08-05	115/8/5	大安區	大安區	變更(第二次)臺北市大安區學府段四小段125地號等3筆土地都市更新事業計畫及權利變換計畫案	變更(第二次)臺北市大安區學府段四小段125地號等3筆土地都市更新事業計畫及權利變換計畫案	臺北市大安區學府段四小段125、126、127地號等3筆土地	學府段四小段	125	125|126|127		3				變更(第二次)	2	事業計畫、權利變換	誠寬建設股份有限公司	丹棠開發股份有限公司			大安區-學府段四小段-125地號等3筆	true	3
114	2021-05-06	110/5/6	大安區	大安區	變更臺北市大安區學府段四小段125地號等3筆土地都市更新事業計畫及權利變換計畫案	變更臺北市大安區學府段四小段125地號等3筆土地都市更新事業計畫及權利變換計畫案	臺北市大安區學府段四小段125、126、127地號等3筆土地	學府段四小段	125	125|126|127		3				變更	1	事業計畫、權利變換	誠寬建設股份有限公司	丹棠開發股份有限公司			大安區-學府段四小段-125地號等3筆	false	3
565	2021-05-13	110/5/13	大安區	大安區	擬訂臺北市大安區學府段四小段125地號等3筆土地都市更新權利變換計畫案	擬訂臺北市大安區學府段四小段125地號等3筆土地都市更新權利變換計畫案	臺北市大安區學府段四小段125、126、127地號等3筆土地	學府段四小段	125	125|126|127		3				擬訂	0	權利變換	東基開發建設股份有限公司	中華建築經理股份有限公司			大安區-學府段四小段-125地號等3筆	false	3
966	2017-08-08	106/8/8	大安區	大安區	擬訂臺北市大安區學府段四小段125地號等3筆土地都市更新事業計畫案	擬訂臺北市大安區學府段四小段125地號等3筆土地都市更新事業計畫案	臺北市大安區學府段四小段125、126、127地號等3筆土地	學府段四小段	125	125|126|127		3				擬訂	0	事業計畫	東基開發建設股份有限公司	中華建築經理股份有限公司			大安區-學府段四小段-125地號等3筆	false	3
977	2017-07-06	106/7/6	大安區	大安區	變更臺北市大安區復興段一小段277地號等11筆土地都市更新權利變換計畫案	變更臺北市大安區復興段一小段277地號等11筆土地都市更新權利變換計畫案	臺北市大安區復興段277、277-1、278、278-1、279、279-1、280、280-1、281、281-1、282-2地號等11筆土地	復興段一小段	277	277|277-1|278|278-1|279|279-1|280|280-1|281|281-1|282-2		11				變更	1	權利變換	昇立建設股份有限公司	葉日明建築師事務所		案名與地號段小段不一致(地號為復興段)	大安區-復興段一小段-277地號等11筆	true	977
1179	2013-07-05	102/7/5	大安區	大安區	擬訂臺北市大安區復興段一小段277地號等11筆土地都市更新事業計畫及權利變換計畫案	擬訂臺北市大安區復興段一小段277地號等11筆土地都市更新事業計畫及權利變換計畫案	臺北市大安區復興段一小段277、277-1、278、278-1、279、279-1、280、280-1、281、281-1、282-2地號等11筆土地	復興段一小段	277	277|277-1|278|278-1|279|279-1|280|280-1|281|281-1|282-2		11				擬訂	0	事業計畫、權利變換	昇立建設股份有限公司	葉日明建築師事務所			大安區-復興段一小段-277地號等11筆	false	977
652	2020-07-30	109/7/30	大安區	大安區	變更臺北市大安區復興段一小段3地號等2筆(原5筆)土地都市更新事業計畫案	變更臺北市大安區復興段一小段3地號等2筆(原5筆)土地都市更新事業計畫案	臺北市大安區復興段一小段3、3-2、7、7-1、20-3地號等5筆土地	復興段一小段	3	3|3-2|7|7-1|20-3		2	5			變更	1	事業計畫	中興電工機械股份有限公司	黃秀莊建築師事務所			大安區-復興段一小段-3地號等2筆	true	652
1076	2015-11-04	104/11/4	大安區	大安區	擬訂臺北市大安區復興段一小段3地號等5筆土地都市更新事業計畫案	擬訂臺北市大安區復興段一小段3地號等5筆土地都市更新事業計畫案	臺北市大安區復興段一小段3、3-2、7、7-1、20-3地號等5筆土地	復興段一小段	3	3|3-2|7|7-1|20-3		5				擬訂	0	事業計畫	中興電工機械股份有限公司	黃秀莊建築師事務所			大安區-復興段一小段-3地號等2筆	false	652
269	2023-12-06	112/12/6	大安區	大安區	擬訂臺北市大安區復興段一小段65地號等20筆土地事業概要案	擬訂臺北市大安區復興段一小段65地號等20筆土地事業概要案	臺北市大安區復興段一小段65、66、67、68、69、70、71、72、73、74、75、76、77、78、79、80、81、82、83、86-3地號等20筆土地	復興段一小段	65	65|66|67|68|69|70|71|72|73|74|75|76|77|78|79|80|81|82|83|86-3		20				擬訂	0	事業概要	黃黎莎	台北再開發規劃股份有限公司			大安區-復興段一小段-65地號等20筆	true	269
4	2026-08-04	115/8/4	大安區	大安區	變更臺北市大安區復興段三小段3地號等2筆土地都市更新事業計畫及權利變換計畫案	變更臺北市大安區復興段三小段3地號等2筆土地都市更新事業計畫及權利變換計畫案	臺北市大安區復興段三小段3、3-1地號等2筆土地	復興段三小段	3	3|3-1		2				變更	1	事業計畫、權利變換	國泰建設股份有限公司	安邦工程顧問股份有限公司			大安區-復興段三小段-3地號等2筆	true	4
672	2020-05-28	109/5/28	大安區	大安區	擬訂臺北市大安區復興段三小段3地號等2筆土地都市更新事業計畫及權利變換計畫案	擬訂臺北市大安區復興段三小段3地號等2筆土地都市更新事業計畫及權利變換計畫案	臺北市大安區復興段三小段3、3-1地號等2筆土地	復興段三小段	3	3|3-1		2				擬訂	0	事業計畫、權利變換	國泰建設股份有限公司	安邦工程顧問股份有限公司			大安區-復興段三小段-3地號等2筆	false	4
353	2023-03-15	112/3/15	大安區	大安區	變更臺北市大安區復興段二小段142地號等15筆土地都市更新事業計畫及擬訂權利變換計畫案	變更臺北市大安區復興段二小段142地號等15筆土地都市更新事業計畫及擬訂權利變換計畫案	臺北市大安區復興段二小段142、142-1、143、144、145-1、145-2、145-3、145-5、146、147、148、149-11、149-12、149-15、149-16地號等15筆土地	復興段二小段	142	142|142-1|143|144|145-1|145-2|145-3|145-5|146|147|148|149-11|149-12|149-15|149-16		15				變更	1	事業計畫、權利變換	璞慶建設股份有限公司	台北再開發規劃股份有限公司			大安區-復興段二小段-142地號等15筆	true	353
695	2020-03-17	109/3/17	大安區	大安區	擬訂臺北市大安區復興段二小段142地號等15筆土地都市更新事業計畫案	擬訂臺北市大安區復興段二小段142地號等15筆土地都市更新事業計畫案	臺北市大安區復興段二小段142、142-1、143、144、145-1、145-2、145-3、145-5、146、147、148、149-11、149-12、149-15、149-16地號等15筆土地	復興段二小段	142	142|142-1|143|144|145-1|145-2|145-3|145-5|146|147|148|149-11|149-12|149-15|149-16		15				擬訂	0	事業計畫	璞慶建設股份有限公司	台北再開發規劃股份有限公司			大安區-復興段二小段-142地號等15筆	false	353
123	2025-04-10	114/4/10	大安區	大安區	擬訂臺北市大安區懷生段一小段121-4地號等19筆(原18筆)土地都市更新事業計畫及權利變換計畫案	擬訂臺北市大安區懷生段一小段121-4地號等19筆(原18筆)土地都市更新事業計畫及權利變換計畫案	臺北市大安區懷生段一小段121-4、122-8、122-9、154-1、154-2、154-3、154-6、155-2、155-3、155-4、155-5、156、157、157-1、157-2、158、158-1、158-2、159地號等19筆土地	懷生段一小段	121-4	121-4|122-8|122-9|154-1|154-2|154-3|154-6|155-2|155-3|155-4|155-5|156|157|157-1|157-2|158|158-1|158-2|159		19	18			擬訂	0	事業計畫、權利變換	大華建設股份有限公司	冠霖不動產顧問股份有限公司			大安區-懷生段一小段-121-4地號等19筆	true	123
170	2024-12-19	113/12/19	大安區	大安區	變更(第三次)臺北市大安區懷生段一小段32地號等12筆土地都市更新權利變換計畫案	變更(第三次)臺北市大安區懷生段一小段32地號等12筆土地都市更新權利變換計畫案	臺北市大安區懷生段一小段32、33、34、35、36、37、38、57-3、57-6、57-7、57-8、162-3地號等12筆土地	懷生段一小段	32	32|33|34|35|36|37|38|57-3|57-6|57-7|57-8|162-3		12				變更(第三次)	3	權利變換	親家地產股份有限公司	安邦工程顧問股份有限公司			大安區-懷生段一小段-32地號等12筆	true	170
197	2024-08-01	113/8/1	大安區	大安區	變更(第二次)臺北市大安區懷生段一小段32地號等12筆土地都市更新權利變換計畫案	變更(第二次)臺北市大安區懷生段一小段32地號等12筆土地都市更新權利變換計畫案	臺北市大安區懷生段一小段32、33、34、35、36、37、38、57-3、57-6、57-7、57-8、162-3地號等12筆土地	懷生段一小段	32	32|33|34|35|36|37|38|57-3|57-6|57-7|57-8|162-3		12				變更(第二次)	2	權利變換	親家地產股份有限公司	安邦工程顧問股份有限公司			大安區-懷生段一小段-32地號等12筆	false	170
522	2021-11-03	110/11/3	大安區	大安區	變更(第二次)臺北市大安區懷生段一小段32地號等12筆土地都市更新事業計畫及變更權利變換計畫案	變更(第二次)臺北市大安區懷生段一小段32地號等12筆土地都市更新事業計畫及變更權利變換計畫案	臺北市大安區懷生段一小段32、33、34、35、36、37、38、57-3、57-6、57-7、57-8、162-3地號等12筆土地	懷生段一小段	32	32|33|34|35|36|37|38|57-3|57-6|57-7|57-8|162-3		12				變更(第二次)	2	事業計畫、權利變換	親家地產股份有限公司	安邦工程顧問股份有限公司			大安區-懷生段一小段-32地號等12筆	false	170
697	2020-03-05	109/3/5	大安區	大安區	變更臺北市大安區懷生段一小段32地號等12筆土地都市更新事業計畫案	變更臺北市大安區懷生段一小段32地號等12筆土地都市更新事業計畫案	臺北市大安區懷生段一小段32、33、34、35、36、37、38、57-3、57-6、57-7、57-8、162-3地號等12筆土地	懷生段一小段	32	32|33|34|35|36|37|38|57-3|57-6|57-7|57-8|162-3		12				變更	1	事業計畫	親家地產股份有限公司	安邦工程顧問股份有限公司			大安區-懷生段一小段-32地號等12筆	false	170
1045	2016-06-02	105/6/2	大安區	大安區	擬訂臺北市大安區懷生段一小段32地號等12筆土地都市更新權利變換計畫案	擬訂臺北市大安區懷生段一小段32地號等12筆土地都市更新權利變換計畫案	臺北市大安區懷生段一小段32、33、34、35、36、37、38、57-3、57-6、57-7、57-8、162-3地號等12筆土地	懷生段一小段	32	32|33|34|35|36|37|38|57-3|57-6|57-7|57-8|162-3		12				擬訂	0	權利變換	敦寶建設股份有限公司	黃炯祥建築師事務所			大安區-懷生段一小段-32地號等12筆	false	170
1181	2013-06-21	102/6/21	大安區	大安區	擬訂臺北市大安區懷生段一小段32地號等12筆土地都市更新事業計畫案	擬訂臺北市大安區懷生段一小段32地號等12筆土地都市更新事業計畫案	臺北市大安區懷生段一小段32、33、34、35、36、37、38、57-3、57-6、57-7、57-8、162-3地號等12筆土地	懷生段一小段	32	32|33|34|35|36|37|38|57-3|57-6|57-7|57-8|162-3		12				擬訂	0	事業計畫	敦寶建設股份有限公司	黃炯祥建築師事務所			大安區-懷生段一小段-32地號等12筆	false	170
1161	2013-11-05	102/11/5	大安區	大安區	擬訂臺北市大安區懷生段一小段928地號1筆土地都市更新事業計畫案	擬訂臺北市大安區懷生段一小段928地號1筆土地都市更新事業計畫案	臺北市大安區懷生段一小段928地號等1筆土地	懷生段一小段	928	928		1				擬訂	0	事業計畫	大佑祥開發事業股份有限公司	張國洋建築師事務所			大安區-懷生段一小段-928地號等1筆	true	1161
1062	2016-01-21	105/1/21	大安區	大安區	變更(第五次)臺北市大安區懷生段一小段931地號等20筆土地都市更新權利變換計畫案-西區	變更(第五次)臺北市大安區懷生段一小段931地號等20筆土地都市更新權利變換計畫案-西區	臺北市大安區懷生段一小段931、932、933、934、935、936、937、938、939、940、940-1、941、942、942-1、943、944、945、946、947、948地號等20筆土地	懷生段一小段	931	931|932|933|934|935|936|937|938|939|940|940-1|941|942|942-1|943|944|945|946|947|948		20				變更(第五次)	5	權利變換	忠泰長虹建設股份有限公司	財團法人都市更新研究發展基金會			大安區-懷生段一小段-931地號等20筆	true	1062
1088	2015-07-21	104/7/21	大安區	大安區	變更(第四次)臺北市大安區懷生段一小段931地號等20筆土地都市更新事業計畫案	變更(第四次)臺北市大安區懷生段一小段931地號等20筆土地都市更新事業計畫案	10、68011、68012地號等79筆土地臺北市大安區懷生段一小段931、932、933、934、935、936、937、938、939、940、940-1、941、942、942-1、943、944、945、946、947、948地號等20筆土地	懷生段一小段	931	931|932|933|934|935|936|937|938|939|940|940-1|941|942|942-1|943|944|945|946|947|948		20				變更(第四次)	4	事業計畫	忠泰長虹建設股份有限公司	財團法人都市更新研究發展基金會			大安區-懷生段一小段-931地號等20筆	false	1062
1232	2012-02-02	101/2/2	大安區	大安區	變更(第二次)臺北市大安區懷生段一小段931地號等20筆土地都市更新事業計畫及權利變換計畫案	變更(第二次)臺北市大安區懷生段一小段931地號等20筆土地都市更新事業計畫及權利變換計畫案	等48筆土地臺北市大安區懷生段一小段931、932、933、934、935、936、937、938、939、940、940-1、941、942、942-1、943、944、945、946、947、948地號等20筆土地臺北市內湖區康寧段三小段626、627、627-1、628-1、632-1、633	懷生段一小段	931	931|932|933|934|935|936|937|938|939|940|940-1|941|942|942-1|943|944|945|946|947|948		20				變更(第二次)	2	事業計畫、權利變換	忠泰長虹建設股份有限公司	財團法人都市更新研究發展基金會			大安區-懷生段一小段-931地號等20筆	false	1062
1258	2011-03-09	100/3/9	大安區	大安區	變更臺北市大安區懷生段一小段931地號等20筆土地都市更新事業計畫及權利變換計畫案	變更臺北市大安區懷生段一小段931地號等20筆土地都市更新事業計畫及權利變換計畫案	臺北市大安區懷生段一小段931、932、933、934、935、936、937、938、939、940、940-1、941、942、942-1、943、944、945、946、947、948地號等20筆土地	懷生段一小段	931	931|932|933|934|935|936|937|938|939|940|940-1|941|942|942-1|943|944|945|946|947|948		20				變更	1	事業計畫、權利變換	忠泰長虹建設股份有限公司	財團法人都市更新研究發展基金會			大安區-懷生段一小段-931地號等20筆	false	1062
1274	2010-07-15	99/7/15	大安區	大安區	擬訂臺北市大安區懷生段一小段931地號等20筆土地都市更新事業計畫及權利變換計畫案(原861地號等14筆土地)	擬訂臺北市大安區懷生段一小段931地號等20筆土地都市更新事業計畫及權利變換計畫案(原861地號等14筆土地)	、114、115、116、117、118、119、120、121地號等73筆土地臺北市大安區懷生段一小段931、932、933、934、935、936、937、938、939、940、940-1、941、942、942-1、943、944、945、946、947、948地號等20筆土地	懷生段一小段	931	931|932|933|934|935|936|937|938|939|940|940-1|941|942|942-1|943|944|945|946|947|948		20				擬訂	0	事業計畫、權利變換	忠泰長虹建設股份有限公司	財團法人都市更新研究發展基金會			大安區-懷生段一小段-931地號等20筆	false	1062
31	2026-05-14	115/5/14	大安區	大安區	變更臺北市大安區懷生段三小段249地號等26筆土地都市更新權利變換計畫案	變更臺北市大安區懷生段三小段249地號等26筆土地都市更新權利變換計畫案	臺北市大安區懷生段三小段249、250、251、252、276-1、276-3、277、277-1、277-2、278、278-1、278-2、278-3、278-4、278-5、278-6、278-7、278-8、278-9、278-10、278-11、278-12、278-13、278-14、278-15、278-16地號等26筆土地	懷生段三小段	249	249|250|251|252|276-1|276-3|277|277-1|277-2|278|278-1|278-2|278-3|278-4|278-5|278-6|278-7|278-8|278-9|278-10|278-11|278-12|278-13|278-14|278-15|278-16		26				變更	1	權利變換	統創建設開發股份有限公司	財團法人都市更新研究發展基金會			大安區-懷生段三小段-249地號等26筆	true	31
489	2022-01-19	111/1/19	大安區	大安區	擬訂臺北市大安區懷生段三小段249地號等26筆土地都市更新權利變換計畫案	擬訂臺北市大安區懷生段三小段249地號等26筆土地都市更新權利變換計畫案	臺北市大安區懷生段三小段249、250、251、252、276-1、276-3、277、277-1、277-2、278、278-1、278-2、278-3、278-4、278-5、278-6、278-7、278-8、278-9、278-10、278-11、278-12、278-13、278-14、278-15、278-16地號等26筆土地	懷生段三小段	249	249|250|251|252|276-1|276-3|277|277-1|277-2|278|278-1|278-2|278-3|278-4|278-5|278-6|278-7|278-8|278-9|278-10|278-11|278-12|278-13|278-14|278-15|278-16		26				擬訂	0	權利變換	統創建設開發股份有限公司	財團法人都市更新研究發展基金會			大安區-懷生段三小段-249地號等26筆	false	31
157	2025-01-14	114/1/14	大安區	大安區	變更(第二次)臺北市大安區懷生段三小段294地號等7筆土地都市更新權利變換計畫案	變更(第二次)臺北市大安區懷生段三小段294地號等7筆土地都市更新權利變換計畫案	臺北市大安區懷生段三小段294、295、298、299、300、300-1、301地號等7筆土地	懷生段三小段	294	294|295|298|299|300|300-1|301		7				變更(第二次)	2	權利變換	璞真建設股份有限公司	冠霖不動產顧問股份有限公司			大安區-懷生段三小段-294地號等7筆	true	157
190	2024-08-21	113/8/21	大安區	大安區	變更臺北市大安區懷生段三小段294地號等7筆土地都市更新權利變換計畫案	變更臺北市大安區懷生段三小段294地號等7筆土地都市更新權利變換計畫案	臺北市大安區懷生段三小段294、295、298、299、300、300-1、301地號等7筆土地	懷生段三小段	294	294|295|298|299|300|300-1|301		7				變更	1	權利變換	璞真建設股份有限公司	冠霖不動產顧問股份有限公司			大安區-懷生段三小段-294地號等7筆	false	157
655	2020-07-29	109/7/29	大安區	大安區	擬訂臺北市大安區懷生段三小段294地號等7筆土地都市更新事業計畫及權利變換計畫案	擬訂臺北市大安區懷生段三小段294地號等7筆土地都市更新事業計畫及權利變換計畫案	臺北市大安區懷生段三小段294、295、298、299、300、300-1、301地號等7筆土地	懷生段三小段	294	294|295|298|299|300|300-1|301		7				擬訂	0	事業計畫、權利變換	璞真建設股份有限公司	冠霖不動產顧問股份有限公司			大安區-懷生段三小段-294地號等7筆	false	157
1046	2016-05-31	105/5/31	大安區	大安區	變更(第二次)臺北市大安區懷生段三小段492地號等5筆土地都市更新事業計畫案	變更(第二次)臺北市大安區懷生段三小段492地號等5筆土地都市更新事業計畫案	臺北市大安區懷生段三小段492、493、494、495、492-1地號等5筆土地	懷生段三小段	492	492|493|494|495|492-1		5				變更(第二次)	2	事業計畫	璞吉建設股份有限公司	邑相國際工程顧問有限公司			大安區-懷生段三小段-492地號等5筆	true	1046
1146	2014-01-09	103/1/9	大安區	大安區	變更臺北市大安區懷生段三小段492地號等5筆土地都市更新事業計畫案	變更臺北市大安區懷生段三小段492地號等5筆土地都市更新事業計畫案	臺北市大安區懷生段三小段492、492-1、493、494、495地號等5筆土地	懷生段三小段	492	492|492-1|493|494|495		5				變更	1	事業計畫	璞吉建設股份有限公司	邑相國際工程顧問有限公司			大安區-懷生段三小段-492地號等5筆	false	1046
1235	2012-01-03	101/1/3	大安區	大安區	擬訂臺北市大安區懷生段三小段492地號等4筆土地都市更新事業計畫案	擬訂臺北市大安區懷生段三小段492地號等4筆土地都市更新事業計畫案	臺北市大安區懷生段三小段492、492-1、493、494、495地號等4筆土地	懷生段三小段	492	492|492-1|493|494|495		4				擬訂	0	事業計畫	璞吉建設股份有限公司	邑相國際工程顧問有限公司			大安區-懷生段三小段-492地號等5筆	false	1046
243	2024-02-29	113/2/29	大安區	大安區	變更(第三次)臺北市大安區懷生段二小段16地號等6筆土地都市更新權利變換計畫案	變更(第三次)臺北市大安區懷生段二小段16地號等6筆土地都市更新權利變換計畫案	臺北市大安區懷生段二小段16、17-1、17-5(B區段)、44、45、45-2(A區段)地號等6筆土地	懷生段二小段	16	16|17-1|17-5|44|45|45-2		6			B	變更(第三次)	3	權利變換	龍麟建設股份有限公司	協和都市更新股份有限公司			大安區-懷生段二小段-16地號等6筆	true	243
262	2023-12-26	112/12/26	大安區	大安區	變更(第二次)臺北市大安區懷生段二小段16地號等6筆土地都市更新權利變換計畫案	變更(第二次)臺北市大安區懷生段二小段16地號等6筆土地都市更新權利變換計畫案	臺北市大安區懷生段二小段16、17-1、17-5(B)、44、45、45-2(A)地號等6筆土地	懷生段二小段	16	16|17-1|17-5|44|45|45-2		6				變更(第二次)	2	權利變換	龍麟建設股份有限公司	協和都市更新股份有限公司			大安區-懷生段二小段-16地號等6筆	false	243
293	2023-09-13	112/9/13	大安區	大安區	變更(第二次)臺北市大安區懷生段二小段16地號等6筆土地都市更新事業計畫及變更權利變換計畫案	變更(第二次)臺北市大安區懷生段二小段16地號等6筆土地都市更新事業計畫及變更權利變換計畫案	臺北市大安區懷生段二小段16、17-1、17-5(B)、44、45、45-2(A)地號等6筆土地	懷生段二小段	16	16|17-1|17-5|44|45|45-2		6				變更(第二次)	2	事業計畫、權利變換	龍麟建設股份有限公司	協和都市更新股份有限公司			大安區-懷生段二小段-16地號等6筆	false	243
998	2017-03-14	106/3/14	大安區	大安區	擬訂臺北市大安區懷生段二小段16號等6筆土地都市更新權利變換計畫案	擬訂臺北市大安區懷生段二小段16號等6筆土地都市更新權利變換計畫案	臺北市大安區懷生段二小段16、17-1、17-5、44、45、45-2地號等6筆土地	懷生段二小段	16	16|17-1|17-5|44|45|45-2		6				擬訂	0	權利變換	龍麟建設股份有限公司	協和都市更新股份有限公司			大安區-懷生段二小段-16地號等6筆	false	243
1119	2014-11-28	103/11/28	大安區	大安區	變更臺北市大安區懷生段二小段16地號等6筆土地都市更新事業計畫案	變更臺北市大安區懷生段二小段16地號等6筆土地都市更新事業計畫案	臺北市大安區懷生段二小段44、45、45-2、16、17-1、17-5地號等6筆土地	懷生段二小段	16	44|45|45-2|16|17-1|17-5		6				變更	1	事業計畫	龍麟建設股份有限公司	協和都市更新股份有限公司			大安區-懷生段二小段-16地號等6筆	false	243
1358	2007-12-06	96/12/6	大安區	大安區	擬訂臺北市大安區懷生段二小段16地號等6筆土地都市更新事業計畫案	擬訂臺北市大安區懷生段二小段16地號等6筆土地都市更新事業計畫案	臺北市大安區懷生段二小段44、45、45-2、16、17-1、17-5地號等6筆土地	懷生段二小段	16	44|45|45-2|16|17-1|17-5		6				擬訂	0	事業計畫	龍麟建設股份有限公司	協和都市更新股份有限公司			大安區-懷生段二小段-16地號等6筆	false	243
98	2025-07-22	114/7/22	大安區	大安區	變更(第五次)臺北市大安區懷生段二小段316、316-2地號等2筆土地都市更新權利變換計畫案	變更(第五次)臺北市大安區懷生段二小段316、316-2地號等2筆土地都市更新權利變換計畫案	臺北市大安區懷生段二小段316、316-2地號等2筆土地	懷生段二小段	316	316|316-2		2				變更(第五次)	5	權利變換	臺北市大安區懷生段二小段316、316-2地號等2筆土地都市更新會	中華建築經理股份有限公司			大安區-懷生段二小段-316地號等2筆	true	98
136	2025-03-10	114/3/10	大安區	大安區	變更(第四次)臺北市大安區懷生段二小段316、316-2地號等2筆土地都市更新權利變換計畫案	變更(第四次)臺北市大安區懷生段二小段316、316-2地號等2筆土地都市更新權利變換計畫案	臺北市大安區懷生段二小段316、316-2地號等2筆土地	懷生段二小段	316	316|316-2		2				變更(第四次)	4	權利變換	臺北市大安區懷生段二小段316、316-2地號等2筆土地都市更新會	中華建築經理股份有限公司			大安區-懷生段二小段-316地號等2筆	false	98
241	2024-03-07	113/3/7	大安區	大安區	變更(第三次)臺北市大安區懷生段二小段316、316-2地號等2筆土地都市更新權利變換計畫案	變更(第三次)臺北市大安區懷生段二小段316、316-2地號等2筆土地都市更新權利變換計畫案	臺北市大安區懷生段二小段316、316-2地號等2筆土地	懷生段二小段	316	316|316-2		2				變更(第三次)	3	權利變換	臺北市大安區懷生段二小段316、316-2地號等2筆土地都市更新會	中華建築經理股份有限公司			大安區-懷生段二小段-316地號等2筆	false	98
412	2022-10-04	111/10/4	大安區	大安區	變更(第二次)臺北市大安區懷生段二小段316、316-2地號等2筆土地都市更新事業計畫及權利變換計畫案	變更(第二次)臺北市大安區懷生段二小段316、316-2地號等2筆土地都市更新事業計畫及權利變換計畫案	臺北市大安區懷生段二小段316、316-2地號等2筆土地	懷生段二小段	316	316|316-2		2				變更(第二次)	2	事業計畫、權利變換	臺北市大安區懷生段二小段316、316-2地號等2筆土地都市更新會	中華建築經理股份有限公司			大安區-懷生段二小段-316地號等2筆	false	98
646	2020-08-18	109/8/18	大安區	大安區	變更臺北市大安區懷生段二小段316、316-2地號等2筆土地都市更新事業計畫及權利變換計畫案	變更臺北市大安區懷生段二小段316、316-2地號等2筆土地都市更新事業計畫及權利變換計畫案	臺北市大安區懷生段二小段316、316-2地號等2筆土地	懷生段二小段	316	316|316-2		2				變更	1	事業計畫、權利變換	臺北市大安區懷生段二小段316、316-2地號等2筆土地都市更新會	中華建築經理股份有限公司			大安區-懷生段二小段-316地號等2筆	false	98
885	2018-06-28	107/6/28	大安區	大安區	擬訂臺北市大安區懷生段二小段316、316-2地號等2筆土地都市更新事業計畫及權利變換計畫案	擬訂臺北市大安區懷生段二小段316、316-2地號等2筆土地都市更新事業計畫及權利變換計畫案	臺北市大安區懷生段二小段316、316-2地號等2筆土地	懷生段二小段	316	316|316-2		2				擬訂	0	事業計畫、權利變換	臺北市大安區懷生段二小段316、316-2地號等2筆土地都市更新會	中華建築經理股份有限公司			大安區-懷生段二小段-316地號等2筆	false	98
664	2020-06-16	109/6/16	大安區	大安區	變更臺北市大安區懷生段二小段388地號等10筆土地都市更新事業計畫及權利變換計畫案	變更臺北市大安區懷生段二小段388地號等10筆土地都市更新事業計畫及權利變換計畫案	臺北市大安區懷生段二小段388、388-1、389、389-2、389-3、389-4、389-5、390、390-1、391-2地號等10筆土地	懷生段二小段	388	388|388-1|389|389-2|389-3|389-4|389-5|390|390-1|391-2		10				變更	1	事業計畫、權利變換	昇立建設股份有限公司	財團法人都市更新研究發展基金會			大安區-懷生段二小段-388地號等10筆	true	664
1121	2014-11-17	103/11/17	大安區	大安區	擬訂臺北市大安區懷生段二小段388地號等10筆土地都市更新事業計畫及權利變換計畫案	擬訂臺北市大安區懷生段二小段388地號等10筆土地都市更新事業計畫及權利變換計畫案	臺北市大安區懷生段二小段388、388-1、389、389-2、389-3、389-4、389-5、390、390-1、391-2地號等10筆土地	懷生段二小段	388	388|388-1|389|389-2|389-3|389-4|389-5|390|390-1|391-2		10				擬訂	0	事業計畫、權利變換	昇立建設股份有限公司	財團法人都市更新研究發展基金會			大安區-懷生段二小段-388地號等10筆	false	664
242	2024-03-05	113/3/5	大安區	大安區	擬訂臺北市大安區懷生段二小段475地號等37筆事業概要案	擬訂臺北市大安區懷生段二小段475地號等37筆事業概要案	臺北市大安區懷生段二小段475、475-1、475-2、475-7、485、486、487、488、489、490、491、492、499、499-1、500、500-1、501、501-1、502、502-1、503、503-1、504、504-1、505、505-1、506、506-1、507、507-1、508、508-1、509、509-1、513-3、513-4、513-10地號等37筆土地	懷生段二小段	475	475|475-1|475-2|475-7|485|486|487|488|489|490|491|492|499|499-1|500|500-1|501|501-1|502|502-1|503|503-1|504|504-1|505|505-1|506|506-1|507|507-1|508|508-1|509|509-1|513-3|513-4|513-10		37				擬訂	0	事業概要	富邦建設股份有限公司	財團法人都市更新研究發展基金會			大安區-懷生段二小段-475地號等37筆	true	242
34	2026-04-28	115/4/28	大安區	大安區	變更臺北市大安區懷生段二小段5-4地號等8筆土地都市更新事業計畫及權利變換計畫案	變更臺北市大安區懷生段二小段5-4地號等8筆土地都市更新事業計畫及權利變換計畫案	臺北市大安區懷生段二小段5-4、5-13、8、9-2、22、22-2、23、23-1地號等8筆土地	懷生段二小段	5-4	5-4|5-13|8|9-2|22|22-2|23|23-1		8				變更	1	事業計畫、權利變換	台北市住宅及都市更新中心	財團法人都市更新研究發展基金會			大安區-懷生段二小段-5-4地號等8筆	true	34
453	2022-05-16	111/5/16	大安區	大安區	擬訂臺北市大安區懷生段二小段5-4地號等8筆土地都市更新事業計畫及權利變換計畫案	擬訂臺北市大安區懷生段二小段5-4地號等8筆土地都市更新事業計畫及權利變換計畫案	臺北市大安區懷生段二小段5-4、5-13、8、9-2、22、22-2、23、23-1地號等8筆土地	懷生段二小段	5-4	5-4|5-13|8|9-2|22|22-2|23|23-1		8				擬訂	0	事業計畫、權利變換	台北市住宅及都市更新中心	財團法人都市更新研究發展基金會			大安區-懷生段二小段-5-4地號等8筆	false	34
221	2024-05-09	113/5/9	大安區	大安區	擬訂臺北市大安區懷生段四小段301地號等7筆土地事業概要案	擬訂臺北市大安區懷生段四小段301地號等7筆土地事業概要案	臺北市大安區懷生段四小段301、302、303、304、305、306、307等7筆土地	懷生段四小段	301	301|302|303|304|305|306		7				擬訂	0	事業概要	朱清榮君	森薈都市更新股份有限公司			大安區-懷生段四小段-301地號等7筆	true	221
1210	2012-11-30	101/11/30	大安區	大安區	擬訂臺北市大安區懷生段四小段4地號等19筆土地都市更新事業計畫案	擬訂臺北市大安區懷生段四小段4地號等19筆土地都市更新事業計畫案	臺北市大安區懷生段四小段4、5、6、7、8、8-1、8-2、8-3、9、10、10-1、11、11-1、11-2、11-3、11-4、11-5、12、12-1地號等19筆土地	懷生段四小段	4	4|5|6|7|8|8-1|8-2|8-3|9|10|10-1|11|11-1|11-2|11-3|11-4|11-5|12|12-1		19				擬訂	0	事業計畫	國美建設股份有限公司	財團法人都市更新研究發展基金會			大安區-懷生段四小段-4地號等19筆	true	1210
422	2022-09-06	111/9/6	大安區	大安區	擬訂臺北市大安區瑞安段一小段221-3地號等3筆土地都市更新事業計畫案	擬訂臺北市大安區瑞安段一小段221-3地號等3筆土地都市更新事業計畫案	臺北市大安區瑞安段一小段221-3、225、226地號等3筆土地	瑞安段一小段	221-3	221-3|225|226		3				擬訂	0	事業計畫	家騰建設股份有限公司	奇模工程有限公司			大安區-瑞安段一小段-221-3地號等3筆	true	422
420	2022-09-08	111/9/8	大安區	大安區	擬訂臺北市大安區瑞安段三小段215地號等25筆土地都市更新事業計畫及權利變換計畫案	擬訂臺北市大安區瑞安段三小段215地號等25筆土地都市更新事業計畫及權利變換計畫案	臺北市大安區瑞安段三小段215、217、218、219、220、221、222、222-1、222-2、222-3、222-4、222-5、222-6、222-7、222-8、222-9、222-10、222-11、222-12、223、224、224-3、224-5、224-6、225地號等25筆土地	瑞安段三小段	215	215|217|218|219|220|221|222|222-1|222-2|222-3|222-4|222-5|222-6|222-7|222-8|222-9|222-10|222-11|222-12|223|224|224-3|224-5|224-6|225		25				擬訂	0	事業計畫、權利變換	國美建設股份有限公司	丹棠開發股份有限公司			大安區-瑞安段三小段-215地號等25筆	true	420
1117	2014-12-18	103/12/18	大安區	大安區	擬訂臺北市大安區瑞安段三小段320地號等11筆土地都市更新事業計畫案	擬訂臺北市大安區瑞安段三小段320地號等11筆土地都市更新事業計畫案	臺北市大安區瑞安段三小段320、320-1、320-2、320-3、320-4、320-5、320-6、321、322、323、324地號等11筆土地	瑞安段三小段	320	320|320-1|320-2|320-3|320-4|320-5|320-6|321|322|323|324		11				擬訂	0	事業計畫	首鋼開發股份有限公司	邑相國際工程顧問有限公司			大安區-瑞安段三小段-320地號等11筆	true	1117
143	2025-03-04	114/3/4	大安區	大安區	擬訂臺北市大安區瑞安段二小段499地號等10筆土地都市更新事業計畫案	擬訂臺北市大安區瑞安段二小段499地號等10筆土地都市更新事業計畫案	臺北市大安區瑞安段二小段499、500、501、501-1、507、508、509、510、511、512地號等10筆土地	瑞安段二小段	499	499|500|501|501-1|507|508|509|510|511|512		10				擬訂	0	事業計畫	福容開發股份有限公司	冠霖都市更新事業股份有限公司			大安區-瑞安段二小段-499地號等10筆	true	143
414	2022-09-20	111/9/20	大安區	大安區	變更臺北市大安區瑞安段二小段838地號等14筆土地都市更新權利變換計畫案	變更臺北市大安區瑞安段二小段838地號等14筆土地都市更新權利變換計畫案	臺北市大安區瑞安段二小段838、838-2、840、840-2、842、846、846-2、849、849-2、849-3、849-4、851、852、852-1地號等14筆土地	瑞安段二小段	838	838|838-2|840|840-2|842|846|846-2|849|849-2|849-3|849-4|851|852|852-1		14				變更	1	權利變換	臺北市住宅及都市更新中心	邑相更新規劃股份有限公司			大安區-瑞安段二小段-838地號等14筆	true	414
574	2021-04-01	110/4/1	大安區	大安區	變更臺北市大安區瑞安段二小段838地號等14筆土地都市更新事業計畫案	變更臺北市大安區瑞安段二小段838地號等14筆土地都市更新事業計畫案	臺北市大安區瑞安段二小段838、838-2、840、840-2、842、846、846-2、849、849-2、849-3、849-4、851、852、852-1地號等14筆土地	瑞安段二小段	838	838|838-2|840|840-2|842|846|846-2|849|849-2|849-3|849-4|851|852|852-1		14				變更	1	事業計畫	財團法人臺北市都市更新推動中心	邑相更新規劃股份有限公司			大安區-瑞安段二小段-838地號等14筆	false	414
842	2018-12-25	107/12/25	大安區	大安區	擬訂臺北市大安區瑞安段二小段838地號等14筆土地都市更新事業計畫及權利變換計畫案	擬訂臺北市大安區瑞安段二小段838地號等14筆土地都市更新事業計畫及權利變換計畫案	臺北市大安區瑞安段二小段838、838-2、840、840-2、842、846、846-2、849、849-2、849-3、849-4、851、852、852-1地號等14筆土地	瑞安段二小段	838	838|838-2|840|840-2|842|846|846-2|849|849-2|849-3|849-4|851|852|852-1		14				擬訂	0	事業計畫、權利變換	財團法人臺北市都市更新推動中心	邑相更新規劃股份有限公司			大安區-瑞安段二小段-838地號等14筆	false	414
736	2019-11-26	108/11/26	大安區	大安區	變更(第二次)臺北市大安區辛亥段一小段161-5地號等7筆(原10筆)土地都市更新事業計畫案	變更(第二次)臺北市大安區辛亥段一小段161-5地號等7筆(原10筆)土地都市更新事業計畫案	臺北市大安區辛亥段一小段161-5、175-4、176、176-2、177、177-4、178地號等7筆土地(原161-5、175-4、176、176-2、177、177-3、177-4、178、178-2地號等10筆土地)	辛亥段一小段	161-5	161-5|175-4|176|176-2|177|177-4|178		7	10			變更(第二次)	2	事業計畫	德和建設股份有限公司	黃秀莊建築師事務所			大安區-辛亥段一小段-161-5地號等7筆	true	736
1029	2016-09-22	105/9/22	大安區	大安區	變更臺北市大安區辛亥段一小段161-5地號等7筆(原10筆)土地都市更新事業計畫案	變更臺北市大安區辛亥段一小段161-5地號等7筆(原10筆)土地都市更新事業計畫案	臺北市大安區辛亥段一小段161-5、175-4、176、176-2、177、177-4、178地號等7筆土地(原161-5、175-4、176、176-2、177、177-3、177-4、178、178-2地號等10筆土地)	辛亥段一小段	161-5	161-5|175-4|176|176-2|177|177-4|178		7	10			變更	1	事業計畫	德和建設股份有限公司	黃秀莊建築師事務所			大安區-辛亥段一小段-161-5地號等7筆	false	736
1145	2014-01-09	103/1/9	大安區	大安區	擬訂臺北市大安區辛亥段一小段161-5地號等7筆(原10筆)土地都市更新事業計畫案	擬訂臺北市大安區辛亥段一小段161-5地號等7筆(原10筆)土地都市更新事業計畫案	166、167、168、169、170、171、172地號等113筆土地臺北市大安區辛亥段一小段161-5、175-4、176、176-2、177、177-4、178等7筆土地(原161-5、175-4、176、176-2、176-3、177、177-3、177-4、178、178-2地號等10筆土地	辛亥段一小段	161-5	161-5|175-4|176|176-2|177|177-4|176-3|177-3|178|178-2		7	10			擬訂	0	事業計畫	德和建設股份有限公司	瑞興不動產開發股份有限公司			大安區-辛亥段一小段-161-5地號等7筆	false	736
617	2020-11-03	109/11/3	大安區	大安區	變更(第四次)臺北市大安區辛亥段一小段163地號等5筆土地都市更新權利變換計畫案	變更(第四次)臺北市大安區辛亥段一小段163地號等5筆土地都市更新權利變換計畫案	臺北市大安區辛亥段一小段163、165-2、165-6、165-7、166-2等5筆土地	辛亥段一小段	163	163|165-2|165-6|165-7		5				變更(第四次)	4	權利變換	耕莘都市更新股份有限公司	耕磊都市規劃股份有限公司			大安區-辛亥段一小段-163地號等5筆	true	617
643	2020-08-20	109/8/20	大安區	大安區	變更(第三次)臺北市大安區辛亥段一小段163地號等5筆土地都市更新權利變換計畫案	變更(第三次)臺北市大安區辛亥段一小段163地號等5筆土地都市更新權利變換計畫案	臺北市大安區辛亥段一小段163、165-2、165-6、165-7、166-2等5筆土地	辛亥段一小段	163	163|165-2|165-6|165-7		5				變更(第三次)	3	權利變換	耕莘都市更新股份有限公司	耕磊都市規劃股份有限公司			大安區-辛亥段一小段-163地號等5筆	false	617
667	2020-06-11	109/6/11	大安區	大安區	變更(第二次)臺北市大安區辛亥段一小段163地號等5筆土地都市更新權利變換計畫案	變更(第二次)臺北市大安區辛亥段一小段163地號等5筆土地都市更新權利變換計畫案	臺北市大安區辛亥段一小段163、165-2、165-6、165-7、166-2等5筆土地	辛亥段一小段	163	163|165-2|165-6|165-7		5				變更(第二次)	2	權利變換	耕莘都市更新股份有限公司	耕磊都市規劃股份有限公司			大安區-辛亥段一小段-163地號等5筆	false	617
709	2020-01-21	109/1/21	大安區	大安區	變更(第二次)臺北市大安區辛亥段一小段163地號等5筆土地都市更新事業計畫及變更權利變換計畫案	變更(第二次)臺北市大安區辛亥段一小段163地號等5筆土地都市更新事業計畫及變更權利變換計畫案	臺北市大安區辛亥段一小段163、165-2、165-6、165-7、166-2等5筆土地	辛亥段一小段	163	163|165-2|165-6|165-7		5				變更(第二次)	2	事業計畫、權利變換	耕莘都市更新股份有限公司	耕磊都市規劃股份有限公司			大安區-辛亥段一小段-163地號等5筆	false	617
1044	2016-06-14	105/6/14	大安區	大安區	變更臺北市大安區辛亥段一小段163地號等5筆土地都市更新事業計畫及擬訂權利變換計畫案	變更臺北市大安區辛亥段一小段163地號等5筆土地都市更新事業計畫及擬訂權利變換計畫案	臺北市大安區辛亥段一小段163、165-2、165-6、165-7、166-2等5筆土地	辛亥段一小段	163	163|165-2|165-6|165-7		5				變更	1	事業計畫、權利變換	耕莘建設股份有限公司	耕磊都市規劃股份有限公司			大安區-辛亥段一小段-163地號等5筆	false	617
1253	2011-04-20	100/4/20	大安區	大安區	擬訂臺北市大安區辛亥段一小段163地號等5筆土地都市更新事業計畫案	擬訂臺北市大安區辛亥段一小段163地號等5筆土地都市更新事業計畫案	臺北市大安區辛亥段一小段163、165-2、165-6、165-7、166-2地號等5筆土地	辛亥段一小段	163	163|165-2|165-6|165-7|166-2		5				擬訂	0	事業計畫	耕薪建設股份有限公司	耕薪都市更新股份有公司			大安區-辛亥段一小段-163地號等5筆	false	617
957	2017-09-21	106/9/21	大安區	大安區	變更臺北市大安區辛亥段三小段518地號1筆(原15筆)土地都市更新事業計畫案	變更臺北市大安區辛亥段三小段518地號1筆(原15筆)土地都市更新事業計畫案	臺北市大安區辛亥段三小段518地號土地(原518、519、520、521、522、523、524、525、526、527、528、529、535、536、537地號等15筆土地	辛亥段三小段	518	519|520|521|522|523|524|525|526|527|528|529|535|536|537		1	15			變更	1	事業計畫	源座建設開發股份有限公司	安邦工程顧問股份有限公司			大安區-辛亥段三小段-518地號等1筆	true	957
1150	2013-12-27	102/12/27	大安區	大安區	擬訂臺北市大安區辛亥段三小段518地號等15筆土地都市更新事業計畫案	擬訂臺北市大安區辛亥段三小段518地號等15筆土地都市更新事業計畫案	臺北市大安區辛亥段三小段518、519、520、521、522、523、524、525、526、527、528、529、535、536、537地號等15筆土地	辛亥段三小段	518	518|519|520|521|522|523|524|525|526|527|528|529|535|536|537		15				擬訂	0	事業計畫	源座建設開發股份有限公司	安邦工程顧問股份有限公司			大安區-辛亥段三小段-518地號等1筆	false	957
841	2018-12-27	107/12/27	大安區	大安區	擬訂臺北市大安區辛亥段四小段277-1地號等23筆(原19筆)土地都市更新事業計畫及權利變換計畫案	擬訂臺北市大安區辛亥段四小段277-1地號等23筆(原19筆)土地都市更新事業計畫及權利變換計畫案	臺北市大安區辛亥段四小段277-1、277-4、280、281、282、283、284、285、286、287、287-1、287-2、287-3、288、289、290、291、315、316、318、319、433-11、433-31地號等23筆土地	辛亥段四小段	277-1	277-1|277-4|280|281|282|283|284|285|286|287|287-1|287-2|287-3|288|289|290|291|315|316|318|319|433-11|433-31		23	19			擬訂	0	事業計畫、權利變換	程翔建設股份有限公司	財團法人都市更新研究發展基金會			大安區-辛亥段四小段-277-1地號等23筆	true	841
180	2024-11-12	113/11/12	大安區	大安區	變更臺北市大安區辛亥段四小段482地號1筆土地都市更新權利變換計畫案	變更臺北市大安區辛亥段四小段482地號1筆土地都市更新權利變換計畫案	臺北市大安區辛亥段四小段482地號1筆土地	辛亥段四小段	482	482		1				變更	1	權利變換	潤泰創新國際股份有限公司	安邦工程顧問股份有限公司			大安區-辛亥段四小段-482地號等1筆	true	180
783	2019-06-25	108/6/25	大安區	大安區	擬訂臺北市大安區辛亥段四小段482地號1筆土地都市更新事業計畫及權利變換計畫案	擬訂臺北市大安區辛亥段四小段482地號1筆土地都市更新事業計畫及權利變換計畫案	臺北市大安區辛亥段四小段482地號1筆土地	辛亥段四小段	482	482		1				擬訂	0	事業計畫、權利變換	潤泰創新國際股份有限公司	安邦工程顧問股份有限公司			大安區-辛亥段四小段-482地號等1筆	false	180
131	2025-03-13	114/3/13	大安區		變更(第三次)臺北市大安區辛亥段四小段496-13地號等14筆土地都市更新權利變換計畫案	變更(第三次)臺北市大安區辛亥段四小段496-13地號等14筆土地都市更新權利變換計畫案	臺北大安區辛亥段四小段496-13、196-15、507、508、509-2、510、510-1、511-2、511-3、511-5、511-6、511-7、512-2、527-8地號等14筆土地	辛亥段四小段	496-13	496-13|196-15|507|508|509-2|510|510-1|511-2|511-3|511-5|511-6|511-7|512-2|527-8		14				變更(第三次)	3	權利變換	贊暘建設開發股份有限公司	邑相更新規劃股份有限公司		案名與地號段小段不一致(地號為臺北大安區辛亥段四小段)	大安區-辛亥段四小段-496-13地號等14筆	true	131
364	2023-02-07	112/2/7	大安區		變更(第二次)臺北市大安區辛亥段四小段496-13地號等14筆土地都市更新事業計畫及權利變換計畫案	變更(第二次)臺北市大安區辛亥段四小段496-13地號等14筆土地都市更新事業計畫及權利變換計畫案	臺北大安區辛亥段四小段496-13、196-15、507、508、509-2、510、510-1、511-2、511-3、511-5、511-6、511-7、512-2、527-8地號等14筆土地	辛亥段四小段	496-13	496-13|196-15|507|508|509-2|510|510-1|511-2|511-3|511-5|511-6|511-7|512-2|527-8		14				變更(第二次)	2	事業計畫、權利變換	贊暘建設開發股份有限公司	邑相更新規劃股份有限公司		案名與地號段小段不一致(地號為臺北大安區辛亥段四小段)	大安區-辛亥段四小段-496-13地號等14筆	false	131
926	2017-12-14	106/12/14	大安區		變更臺北市大安區辛亥段四小段496-13地號等14筆土地都市更新事業計畫及權利變換計畫案	變更臺北市大安區辛亥段四小段496-13地號等14筆土地都市更新事業計畫及權利變換計畫案	臺北大安區辛亥段四小段496-13、196-15、507、508、509-2、510、510-1、511-2、511-3、511-5、511-6、511-7、512-2、527-8地號等14筆土地	辛亥段四小段	496-13	496-13|196-15|507|508|509-2|510|510-1|511-2|511-3|511-5|511-6|511-7|512-2|527-8		14				變更	1	事業計畫、權利變換	贊暘建設開發股份有限公司	邑相更新規劃股份有限公司		案名與地號段小段不一致(地號為臺北大安區辛亥段四小段)	大安區-辛亥段四小段-496-13地號等14筆	false	131
1034	2016-09-01	105/9/1	大安區	大安區	擬訂臺北市大安區辛亥段四小段496-13地號等14筆土地都市更新事業計畫及權利變換計畫案	擬訂臺北市大安區辛亥段四小段496-13地號等14筆土地都市更新事業計畫及權利變換計畫案	臺北市大安區辛亥段四小段496-13、496-15、507、508、509-2、510、510-1、511-2、511-3、511-5、511-6、511-7、512-2、527-8地號等14筆土地	辛亥段四小段	496-13	496-13|496-15|507|508|509-2|510|510-1|511-2|511-3|511-5|511-6|511-7|512-2|527-8		14				擬訂	0	事業計畫、權利變換	贊暘建設開發股份有限公司	邑相更新規劃股份有限公司			大安區-辛亥段四小段-496-13地號等14筆	false	131
498	2021-12-29	110/12/29	大安區	大安區	變更臺北市大安區辛亥段四小段524地號等10筆土地都市更新事業計畫及權利變換計畫案	變更臺北市大安區辛亥段四小段524地號等10筆土地都市更新事業計畫及權利變換計畫案	臺北市大安區辛亥段四小段524、525-4、524-7、524-9、526、526-2、527-3、527-6、528-2、533-5地號等10筆土地	辛亥段四小段	524	524|525-4|524-7|524-9|526|526-2|527-3|527-6|528-2|533-5		10				變更	1	事業計畫、權利變換	山秦盛建設股份有限公司	邑相更新規劃股份有限公司			大安區-辛亥段四小段-524地號等10筆	true	498
1115	2015-01-15	104/1/15	大安區	大安區	擬訂臺北市大安區辛亥段四小段524地號等10筆土地都市更新事業計畫及權利變換計畫案	擬訂臺北市大安區辛亥段四小段524地號等10筆土地都市更新事業計畫及權利變換計畫案	臺北市大安區辛亥段四小段524、525-4、524-7、524-9、526、526-2、527-3、527-6、528-2、533-5地號等10筆土地	辛亥段四小段	524	524|525-4|524-7|524-9|526|526-2|527-3|527-6|528-2|533-5		10				擬訂	0	事業計畫、權利變換	山秦盛建設股份有限公司	安邦工程顧問股份有限公司			大安區-辛亥段四小段-524地號等10筆	false	498
326	2023-05-24	112/5/24	大安區	大安區	擬訂臺北市大安區辛亥段四小段61地號等28筆土地都市更新事業計畫及權利變換計畫案	擬訂臺北市大安區辛亥段四小段61地號等28筆土地都市更新事業計畫及權利變換計畫案	臺北市大安區辛亥段四小段61、64、65、66、69、69-1、70、71、71-1、72、75、76、76-1、78、78-1、78-2、79、80、80-1、88、88-1、88-2、88-3、88-4、91、92、99、101地號等28筆土地	辛亥段四小段	61	61|64|65|66|69|69-1|70|71|71-1|72|75|76|76-1|78|78-1|78-2|79|80|80-1|88|88-1|88-2|88-3|88-4|91|92|99|101		28				擬訂	0	事業計畫、權利變換	國家住宅及都市更新中心	邑相更新規劃股份有限公司			大安區-辛亥段四小段-61地號等28筆	true	326
337	2023-04-26	112/4/26	大安區	大安區	變更臺北市大安區通化段一小段113地號等19筆土地都市更新權利變換計畫案	變更臺北市大安區通化段一小段113地號等19筆土地都市更新權利變換計畫案	臺北市大安區通化段一小段113、113-1、120、121、122、122-1、123、124、125、126、126-1、126-2、129、130、131、132、133、133-1、133-2地號等19筆土地	通化段一小段	113	113|113-1|120|121|122|122-1|123|124|125|126|126-1|126-2|129|130|131|132|133|133-1|133-2		19				變更	1	權利變換	華璞建設股份有限公司	弘傑開發事業股份有限公司			大安區-通化段一小段-113地號等19筆	true	337
729	2019-12-17	108/12/17	大安區	大安區	擬訂臺北市大安區通化段一小段113地號等19筆土地都市更新事業計畫案	擬訂臺北市大安區通化段一小段113地號等19筆土地都市更新事業計畫案	臺北市大安區通化段一小段113、113-1、120、121、122、122-1、123、124、125、126、126-1、126-2、129、130、131、132、133、133-1、133-2地號等19筆土地	通化段一小段	113	113|113-1|120|121|122|122-1|123|124|125|126|126-1|126-2|129|130|131|132|133|133-1|133-2		19				擬訂	0	事業計畫	華璞建設股份有限公司	財團法人都市更新研究發展基金會			大安區-通化段一小段-113地號等19筆	false	337
304	2023-08-15	112/8/15	大安區	大安區	變更臺北市大安區通化段一小段812地號等6筆土地都市更新事業計畫及擬訂權利變換計畫案	變更臺北市大安區通化段一小段812地號等6筆土地都市更新事業計畫及擬訂權利變換計畫案	臺北市大安區通化段一小段812、813、819、820、821、822地號等6筆土地	通化段一小段	812	812|813|819|820|821|822		6				變更	1	事業計畫、權利變換	富鉅鼎建設股份有限公司	社團法人台北市不動產及土地資源發展協會、安邦工程顧問股份有限公司			大安區-通化段一小段-812地號等6筆	true	304
980	2017-06-27	106/6/27	大安區	大安區	擬訂臺北市大安區通化段一小段812地號等6筆土地都市更新事業計畫案	擬訂臺北市大安區通化段一小段812地號等6筆土地都市更新事業計畫案	臺北市大安區通化段一小段812、813、819、820、821、822地號等6筆土地	通化段一小段	812	812|813|819|820|821|822		6				擬訂	0	事業計畫	富鉅鼎建設股份有限公司	爵鼎都市建築股份有限公司			大安區-通化段一小段-812地號等6筆	false	304
134	2025-03-12	114/3/12	大安區	大安區	擬訂臺北市大安區通化段三小段84地號等7筆土地都市更新事業計畫案	擬訂臺北市大安區通化段三小段84地號等7筆土地都市更新事業計畫案	臺北市大安區通化段三小段84、85、86、87、87-1、88、88-1地號等7筆土地	通化段三小段	84	84|85|86|87|87-1|88|88-1		7				擬訂	0	事業計畫	巧洋實業股份有限公司	紹洋建築師事務所			大安區-通化段三小段-84地號等7筆	true	134
303	2023-08-16	112/8/16	大安區	大安區	擬訂臺北市大安區通化段五小段191-1地號等6筆土地都市更新事業計畫及權利變換計畫案	擬訂臺北市大安區通化段五小段191-1地號等6筆土地都市更新事業計畫及權利變換計畫案	臺北市大安區通化段五小段191-1、256、257-3、257-4、257-5、258-1地號等6筆土地	通化段五小段	191-1	191-1|256|257-3|257-4|257-5|258-1		6				擬訂	0	事業計畫、權利變換	元利建設企業股份有限公司	冠霖不動產顧問股份有限公司			大安區-通化段五小段-191-1地號等6筆	true	303
172	2024-12-11	113/12/11	大安區	大安區	擬訂臺北市大安區通化段五小段191-4地號等24筆土地都市更新事業計畫案	擬訂臺北市大安區通化段五小段191-4地號等24筆土地都市更新事業計畫案	臺北市大安區通化段五小段191-4、446-1、446-7、450、451、451-1、451-2、452、452-1、452-2、453、454、454-1、454-2、455、455-1、456、457、458、459、460、461、462、462-1地號等24筆土地	通化段五小段	191-4	191-4|446-1|446-7|450|451|451-1|451-2|452|452-1|452-2|453|454|454-1|454-2|455|455-1|456|457|458|459|460|461|462|462-1		24				擬訂	0	事業計畫	國賓金建設股份有限公司	弘傑城市開發股份有限公司			大安區-通化段五小段-191-4地號等24筆	true	172
116	2025-04-29	114/4/29	大安區	大安區	變更臺北市大安區通化段五小段242地號等10筆土地都市更新權利變換計畫案	變更臺北市大安區通化段五小段242地號等10筆土地都市更新權利變換計畫案	臺北市大安區通化段五小段242、243、244、245、246、247-1、248、249、250、251地號等10筆土地	通化段五小段	242	242|243|244|245|246|247-1|248|249|250|251		10				變更	1	權利變換	聯勤建設實業股份有限公司	財團法人都市更新研究發展基金會			大安區-通化段五小段-242地號等10筆	true	116
536	2021-09-09	110/9/9	大安區	大安區	擬訂臺北市大安區通化段五小段242地號等10筆土地都市更新事業計畫及權利變換計畫案	擬訂臺北市大安區通化段五小段242地號等10筆土地都市更新事業計畫及權利變換計畫案	臺北市大安區通化段五小段242、243、244、245、246、247-1、248、249、250、251地號等10筆土地	通化段五小段	242	242|243|244|245|246|247-1|248|249|250|251		10				擬訂	0	事業計畫、權利變換	聯勤建設實業股份有限公司	財團法人都市更新研究發展基金會			大安區-通化段五小段-242地號等10筆	false	116
335	2023-05-03	112/5/3	大安區	大安區	變更臺北市大安區通化段五小段416地號等13筆土地都市更新權利變換計畫案	變更臺北市大安區通化段五小段416地號等13筆土地都市更新權利變換計畫案	臺北市大安區通化段五小段416、416-1、416-2、419、420、423、423-1、424、425、425-1、425-7、426、443地號等13筆土地	通化段五小段	416	416|416-1|416-2|419|420|423|423-1|424|425|425-1|425-7|426|443		13				變更	1	權利變換	臺北市住宅及都市更新中心	財團法人都市更新研究發展基金會			大安區-通化段五小段-416地號等13筆	true	335
741	2019-11-12	108/11/12	大安區	大安區	擬訂臺北市大安區通化段五小段416地號等13筆土地都市更新事業計畫及權利變換計畫案	擬訂臺北市大安區通化段五小段416地號等13筆土地都市更新事業計畫及權利變換計畫案	臺北市大安區通化段五小段416、416-1、416-2、419、420、423、423-1、424、425、425-1、425-7、426、443地號等13筆土地	通化段五小段	416	416|416-1|416-2|419|420|423|423-1|424|425|425-1|425-7|426|443		13				擬訂	0	事業計畫、權利變換	財團法人臺北市都市更新推動中心	財團法人都市更新研究發展基金會			大安區-通化段五小段-416地號等13筆	false	335
12	2026-07-08	115/7/8	大安區	大安區	擬訂臺北市大安區通化段五小段447地號等5筆土地都市更新事業計畫案_核定公告	擬訂臺北市大安區通化段五小段447地號等5筆土地都市更新事業計畫案_核定公告	臺北市大安區通化段五小段447、448、448-1、449、449-1地號等5筆土地	通化段五小段	447	447|448|448-1|449|449-1		5				擬訂	0	事業計畫	中國開發資產管理股份有限公司	台北再開發規劃股份有限公司			大安區-通化段五小段-447地號等5筆	true	12
509	2021-12-08	110/12/8	大安區	大安區	擬訂臺北市大安區通化段五小段447地號等5筆土地都市更新事業概要案	擬訂臺北市大安區通化段五小段447地號等5筆土地都市更新事業概要案	臺北市大安區通化段五小段447、448、448-1、449、449-1地號等5筆土地	通化段五小段	447	447|448|448-1|449|449-1		5				擬訂	0	事業概要	邱清裕	台北再開發規劃股份有限公司			大安區-通化段五小段-447地號等5筆	false	12
472	2022-03-24	111/3/24	大安區	大安區	擬訂臺北市大安區通化段五小段518地號等2筆(原1筆)土地事業概要案	擬訂臺北市大安區通化段五小段518地號等2筆(原1筆)土地事業概要案	臺北市大安區通化段五小段518及518-1地號等2筆土地	通化段五小段	518			2	1			擬訂	0	事業概要	博鑫開發有限公司弘傑不動產事業股	份有限公司		地號無法解析(缺少地號清單)	大安區-通化段五小段-518地號等2筆	true	472
9	2026-07-14	115/7/14	大安區	大安區	擬訂臺北市大安區通化段六小段202地號等7筆土地都市更新事業計畫案	擬訂臺北市大安區通化段六小段202地號等7筆土地都市更新事業計畫案	臺北市大安區通化段六小段202、203、204、215、216、217、218-1地號等7筆土地	通化段六小段	202	202|203|204|215|216|217|218-1		7				擬訂	0	事業計畫	璞慶建設股份有限公司	里美都市開發股份有限公司			大安區-通化段六小段-202地號等7筆	true	9
192	2024-08-15	113/8/15	大安區	大安區	變更臺北市大安區通化段六小段497地號等22筆土地都市更新事業計畫案	變更臺北市大安區通化段六小段497地號等22筆土地都市更新事業計畫案	臺北市大安區通化段六小段497、498、501、502、503、504、505、506、507-1、508、509、510、511、512、513、515、516、517、518、519、520、521地號等22筆土地	通化段六小段	497	497|498|501|502|503|504|505|506|507-1|508|509|510|511|512|513|515|516|517|518|519|520|521		22				變更	1	事業計畫	東家建設開發股份有限公司	東禧不動產創新股份有限公司			大安區-通化段六小段-497地號等22筆	true	192
441	2022-06-30	111/6/30	大安區	大安區	擬訂臺北市大安區通化段六小段497地號等22筆土地都市更新事業計畫案	擬訂臺北市大安區通化段六小段497地號等22筆土地都市更新事業計畫案	臺北市大安區通化段六小段497、498、501、502、503、504、505、506、507-1、508、509、510、511、512、513、515、516、517、518、519、520、521地號等22筆土地	通化段六小段	497	497|498|501|502|503|504|505|506|507-1|508|509|510|511|512|513|515|516|517|518|519|520|521		22				擬訂	0	事業計畫	東家建設開發股份有限公司	東禧不動產創新股份有限公司			大安區-通化段六小段-497地號等22筆	false	192
268	2023-12-12	112/12/12	大安區	大安區	擬訂臺北市大安區通化段六小段665地號等31筆土地都市更新事業計畫及權利變換計畫案	擬訂臺北市大安區通化段六小段665地號等31筆土地都市更新事業計畫及權利變換計畫案	臺北市大安區通化段六小段665、666、666-1、667、667-1、668、669、669-1、670、670-1、670-2、671、671-1、672、672-1、673、673-1、674、674-1、675、675-1、676、677、678、679、680、681、682、683、684、685地號等31筆土地	通化段六小段	665	665|666|666-1|667|667-1|668|669|669-1|670|670-1|670-2|671|671-1|672|672-1|673|673-1|674|674-1|675|675-1|676|677|678|679|680|681|682|683|684|685		31				擬訂	0	事業計畫、權利變換	德運建設股份有限公司	東亞建築經理股份有限公司			大安區-通化段六小段-665地號等31筆	true	268
592	2021-02-02	110/2/2	大安區	大安區	變更臺北市大安區通化段四小段121地號等39筆土地都市更新事業計畫案	變更臺北市大安區通化段四小段121地號等39筆土地都市更新事業計畫案	臺北市大安區通化段四小段121、124、125、126、126-1、127、127-1、127-2、128、129、130、131、132、134、134-1、151-1、151-2、152、152-1、153、154、154-1、155-1、156、156-1、156-2、157、157-1、158、159、160、161、162、163、163-1、164、165、166、167地號等39筆土地	通化段四小段	121	121|124|125|126|126-1|127|127-1|127-2|128|129|130|131|132|134|134-1|151-1|151-2|152|152-1|153|154|154-1|155-1|156|156-1|156-2|157|157-1|158|159|160|161|162|163|163-1|164|165|166|167		39				變更	1	事業計畫	士林開發股份有限公司	邑相更新規劃股份有限公司			大安區-通化段四小段-121地號等39筆	true	592
1107	2015-03-05	104/3/5	大安區	大安區	擬訂臺北市大安區通化段四小段121地號等39筆土地都市更新事業計畫案	擬訂臺北市大安區通化段四小段121地號等39筆土地都市更新事業計畫案	臺北市大安區通化段四小段121、124、125、126、126-1、127、127-1、127-2、128、129、130、131、132、134、134-1、151-1、151-2、152、152-1、153、154、154-1、155-1、156、156-1、156-2、157、157-1、158、159、160、161、162、163、163-1、164、165、166、167地號等39筆土地	通化段四小段	121	121|124|125|126|126-1|127|127-1|127-2|128|129|130|131|132|134|134-1|151-1|151-2|152|152-1|153|154|154-1|155-1|156|156-1|156-2|157|157-1|158|159|160|161|162|163|163-1|164|165|166|167		39				擬訂	0	事業計畫	睦昇建設股份有限公司	邑相更新規劃股份有限公司			大安區-通化段四小段-121地號等39筆	false	592
351	2023-03-21	112/3/21	大安區	大安區	變更臺北市大安區通化段四小段336地號等26筆（原22筆）土地都市更新事業計畫案	變更臺北市大安區通化段四小段336地號等26筆（原22筆）土地都市更新事業計畫案	臺北市大安區通化段四小段336、336-1、339、340、341、341-1、342、342-1、343、343-1、344、345、346、347、347-1、347-2、348、349、350、354-1、356、357、357-1、358、358-1、362地號等26筆土地	通化段四小段	336	336|336-1|339|340|341|341-1|342|342-1|343|343-1|344|345|346|347|347-1|347-2|348|349|350|354-1|356|357|357-1|358|358-1|362		26				變更	1	事業計畫	永陞建設股份有限公司				大安區-通化段四小段-336地號等26筆	true	351
436	2022-08-02	111/8/2	大安區	大安區	擬訂臺北市大安區通化段四小段336地號等26筆（原22筆）土地都市更新事業計畫案	擬訂臺北市大安區通化段四小段336地號等26筆（原22筆）土地都市更新事業計畫案	臺北市大安區通化段四小段336、336-1、339、340、341、341-1、342、342-1、343、343-1、344、345、346、347、347-1、347-2、348、349、350、354-1、356、357、357-1、358、358-1、362地號等26筆土地	通化段四小段	336	336|336-1|339|340|341|341-1|342|342-1|343|343-1|344|345|346|347|347-1|347-2|348|349|350|354-1|356|357|357-1|358|358-1|362		26				擬訂	0	事業計畫	泰記開發股份有限公司	奇模工程有限公司			大安區-通化段四小段-336地號等26筆	false	351
173	2024-12-11	113/12/11	大安區	大安區	變更(第二次)臺北市大安區金華段一小段110-2地號等14筆土地都市更新權利變換計畫案	變更(第二次)臺北市大安區金華段一小段110-2地號等14筆土地都市更新權利變換計畫案	臺北市大安區金華段一小段110-2、110-3、110-4、110-5、111、112、113、115、116、116-1、117、118、119、119-1地號等14筆土地	金華段一小段	110-2	110-2|110-3|110-4|110-5|111|112|113|115|116|116-1|117|118|119|119-1		14				變更(第二次)	2	權利變換	德運建設股份有限公司	東亞建築經理股份有限公司			大安區-金華段一小段-110-2地號等14筆	true	173
334	2023-05-04	112/5/4	大安區	大安區	變更臺北市大安區金華段一小段110-2地號等14筆土地都市更新事業計畫及權利變換計畫案	變更臺北市大安區金華段一小段110-2地號等14筆土地都市更新事業計畫及權利變換計畫案	臺北市大安區金華段一小段110-2、110-3、110-4、110-5、111、112、113、115、116、116-1、117、118、119、119-1地號等14筆土地	金華段一小段	110-2	110-2|110-3|110-4|110-5|111|112|113|115|116|116-1|117|118|119|119-1		14				變更	1	事業計畫、權利變換	德運建設股份有限公司	東亞建築經理股份有限公司			大安區-金華段一小段-110-2地號等14筆	false	173
717	2020-01-09	109/1/9	大安區	大安區	擬訂臺北市大安區金華段一小段110-2地號等14筆土地都市更新事業計畫及權利變換計畫案	擬訂臺北市大安區金華段一小段110-2地號等14筆土地都市更新事業計畫及權利變換計畫案	臺北市大安區金華段一小段110-2、110-3、110-4、110-5、111、112、113、115、116、116-1、117、118、119、119-1地號等14筆土地	金華段一小段	110-2	110-2|110-3|110-4|110-5|111|112|113|115|116|116-1|117|118|119|119-1		14				擬訂	0	事業計畫、權利變換	德運建設股份有限公司	新峰都更事業股份有限公司			大安區-金華段一小段-110-2地號等14筆	false	173
154	2025-01-22	114/1/22	大安區	大安區	變更(第二次)臺北市大安區金華段一小段719地號等11筆土地都市更新事業計畫案	變更(第二次)臺北市大安區金華段一小段719地號等11筆土地都市更新事業計畫案	臺北市大安區金華段一小段719、720、721、722、723、727、728、729、730、739、739-11地號等11筆土地	金華段一小段	719	719|720|721|722|723|727|728|729|730|739|739-11		11				變更(第二次)	2	事業計畫	富都新開發建設股份有限公司	弘傑不動產事業股份有限公司			大安區-金華段一小段-719地號等11筆	true	154
629	2020-09-16	109/9/16	大安區	大安區	變更臺北市大安區金華段一小段719地號等11筆土地都市更新事業計畫及擬訂權利變換計畫案	變更臺北市大安區金華段一小段719地號等11筆土地都市更新事業計畫及擬訂權利變換計畫案	臺北市大安區金華段一小段719、720、721、722、723、727、728、729、730、739、739-11地號等11筆土地	金華段一小段	719	719|720|721|722|723|727|728|729|730|739|739-11		11				變更	1	事業計畫、權利變換	富都新開發建設股份有限公司	弘傑不動產事業股份有限公司			大安區-金華段一小段-719地號等11筆	false	154
878	2018-07-24	107/7/24	大安區	大安區	擬訂臺北市大安區金華段一小段719地號等11筆土地都市更新事業計畫案	擬訂臺北市大安區金華段一小段719地號等11筆土地都市更新事業計畫案	臺北市大安區金華段一小段719、720、721、722、723、727、728、729、730、739及739-11地號等11筆土地	金華段一小段	719	719|720|721|722|723|727|728|729|730		11				擬訂	0	事業計畫	富都新開發建設股份有限公司	弘傑不動產事業股份有限公司			大安區-金華段一小段-719地號等11筆	false	154
59	2026-01-07	115/1/7	大安區	大安區	變更(第三次)臺北市大安區金華段一小段719地號等1筆(原11筆)土地都市更新事業計畫案	變更(第三次)臺北市大安區金華段一小段719地號等1筆(原11筆)土地都市更新事業計畫案	臺北市大安區金華段一小段7191筆土地	金華段一小段	719			1	11			變更(第三次)	3	事業計畫	富都新開發建設股份有限公司	弘傑開發事業股份有限公司		地號無法解析(缺少地號清單)	大安區-金華段一小段-719地號等1筆	true	59
721	2020-01-07	109/1/7	大安區	大安區	變更臺北市大安區金華段三小段383-16地號等36筆土地都市更新事業計畫及權利變換計畫案	變更臺北市大安區金華段三小段383-16地號等36筆土地都市更新事業計畫及權利變換計畫案	166、167、168、169、170、171、172地號等113筆土地臺北市大安區金華段三小段383-16、384、384-5、384-6、384-7、384-8、385、385-14、385-15、385-16、385-17、385-18、385-19、385-20、385-21、385-23、385-24、385-25、385-26、385-27、385-28、385-29、385-30、385-31、385-32、385-33、385-34、385-35、385-36、385-37、385-38、385-39、385-40、385-41、386、441-2地號等36筆土地	金華段三小段	383-16	383-16|384|384-5|384-6|384-7|384-8|385|385-14|385-15|385-16|385-17|385-18|385-19|385-20|385-21|385-23|385-24|385-25|385-26|385-27|385-28|385-29|385-30|385-31|385-32|385-33|385-34|385-35|385-36|385-37|385-38|385-39|385-40|385-41|386|441-2		36				變更	1	事業計畫、權利變換	鼎美建設股份有限公司	丹棠開發股份有限公司			大安區-金華段三小段-383-16地號等36筆	true	721
1063	2015-01-07	104/1/7	大安區	大安區	擬訂臺北市大安區金華段三小段383-16地號等36筆土地都市更新事業計畫及權利變換計畫案	擬訂臺北市大安區金華段三小段383-16地號等36筆土地都市更新事業計畫及權利變換計畫案	臺北市大安區金華段三小段383-16、384、384-5、384-6、384-7、384-8、385、385-14、385-15、385-16、385-17、385-18、385-19、385-20、385-21、385-23、385-24、385-25、385-26、385-27、385-28、385-29、385-30、385-31、385-32、385-33、385-34、385-35、385-36、385-37、385-38、385-39、385-40、385-41、386、441-2地號等36筆土地	金華段三小段	383-16	383-16|384|384-5|384-6|384-7|384-8|385|385-14|385-15|385-16|385-17|385-18|385-19|385-20|385-21|385-23|385-24|385-25|385-26|385-27|385-28|385-29|385-30|385-31|385-32|385-33|385-34|385-35|385-36|385-37|385-38|385-39|385-40|385-41|386|441-2		36				擬訂	0	事業計畫、權利變換	鼎美建設股份有限公司	丹棠開發股份有限公司			大安區-金華段三小段-383-16地號等36筆	false	721
1072	2015-12-03	104/12/3	大安區	大安區	變更臺北市大安區金華段二小段445-3地號等2筆土地都市更新事業計畫案	變更臺北市大安區金華段二小段445-3地號等2筆土地都市更新事業計畫案	臺北市大安區金華段二小段445-3、486地號等2筆土地	金華段二小段	445-3	445-3|486		2				變更	1	事業計畫	寶舖建設股份有限公司	合邑都市更新股份有限公司			大安區-金華段二小段-445-3地號等2筆	true	1072
1172	2013-07-30	102/7/30	大安區	大安區	擬訂臺北市大安區金華段二小段445-3地號等2筆土地都市更新事業計畫案	擬訂臺北市大安區金華段二小段445-3地號等2筆土地都市更新事業計畫案	臺北市大安區金華段二小段455-3、486地號等2筆土地	金華段二小段	445-3	455-3|486		2				擬訂	0	事業計畫	寶舖建設股份有限公司	力冠丰都市規劃有限公司			大安區-金華段二小段-445-3地號等2筆	false	1072
1289	2010-02-05	99/2/5	大安區	大安區	變更臺北市大安區金華段二小段963地號等24筆(原12筆)土地都市更新事業計畫案	變更臺北市大安區金華段二小段963地號等24筆(原12筆)土地都市更新事業計畫案	臺北市大安區金華段二小段963、963-15、963-16、963-17、964、964-5、964-6、967、968、969、970、971、971-1、971-2、972、973、974、975、975-1、976、977、978、979、980地號等24筆(原12筆)土地	金華段二小段	963	963|963-15|963-16|963-17|964|964-5|964-6|967|968|969|970|971|971-1|971-2|972|973|974|975|975-1|976|977|978|979|980		24	12			變更	1	事業計畫	元利建設企業股份有限公司	陳傳宗建築師事務所			大安區-金華段二小段-963地號等24筆	true	1289
1370	2007-09-06	96/9/6	大安區	大安區	擬訂臺北市大安區金華段二小段963地號等12筆土地都市更新事業計畫案	擬訂臺北市大安區金華段二小段963地號等12筆土地都市更新事業計畫案	臺北市大安區金華段二小段963、964、964-5、967、968、969、970、971、971-1、971-2、975、976地號等12筆土地	金華段二小段	963	963|964|964-5|967|968|969|970|971|971-1|971-2|975|976		12				擬訂	0	事業計畫	元利建設企業股份有限公司	陳傳宗建築師事務所			大安區-金華段二小段-963地號等24筆	false	1289
222	2024-05-08	113/5/8	大安區	大安區	擬訂臺北市大安區金華段四小段126地號等3筆土地都市更新事業計畫案	擬訂臺北市大安區金華段四小段126地號等3筆土地都市更新事業計畫案	臺北市大安區金華段四小段126、127、127-1地號等3筆土地	金華段四小段	126	126|127|127-1		3				擬訂	0	事業計畫	新美開發股份有限公司	安邦工程顧問股份有限公司			大安區-金華段四小段-126地號等3筆	true	222
18	2026-06-30	115/6/30	大安區	大安區	變更臺北市大安區金華段四小段455-3地號等12筆(原508地號等11筆)土地都市更新事業計畫及擬訂權利變換計畫案	變更臺北市大安區金華段四小段455-3地號等12筆(原508地號等11筆)土地都市更新事業計畫及擬訂權利變換計畫案	臺北市大安區金華段四小段455-3、508、508-3、509、510、511-1、511-5、511-12、518-1、518-3、518-4、518-8地號等12筆土地	金華段四小段	455-3	455-3|508|508-3|509|510|511-1|511-5|511-12|518-1|518-3|518-4|518-8		12				變更	1	事業計畫、權利變換	江陵機電股份有限公司	日觀實業股份有限公司			大安區-金華段四小段-455-3地號等12筆	true	18
1376	2007-05-01	96/5/1	大安區	大安區	擬訂臺北市大安區金華段四小段508地號等11筆土地都市更新事業計畫案	擬訂臺北市大安區金華段四小段508地號等11筆土地都市更新事業計畫案	臺北市大安區金華段四小段455-3、462、508、509、510、511-1、511-5、511-12、518-1、518-3、518-4地號等11筆土地	金華段四小段	508	455-3|462|508|509|510|511-1|511-5|511-12|518-1|518-3|518-4		11				擬訂	0	事業計畫	江陵機電股份有限公司	張玉樹建築師事務所			大安區-金華段四小段-455-3地號等12筆	false	18
797	2019-05-14	108/5/14	大安區	大安區	變更臺北市大安區金華段四小段513-3地號等13筆(原11筆)土地都市更新計畫案	變更臺北市大安區金華段四小段513-3地號等13筆(原11筆)土地都市更新計畫案	臺北市大安區金華段四小段513-3、513-4、513-5、514-2、515、515-1、515-2、515-3、515-4、518、518-7、519、519-6地號等13筆土地	金華段四小段	513-3	513-3|513-4|513-5|514-2|515|515-1|515-2|515-3|515-4|518|518-7|519|519-6		13	11			變更	1	都市更新計畫	江陵機電股份有限公司	日觀實業股份有限公司			大安區-金華段四小段-513-3地號等13筆	true	797
1040	2016-07-21	105/7/21	大安區	大安區	擬訂臺北市大安區金華段四小段513-3地號等11筆土地都市更新計畫案	擬訂臺北市大安區金華段四小段513-3地號等11筆土地都市更新計畫案	臺北市大安區金華段四小段513-3、513-4、513-5、514-2、515、515-1、515-2、515-3、515-4、518、519地號等11筆土地	金華段四小段	513-3	513-3|513-4|513-5|514-2|515|515-1|515-2|515-3|515-4|518|519		11				擬訂	0	都市更新計畫	江陵機電股份有限公司	日觀實業股份有限公司			大安區-金華段四小段-513-3地號等13筆	false	797
153	2025-01-22	114/1/22	大安區	大安區	變更(第二次)臺北市大安區龍泉段一小段123地號等6筆土地都市更新權利變換計畫案	變更(第二次)臺北市大安區龍泉段一小段123地號等6筆土地都市更新權利變換計畫案	臺北市大安區龍泉段一小段123、124、127、129、132、133地號等6筆土地	龍泉段一小段	123	123|124|127|129|132|133		6				變更(第二次)	2	權利變換	四方開發建設股份有限公司	弘傑不動產事業股份有限公司			大安區-龍泉段一小段-123地號等6筆	true	153
399	2022-11-10	111/11/10	大安區	大安區	變更臺北市大安區龍泉段一小段123地號等6筆土地都市更新事業計畫及權利變換計畫案	變更臺北市大安區龍泉段一小段123地號等6筆土地都市更新事業計畫及權利變換計畫案	臺北市大安區龍泉段一小段123、124、127、129、132、133地號等6筆土地	龍泉段一小段	123	123|124|127|129|132|133		6				變更	1	事業計畫、權利變換	四方開發建設股份有限公司	弘傑不動產事業股份有限公司			大安區-龍泉段一小段-123地號等6筆	false	153
702	2020-02-20	109/2/20	大安區	大安區	擬訂臺北市大安區龍泉段一小段123地號等6筆土地都市更新權利變換計畫案	擬訂臺北市大安區龍泉段一小段123地號等6筆土地都市更新權利變換計畫案	臺北市大安區龍泉段一小段123、124、127、129、132、133地號等6筆土地	龍泉段一小段	123	123|124|127|129|132|133		6				擬訂	0	權利變換	四方開發建設股份有限公司	弘傑不動產事業股份有限公司			大安區-龍泉段一小段-123地號等6筆	false	153
931	2017-12-07	106/12/7	大安區	大安區	擬訂臺北市大安區龍泉段一小段123地號等6筆土地都市更新事業計畫案	擬訂臺北市大安區龍泉段一小段123地號等6筆土地都市更新事業計畫案	臺北市大安區龍泉段一小段123、124、127、129、132、133地號等6筆土地	龍泉段一小段	123	123|124|127|129|132|133		6				擬訂	0	事業計畫	四方開發建設股份有限公司	弘傑不動產事業股份有限公司			大安區-龍泉段一小段-123地號等6筆	false	153
559	2021-06-30	110/6/30	大安區	大安區	變更臺北市大安區龍泉段一小段169地號等29筆土地都市更新事業計畫案	變更臺北市大安區龍泉段一小段169地號等29筆土地都市更新事業計畫案	臺北市大安區龍泉段一小段169、169-3、169-4、169-5、425、425-1、426、427-1、429、429-1、429-2、429-4、430、430-2、430-3、430-5、431、431-2、431-3、431-7、434、435、436、436-1、437、437-1、437-3、437-4、437-5地號等29筆土地	龍泉段一小段	169	169|169-3|169-4|169-5|425|425-1|426|427-1|429|429-1|429-2|429-4|430|430-2|430-3|430-5|431|431-2|431-3|431-7|434|435|436|436-1|437|437-1|437-3|437-4|437-5		29				變更	1	事業計畫	頂禾開發股份有限公司	財團法人都市更新研究發展基金會			大安區-龍泉段一小段-169地號等29筆	true	559
1143	2014-01-28	103/1/28	大安區	大安區	擬訂臺北市大安區龍泉段一小段169地號等29筆土地都市更新事業計畫案	擬訂臺北市大安區龍泉段一小段169地號等29筆土地都市更新事業計畫案	臺北市大安區龍泉段一小段169、169-3、169-4、169-5、425、425-1、426、427-1、429、429-1、429-2、429-4、430、430-2、430-3、430-5、431、431-2、431-3、431-7、434、435、436、436-1、437、437-1、437-3、437-4、437-5地號等29筆土地	龍泉段一小段	169	169|169-3|169-4|169-5|425|425-1|426|427-1|429|429-1|429-2|429-4|430|430-2|430-3|430-5|431|431-2|431-3|431-7|434|435|436|436-1|437|437-1|437-3|437-4|437-5		29				擬訂	0	事業計畫	誠美建築開發股份有限公司	信實都市開發股份有限公司			大安區-龍泉段一小段-169地號等29筆	false	559
494	2021-12-30	110/12/30	大安區	大安區	變更臺北市大安區龍泉段一小段206地號等5筆土地都市更新事業計畫及權利變換計畫案	變更臺北市大安區龍泉段一小段206地號等5筆土地都市更新事業計畫及權利變換計畫案	臺北市大安區龍泉段一小段206、324、327、328、329地號等5筆土地	龍泉段一小段	206	206|324|327|328|329		5				變更	1	事業計畫、權利變換	桓億建設股份有限公司	丹棠開發股份有限公司			大安區-龍泉段一小段-206地號等5筆	true	494
1018	2016-11-15	105/11/15	大安區	大安區	擬訂臺北市大安區龍泉段一小段206地號等5筆土地都市更新事業計畫及權利變換計畫案	擬訂臺北市大安區龍泉段一小段206地號等5筆土地都市更新事業計畫及權利變換計畫案	臺北市大安區龍泉段一小段206、324、327、328、329地號等5筆土地	龍泉段一小段	206	206|324|327|328|329		5				擬訂	0	事業計畫、權利變換	桓億建設股份有限公司	丹棠開發股份有限公司			大安區-龍泉段一小段-206地號等5筆	false	494
759	2019-09-18	108/9/18	大安區	大安區	擬訂臺北市大安區龍泉段一小段393地號等17筆土地都市更新事業計畫案	擬訂臺北市大安區龍泉段一小段393地號等17筆土地都市更新事業計畫案	臺北市大安區龍泉段一小段393、404、404-1、405、405-1、406、406-2、407、407-2、408-1、411、414、415、418、419、420、463-1等17筆	龍泉段一小段	393	393|404|404-1|405|405-1|406|406-2|407|407-2|408-1|411|414|415|418|419|420		17				擬訂	0	事業計畫	潤泰創新國際股份有限公司	邑相更新規劃股份有限公司			大安區-龍泉段一小段-393地號等17筆	true	759
194	2024-08-13	113/8/13	大安區	大安區	擬訂臺北市大安區龍泉段一小段534地號等16筆土地都市更新事業概要案	擬訂臺北市大安區龍泉段一小段534地號等16筆土地都市更新事業概要案	臺北市大安區龍泉段一小段534、535、536、537、538、540、542、543、544、545、546、547、548、548-1、551、556地號等16筆土地	龍泉段一小段	534	534|535|536|537|538|540|542|543|544|545|546|547|548|548-1|551|556		16				擬訂	0	事業概要	高羅美惠	里美都市開發股份有限公司			大安區-龍泉段一小段-534地號等16筆	true	194
1405	2004-08-20	93/8/20	大安區	大安區	變更臺北市大安區龍泉段一小段712地號1筆土地都市更新事業計畫案	變更臺北市大安區龍泉段一小段712地號1筆土地都市更新事業計畫案	臺北市大安區龍泉段一小段712地號等1筆土地	龍泉段一小段	712	712		1				變更	1	事業計畫	勝堡村營造工程股份有限公司	潘冀聯合建築師事務所			大安區-龍泉段一小段-712地號等1筆	true	1405
1417	2002-06-06	91/6/6	大安區	大安區	擬訂臺北市大安區龍泉段一小段712地號1筆土地都市更新事業計畫案	擬訂臺北市大安區龍泉段一小段712地號1筆土地都市更新事業計畫案	臺北市大安區龍泉段一小段712地號等1筆土地	龍泉段一小段	712	712		1				擬訂	0	事業計畫	勝堡村營造工程股份有限公司	潘冀聯合建築師事務所			大安區-龍泉段一小段-712地號等1筆	false	1405
640	2020-08-26	109/8/26	大安區	大安區	擬訂臺北市大安區龍泉段三小段61-1地號等32筆土地都市更新權利變換計畫案	擬訂臺北市大安區龍泉段三小段61-1地號等32筆土地都市更新權利變換計畫案	臺北市大安區龍泉段三小段61-1、64、65、66、67、68、69-1、69-7、69-8、70、70-1、119、119-1、120、120-1、121、121-1、122、125、125-1、126、129、130、131、132、133、134、150-1、151-1、151-2、152、152-1地號等32筆土地	龍泉段三小段	61-1	61-1|64|65|66|67|68|69-1|69-7|69-8|70|70-1|119|119-1|120|120-1|121|121-1|122|125|125-1|126|129|130|131|132|133|134|150-1|151-1|151-2|152|152-1		32				擬訂	0	權利變換	古亭開發事業股份有限公司	黃秀莊建築師事務所			大安區-龍泉段三小段-61-1地號等32筆	true	640
1050	2016-05-12	105/5/12	大安區	大安區	擬訂臺北市大安區龍泉段三小段61-1地號等32筆土地都市更新事業計畫案	擬訂臺北市大安區龍泉段三小段61-1地號等32筆土地都市更新事業計畫案	臺北市大安區龍泉段三小段61-1、64、65、66、67、68、69-1、69-7、69-8、70、119、119-1、120、120-1、121、121-1、122、125、125-1、126、129、130、131、132、133、134、150-1、151-1、151-2、152、152-1、70-1地號等32筆土地	龍泉段三小段	61-1	61-1|64|65|66|67|68|69-1|69-7|69-8|70|119|119-1|120|120-1|121|121-1|122|125|125-1|126|129|130|131|132|133|134|150-1|151-1|151-2|152|152-1|70-1		32				擬訂	0	事業計畫	古亭開發事業股份有限公司	黃秀莊建築師事務所			大安區-龍泉段三小段-61-1地號等32筆	false	640
1014	2016-12-20	105/12/20	大安區	大安區	變更(第二次)臺北市大安區龍泉段三小段736地號等23筆土地都市更新權利變換計畫(含釐正圖冊)案	變更(第二次)臺北市大安區龍泉段三小段736地號等23筆土地都市更新權利變換計畫(含釐正圖冊)案	臺北市大安區龍泉段三小段736、737、738、739、740、741、742、743、744、745、752、736-1、737-1、719-1、737-3、737-4、738-1、739-1、741-1、742-1、743-1、744-1、752-1地號等23筆土地	龍泉段三小段	736	736|737|738|739|740|741|742|743|744|745|752|736-1|737-1|719-1|737-3|737-4|738-1|739-1|741-1|742-1|743-1|744-1|752-1		23				變更(第二次)	2	權利變換	耕薪都市更新股份有限公司	耕磊都市規劃股份有限公司			大安區-龍泉段三小段-736地號等23筆	true	1014
1187	2013-05-28	102/5/28	大安區	大安區	變更(第二次)臺北市大安區龍泉段三小段736地號等23筆土地都市更新事業計畫及變更權利變換計畫案	變更(第二次)臺北市大安區龍泉段三小段736地號等23筆土地都市更新事業計畫及變更權利變換計畫案	臺北市大安區龍泉段三小段736、737、738、739、740、741、742、743、744、745、452、736-1、737-1、719-1、737-3、737-4、738-1、739-1、741-1、742-1、743-1、744-1、745-1地號等23筆土地臺北市萬華區雙園段二小段505、506、507、508、509、510、511-1、512、513、514、514-1、514-2、515、516、516-1、	龍泉段三小段	736	736|737|738|739|740|741|742|743|744|745|452|736-1|737-1|719-1|737-3|737-4|738-1|739-1|741-1|742-1|743-1|744-1|745-1		23				變更(第二次)	2	事業計畫、權利變換	耕薪都市更新股份有限公司	邑相聯合建築師事務所			大安區-龍泉段三小段-736地號等23筆	false	1014
1248	2011-07-04	100/7/4	大安區	大安區	變更臺北市大安區龍泉段三小段736地號等23筆土地都市更新事業計畫及擬訂權利變換計畫案	變更臺北市大安區龍泉段三小段736地號等23筆土地都市更新事業計畫及擬訂權利變換計畫案	臺北市大安區龍泉段三小段736、737、738、739、740、741、742、743、744、745、452、736-1、737-1、719-1、737-3、737-4、738-1、739-1、741-1、742-1、743-1、744-1、745-1地號等23筆土地	龍泉段三小段	736	736|737|738|739|740|741|742|743|744|745|452|736-1|737-1|719-1|737-3|737-4|738-1|739-1|741-1|742-1|743-1|744-1|745-1		23				變更	1	事業計畫、權利變換	耕薪都市更新股份有限公司	邑相聯合建築師事務所			大安區-龍泉段三小段-736地號等23筆	false	1014
1341	2008-07-15	97/7/15	大安區	大安區	擬訂臺北市大安區龍泉段三小段736地號等14筆土地都市更新事業計畫案	擬訂臺北市大安區龍泉段三小段736地號等14筆土地都市更新事業計畫案	臺北市大安區龍泉段三小段736、737、738、739、740、741、742、743、744、745、452、736-1、737-1、719-1、737-3、737-4、738-1、739-1、741-1、742-1、743-1、744-1、745-1地號等23筆土地	龍泉段三小段	736	736|737|738|739|740|741|742|743|744|745|452|736-1|737-1|719-1|737-3|737-4|738-1|739-1|741-1|742-1|743-1|744-1|745-1		14				擬訂	0	事業計畫	耕薪都市更新股份有限公司	邑相聯合建築師事務所			大安區-龍泉段三小段-736地號等23筆	false	1014
546	2021-08-05	110/8/5	大安區	大安區	擬訂臺北市大安區龍泉段二小段745地號等6筆土地都市更新事業計畫案	擬訂臺北市大安區龍泉段二小段745地號等6筆土地都市更新事業計畫案	臺北市大安區龍泉段二小段745、746、746-1、750、751、752地號等6筆土地	龍泉段二小段	745	745|746|746-1|750|751|752		6				擬訂	0	事業計畫	連雲建設股份有限公司	弘傑城市開發股份有限公司			大安區-龍泉段二小段-745地號等6筆	true	546
514	2021-12-01	110/12/1	大安區	大安區	擬訂臺北市大安區龍泉段二小段771地號等27筆土地都市更新權利變換計畫案	擬訂臺北市大安區龍泉段二小段771地號等27筆土地都市更新權利變換計畫案	臺北市大安區龍泉段二小段771、773、773-1、774、776、777、778、779、780、781、782、782-1、782-2、783、783-1、784、785、785-1、786、787、788、789、789-1、790、908、908-3及914-4地號等27筆土地	龍泉段二小段	771	771|773|773-1|774|776|777|778|779|780|781|782|782-1|782-2|783|783-1|784|785|785-1|786|787|788|789|789-1|790|908		27				擬訂	0	權利變換	立樺建設股份有限公司	振皓工程顧問股份有限公司			大安區-龍泉段二小段-771地號等27筆	true	514
763	2019-09-05	108/9/5	大安區	大安區	擬訂臺北市大安區龍泉段二小段771地號等27筆土地都市更新事業計畫案	擬訂臺北市大安區龍泉段二小段771地號等27筆土地都市更新事業計畫案	臺北市大安區龍泉段二小段771、773、773-1、774、776、777、778、779、780、781、782、782-1、782-2、783、783-1、784、785、785-1、786、787、788、789、789-1、790、908、908-3及914-4地號等27筆土地	龍泉段二小段	771	771|773|773-1|774|776|777|778|779|780|781|782|782-1|782-2|783|783-1|784|785|785-1|786|787|788|789|789-1|790|908		27				擬訂	0	事業計畫	立樺建設股份有限公司	振皓工程顧問股份有限公司			大安區-龍泉段二小段-771地號等27筆	false	514
983	2017-05-16	106/5/16	文山區	文山區	變更臺北市文山區公訓段三小段360地號等45筆土地及萬芳段三小段838-1地號土地都市更新權利變換計畫(含釐正圖冊)案	變更臺北市文山區公訓段三小段360地號等45筆土地及萬芳段三小段838-1地號土地都市更新權利變換計畫(含釐正圖冊)案	臺北市文山區公訓段三小段360、361、361-3、361-4、378、383、388-1、388-3、388-5、388-6、389-1、392、393、394、395、396、397、398、399、361-1、400、401、402、403、404、405、406、407、408、409、409-1、409-2、409-3、409-5、409-6、409-7、409-8、409-9、409-10、409-11、409-12、409-13、410、411及838-1地號等45筆土地	公訓段三小段	360	360|361|361-3|361-4|378|383|388-1|388-3|388-5|388-6|389-1|392|393|394|395|396|397|398|399|361-1|400|401|402|403|404|405|406|407|408|409|409-1|409-2|409-3|409-5|409-6|409-7|409-8|409-9|409-10|409-11|409-12|409-13|410		45				變更	1	權利變換	欣偉傑建設股份有限公司	園皓都市規劃有限公司			文山區-公訓段三小段-360地號等45筆	true	983
1193	2013-02-26	102/2/26	文山區	文山區	擬訂臺北市文山區公訓段三小段360地號等45筆土地及萬芳段三小段838-1地號等1筆土地都市更新事業計畫及權利變換計畫案	擬訂臺北市文山區公訓段三小段360地號等45筆土地及萬芳段三小段838-1地號等1筆土地都市更新事業計畫及權利變換計畫案	臺北市文山區公訓段三小段360、361、361361-1、361-3、361-4、378、378-2、383、388-1、388-3、388-5、388-6、389-1、392、393、394、395、409、409-1、410、396、397、398、399、400、401、402、403、404、405、406、407、408-1、409-2、409-3、409-5、409-6、409-7、409-8、409-9、409-10、409-11、409-12、409-13、411地號等45筆土地及臺北市	公訓段三小段	360	360|361|361361-1|361-3|361-4|378|378-2|383|388-1|388-3|388-5|388-6|389-1|392|393|394|395|409|409-1|410|396|397|398|399|400|401|402|403|404|405|406|407|408-1|409-2|409-3|409-5|409-6|409-7|409-8|409-9|409-10|409-11|409-12|409-13|411		45				擬訂	0	事業計畫、權利變換	欣偉傑建設股份有限公司	園皓都市規劃有限公司			文山區-公訓段三小段-360地號等45筆	false	983
687	2020-04-15	109/4/15	文山區	文山區	變更(第二次)臺北市文山區公訓段二小段210-2地號等59筆土地都市更新權利變換計畫案	變更(第二次)臺北市文山區公訓段二小段210-2地號等59筆土地都市更新權利變換計畫案	臺北市文山區公訓段二小段210-2、210-4、210-5、210-6、210-7、210-8、210-9、211-3、211-18、211-19、257、258、259、260、261、262、263、264、265、266、267、268、269、270、271、272、273、274、275、276、277、277-1、278、279、280、281、281-1、282、282-1、283、284、284-1、285-1、286、287-1、287-2、288-1、289、290、291、294、295、298、330、331、332	公訓段二小段	210-2	210-2|210-4|210-5|210-6|210-7|210-8|210-9|211-3|211-18|211-19|257|258|259|260|261|262|263|264|265|266|267|268|269|270|271|272|273|274|275|276|277|277-1|278|279|280|281|281-1|282|282-1|283|284|284-1|285-1|286|287-1|287-2|288-1|289|290|291|294|295|298|330|331|332		59				變更(第二次)	2	權利變換	國揚實業股份有限公司	力冠丰都市規劃有限公司			文山區-公訓段二小段-210-2地號等59筆	true	687
913	2018-03-20	107/3/20	文山區	文山區	變更臺北市文山區公訓段二小段210-2地號等59筆土地都市更新事業計畫及權利變換計畫案	變更臺北市文山區公訓段二小段210-2地號等59筆土地都市更新事業計畫及權利變換計畫案	93、219-94、238-1地號等72筆土地臺北市文山區公訓段二小段210-2、210-4、210-5、210-6、210-7、210-8、210-9、211-3、211-18、211-19、257、258、259、260、261、262、263、264、265、266、267、268、269、270、271、272、273、274、275、276、277、277-1、278、279、280、281、281-1、282、282-1、283、284、284-1、285-1、286、287-1、287-2、288-1、289、290、291、294、295、298、330、331、332	公訓段二小段	210-2	210-2|210-4|210-5|210-6|210-7|210-8|210-9|211-3|211-18|211-19|257|258|259|260|261|262|263|264|265|266|267|268|269|270|271|272|273|274|275|276|277|277-1|278|279|280|281|281-1|282|282-1|283|284|284-1|285-1|286|287-1|287-2|288-1|289|290|291|294|295|298|330|331|332		59				變更	1	事業計畫、權利變換	國揚實業股份有限公司	力冠丰都市規劃有限公司			文山區-公訓段二小段-210-2地號等59筆	false	687
1101	2015-06-02	104/6/2	文山區	文山區	擬訂臺北市文山區公訓段二小段210-2地號等59筆土地都市更新事業計畫及權利變換計畫案	擬訂臺北市文山區公訓段二小段210-2地號等59筆土地都市更新事業計畫及權利變換計畫案	臺北市文山區公訓段二小段210-2、210-4、210-5、210-6、210-7、210-8、210-9、211-3、211-18、211-19、257、258、259、260、261、262、263、264、265、266、267、268、269、270、271、272、273、274、275、276、277、278、279、280、281、282、283、277-1、281-1、282-1、284、284-1、285-1、286、287-1、287-2、288-1、289、290、291、294、295、298、330、331、332、333、334、332-3地號等59筆土地	公訓段二小段	210-2	210-2|210-4|210-5|210-6|210-7|210-8|210-9|211-3|211-18|211-19|257|258|259|260|261|262|263|264|265|266|267|268|269|270|271|272|273|274|275|276|277|278|279|280|281|282|283|277-1|281-1|282-1|284|284-1|285-1|286|287-1|287-2|288-1|289|290|291|294|295|298|330|331|332|333|334|332-3		59				擬訂	0	事業計畫、權利變換	國揚事業股份有限公司	力冠丰都市規劃有限公司			文山區-公訓段二小段-210-2地號等59筆	false	687
155	2025-01-22	114/1/22	文山區	文山區	擬訂臺北市文山區實踐段一小段298-4地號等5筆土地都市更新事業計畫及權利變換計畫案	擬訂臺北市文山區實踐段一小段298-4地號等5筆土地都市更新事業計畫及權利變換計畫案	臺北市文山區實踐段一小段298-4、300、301、302、303地號等5筆土地	實踐段一小段	298-4	298-4|300|301|302|303		5				擬訂	0	事業計畫、權利變換	首泰建設股份有限公司	弘傑開發產事業股份有限公司			文山區-實踐段一小段-298-4地號等5筆	true	155
802	2019-04-30	108/4/30	文山區	文山區	變更臺北市文山區實踐段一小段461地號等7筆土地都市更新權利變換計畫案	變更臺北市文山區實踐段一小段461地號等7筆土地都市更新權利變換計畫案	臺北市文山區實踐段一小段461、462、463、464、465、466、467-4地號等7筆土地	實踐段一小段	461	461|462|463|464|465|466|467-4		7				變更	1	權利變換	國泰建設股份有限公司	財團法人都市更新研究發展基金會			文山區-實踐段一小段-461地號等7筆	true	802
1105	2015-04-14	104/4/14	文山區	文山區	擬訂臺北市文山區實踐段一小段461地號等7筆土地都市更新事業計畫及權利變換計畫案	擬訂臺北市文山區實踐段一小段461地號等7筆土地都市更新事業計畫及權利變換計畫案	臺北市文山區實踐段一小段461、462、463、464、465、466、467-4地號等7筆土地	實踐段一小段	461	461|462|463|464|465|466|467-4		7				擬訂	0	事業計畫、權利變換	國泰建設股份有限公司	財團法人都市更新研究發展基金會			文山區-實踐段一小段-461地號等7筆	false	802
21	2026-06-16	115/6/16	文山區	文山區	擬訂臺北市文山區實踐段二小段495-2地號等8筆土地都市更新事業計畫案	擬訂臺北市文山區實踐段二小段495-2地號等8筆土地都市更新事業計畫案	臺北市文山區實踐段二小段495-2、496、497-2、497-3、498-3、498-4、498-5、499地號等8筆土地	實踐段二小段	495-2	495-2|496|497-2|497-3|498-3|498-4|498-5|499		8				擬訂	0	事業計畫	昇陵建設股份有限公司	擎禹規劃顧問股份有限公司			文山區-實踐段二小段-495-2地號等8筆	true	21
1409	2004-03-10	93/3/10	文山區	文山區	擬訂臺北市文山區木新路三段95巷南側地區(原國泰攬翠天廈基地)都市更新事業計畫案	擬訂臺北市文山區木新路三段95巷南側地區(原國泰攬翠天廈基地)都市更新事業計畫案	臺北市文山區實踐段二小段641地號等1筆土地	實踐段二小段	641	641		1		原國泰攬翠天廈基地		擬訂	0	事業計畫	國泰建設股份有限公司	財團法人都市更新研究發展基金會			文山區-實踐段二小段-641地號等1筆	true	1409
1397	2005-03-18	94/3/18	文山區	文山區	擬訂臺北市文山區景美段一小段501地號等7筆土地都市更新事業計畫及權利變換計畫案	擬訂臺北市文山區景美段一小段501地號等7筆土地都市更新事業計畫及權利變換計畫案	臺北市文山區景美段一小段501、533、534、535、536、537、533-3地號等7筆土地	景美段一小段	501	501|533|534|535|536|537|533-3		7				擬訂	0	事業計畫、權利變換	民凱建設股份有限公司	昶欣顧問有限公司			文山區-景美段一小段-501地號等7筆	true	1397
1398	2005-03-18	94/3/18	文山區	文山區	變更臺北市文山區景美段一小段501地號等7筆土地都市更新權利變換計畫案	變更臺北市文山區景美段一小段501地號等7筆土地都市更新權利變換計畫案	臺北市文山區景美段一小段501、533、534、535、536、537、533-3地號等7筆土地	景美段一小段	501	501|533|534|535|536|537|533-3		7				變更	1	權利變換	民凱建設股份有限公司	弘傑不動產事業股份有限公司			文山區-景美段一小段-501地號等7筆	false	1397
1340	2008-07-16	97/7/16	文山區	文山區	擬訂臺北市文山區景美段一小段522地號等27筆土地都市更新事業計畫及權利變換計畫案	擬訂臺北市文山區景美段一小段522地號等27筆土地都市更新事業計畫及權利變換計畫案	臺北市文山區景美段一小段522、522-1、525、526、527、528、529、530、531、532、538、539、540、522-3、522-4、525-1、526-1、527-1、528-1、529-1、530-1、531-1、540-1、541-1、542、544-1、545-1地號等27筆土地	景美段一小段	522	522|522-1|525|526|527|528|529|530|531|532|538|539|540|522-3|522-4|525-1|526-1|527-1|528-1|529-1|530-1|531-1|540-1|541-1|542|544-1|545-1		27				擬訂	0	事業計畫、權利變換	龍都建設股份有限公司	財團法人都市更新研究發展基金會			文山區-景美段一小段-522地號等27筆	true	1340
355	2023-03-08	112/3/8	文山區	文山區	擬訂臺北市文山區景美段二小段455地號等3筆土地都市更新事業及權利變換計畫	擬訂臺北市文山區景美段二小段455地號等3筆土地都市更新事業及權利變換計畫	臺北市文山區景美段二小段455、456、457地號等3筆土地	景美段二小段	455	455|456|457		3				擬訂	0	權利變換	福隆建設股份有限公司	力冠丰都市規劃有限公司			文山區-景美段二小段-455地號等3筆	true	355
1408	2004-05-10	93/5/10	文山區	文山區	擬訂臺北市文山區景美段五小段158地號1筆土地都市更新事業計畫案	擬訂臺北市文山區景美段五小段158地號1筆土地都市更新事業計畫案	臺北市文山區景美段五小段158地號等1筆土地	景美段五小段	158	158		1				擬訂	0	事業計畫	金環建設股份有限公司	程景玄建築師事務所			文山區-景美段五小段-158地號等1筆	true	1408
1242	2011-10-03	100/10/3	文山區	文山區	變更臺北市文山區景美段五小段178地號等5筆(羅斯福路市有眷舍及毗鄰)土地都市更新事業計畫及權利變換計畫案	變更臺北市文山區景美段五小段178地號等5筆(羅斯福路市有眷舍及毗鄰)土地都市更新事業計畫及權利變換計畫案	臺北市文山區景美段五小段178、182、182-1、183、183-1地號等5筆土地	景美段五小段	178	178|182|182-1|183|183-1		5				變更	1	事業計畫、權利變換	華非建設股份有限公司	邑相國際工程顧問有限公司			文山區-景美段五小段-178地號等5筆	true	1242
1342	2008-06-17	97/6/17	文山區	文山區	擬訂臺北市文山區景美段五小段178地號等5筆(羅斯福路市有眷舍及毗鄰)土地都市更新事業計畫及權利變換計畫案	擬訂臺北市文山區景美段五小段178地號等5筆(羅斯福路市有眷舍及毗鄰)土地都市更新事業計畫及權利變換計畫案	臺北市文山區景美段五小段178、182、182-1、183、183-1地號等5筆土地	景美段五小段	178	178|182|182-1|183|183-1		5				擬訂	0	事業計畫、權利變換	華非建設股份有限公司	邑相國際工程顧問有限公司			文山區-景美段五小段-178地號等5筆	false	1242
276	2023-11-21	112/11/21	文山區	文山區	變更(第二次)臺北市文山區木柵段一小段171地號等6筆(5筆)土地都市更新權利變換計畫案	變更(第二次)臺北市文山區木柵段一小段171地號等6筆(5筆)土地都市更新權利變換計畫案	臺北市文山區木柵段一小段171、209、210、212、213及213-1地號等6筆土地	木柵段一小段	171	171|209|210|212		6				變更(第二次)	2	權利變換	忠泰建設股份有限公司	弘傑不動產事業股份有限公司			文山區-木柵段一小段-171地號等6筆	true	276
324	2023-05-31	112/5/31	文山區	文山區	變更臺北市文山區木柵段一小段171地號等6筆(5筆)土地都市更新事業計畫及權利變換計畫案	變更臺北市文山區木柵段一小段171地號等6筆(5筆)土地都市更新事業計畫及權利變換計畫案	臺北市文山區木柵段一小段171、209、210、212、213及213-1地號等6筆土地	木柵段一小段	171	171|209|210|212		6				變更	1	事業計畫、權利變換	忠泰建設股份有限公司	弘傑不動產事業股份有限公司			文山區-木柵段一小段-171地號等6筆	false	276
706	2020-02-05	109/2/5	文山區	文山區	擬訂臺北市文山區木柵段一小段171地號等6筆(5筆)土地都市更新權利變換計畫案	擬訂臺北市文山區木柵段一小段171地號等6筆(5筆)土地都市更新權利變換計畫案	臺北市文山區木柵段一小段171、209、210、212、213及213-1地號等6筆土地	木柵段一小段	171	171|209|210|212		6				擬訂	0	權利變換	忠泰建設股份有限公司	弘傑不動產事業股份有限公司			文山區-木柵段一小段-171地號等6筆	false	276
1321	2009-01-16	98/1/16	文山區	文山區	擬訂臺北市文山區木柵段一小段171地號等5筆土地都市更新事業計畫案	擬訂臺北市文山區木柵段一小段171地號等5筆土地都市更新事業計畫案	臺北市文山區木柵段一小段171、209、210、212、213地號等5筆土地	木柵段一小段	171	171|209|210|212|213		5				擬訂	0	事業計畫	忠泰建設股份有限公司	弘傑不動產事業股份有限公司			文山區-木柵段一小段-171地號等6筆	false	276
126	2025-04-02	114/4/2	文山區	文山區	變更(第二次)臺北市文山區木柵段一小段388地號等19筆土地都市更新權利變換計畫案	變更(第二次)臺北市文山區木柵段一小段388地號等19筆土地都市更新權利變換計畫案	臺北市文山區木柵段一小段388、389、394、395、396、397、398、399、400、401、402、403、404、405、406、407、408、409、443-1地號等19筆土地	木柵段一小段	388	388|389|394|395|396|397|398|399|400|401|402|403|404|405|406|407|408|409|443-1		19				變更(第二次)	2	權利變換	遠雄建設事業股份有限公司	弘傑開發事業股份有限公司			文山區-木柵段一小段-388地號等19筆	true	126
506	2021-12-15	110/12/15	文山區	文山區	變更臺北市文山區木柵段一小段388地號等19筆土地都市更新事業計畫及權利變換計畫案	變更臺北市文山區木柵段一小段388地號等19筆土地都市更新事業計畫及權利變換計畫案	臺北市文山區木柵段一小段388、389、394、395、396、397、398、399、400、401、402、403、404、405、406、407、408、409、443-1地號等19筆土地	木柵段一小段	388	388|389|394|395|396|397|398|399|400|401|402|403|404|405|406|407|408|409|443-1		19				變更	1	事業計畫、權利變換	遠雄建設事業股份有限公司	弘傑開發事業股份有限公司			文山區-木柵段一小段-388地號等19筆	false	126
715	2020-01-14	109/1/14	文山區	文山區	擬訂臺北市文山區木柵段一小段388地號等19筆土地都市更新事業計畫及權利變換計畫案	擬訂臺北市文山區木柵段一小段388地號等19筆土地都市更新事業計畫及權利變換計畫案	臺北市文山區木柵段一小段388、389、394、395、396、397、398、399、400、401、402、403、404、405、406、407、408、409、443-1地號等19筆	木柵段一小段	388	388|389|394|395|396|397|398|399|400|401|402|403|404|405|406|407|408|409|443-1		19				擬訂	0	事業計畫、權利變換	遠雄建設事業股份有限公司	弘傑開發事業股份有限公司			文山區-木柵段一小段-388地號等19筆	false	126
562	2021-06-09	110/6/9	文山區	文山區	擬訂臺北市文山區木柵段一小段601地號等11筆土地都市更新事業計畫案	擬訂臺北市文山區木柵段一小段601地號等11筆土地都市更新事業計畫案	臺北市文山區木柵段一小段601、607-1、609、610、615、616、619、620、623、624、626地號等11筆土地	木柵段一小段	601	601|607-1|609|610|615|616|619|620|623|624|626		11				擬訂	0	事業計畫	福隆建設股份有限公司	東亞建築經理股份有限公司			文山區-木柵段一小段-601地號等11筆	true	562
1265	2010-12-28	99/12/28	文山區	文山區	變更(第二次)臺北市文山區木柵段三小段368地號等14筆土地都市更新事業計畫及變更權利變換計畫案	變更(第二次)臺北市文山區木柵段三小段368地號等14筆土地都市更新事業計畫及變更權利變換計畫案	臺北市文山區木柵段三小段363-1、366、368、394、396、399、401、402、407、408、409、410、450-2、451地號等14筆土地	木柵段三小段	368	363-1|366|368|394|396|399|401|402|407|408|409|410|450-2|451		14				變更(第二次)	2	事業計畫、權利變換	元利建設企業股份有限公司	簡俊卿建築師事務所			文山區-木柵段三小段-368地號等14筆	true	1265
1294	2009-12-07	98/12/7	文山區	文山區	變更臺北市文山區木柵段三小段368地號等14筆土地都市更新事業計畫及擬訂權利變換計畫案	變更臺北市文山區木柵段三小段368地號等14筆土地都市更新事業計畫及擬訂權利變換計畫案	臺北市文山區木柵段三小段363-1、366、368、394、396、399、401、402、407、408、409、410、450-2、451地號等14筆土地	木柵段三小段	368	363-1|366|368|394|396|399|401|402|407|408|409|410|450-2|451		14				變更	1	事業計畫、權利變換	元利建設企業股份有限公司	簡俊卿建築師事務所			文山區-木柵段三小段-368地號等14筆	false	1265
1350	2008-02-29	97/2/29	文山區	文山區	擬訂臺北市文山區木柵段三小段368地號等14筆土地都市更新事業計畫案	擬訂臺北市文山區木柵段三小段368地號等14筆土地都市更新事業計畫案	臺北市文山區木柵段三小段363-1、366、368、394、396、399、401、402、407、408、409、410、450-2、451地號等14筆土地	木柵段三小段	368	363-1|366|368|394|396|399|401|402|407|408|409|410|450-2|451		14				擬訂	0	事業計畫	巧洋實業股份有限公司	簡俊卿建築師事務所			文山區-木柵段三小段-368地號等14筆	false	1265
735	2019-11-27	108/11/27	文山區	文山區	變更(第二次)臺北市文山區木柵段三小段389地號等5筆土地都市更新權利變換計畫案	變更(第二次)臺北市文山區木柵段三小段389地號等5筆土地都市更新權利變換計畫案	臺北市文山區木柵段三小段389、390、391、398、412地號等5筆土地	木柵段三小段	389	389|390|391|398|412		5				變更(第二次)	2	權利變換	元利建設企業股份有限公司	邑相更新規劃股份有限公司			文山區-木柵段三小段-389地號等5筆	true	735
981	2017-06-15	106/6/15	文山區	文山區	變更臺北市文山區木柵段三小段385地號等5筆土地都市更新事業計畫及權利變換計畫案	變更臺北市文山區木柵段三小段385地號等5筆土地都市更新事業計畫及權利變換計畫案	臺北市文山區木柵段三小段389、390、391、398、412地號等5筆土地	木柵段三小段	385	389|390|391|398|412		5				變更	1	事業計畫、權利變換	元利建設企業股份有限公司	邑相更新規劃股份有限公司			文山區-木柵段三小段-389地號等5筆	false	735
1110	2015-01-29	104/1/29	文山區	文山區	擬訂臺北市文山區木柵段三小段389地號等5筆土地都市更新事業計畫及權利變換計畫案	擬訂臺北市文山區木柵段三小段389地號等5筆土地都市更新事業計畫及權利變換計畫案	574、574-1、575-1、576、577、578、579-2、762地號等77筆臺北市文山區木柵段三小段389、390、391、398、412地號等5筆土地	木柵段三小段	389	389|390|391|398|412		5				擬訂	0	事業計畫、權利變換	元利建設企業股份有限公司	邑相更新規劃股份有限公司			文山區-木柵段三小段-389地號等5筆	false	735
5	2026-07-29	115/7/29	文山區	文山區	變更臺北市文山區木柵段三小段623地號等39筆土地都市更新權利變換計畫案(甲區段)	變更臺北市文山區木柵段三小段623地號等39筆土地都市更新權利變換計畫案(甲區段)	臺北市文山區木柵段三小段623、623-1、623-2、623-3、623-4、623-5、631、632、635、636、639、640、643、644、645、646、647、648、649、652、653、656、657、660、661、664、666、666-2、680、682、683、686、687、688、689、690、691、691-1、692地號等39筆土地	木柵段三小段	623	623|623-1|623-2|623-3|623-4|623-5|631|632|635|636|639|640|643|644|645|646|647|648|649|652|653|656|657|660|661|664|666|666-2|680|682|683|686|687|688|689|690|691|691-1|692		39				變更	1	權利變換	將捷股份有限公司財團法人都市更新	研究發展基金會			文山區-木柵段三小段-623地號等39筆	true	5
263	2023-12-21	112/12/21	文山區	文山區	變更臺北市文山區木柵段三小段623地號等39筆土地都市更新事業計畫及擬訂都市更新權利變換計畫案(乙區段)	變更臺北市文山區木柵段三小段623地號等39筆土地都市更新事業計畫及擬訂都市更新權利變換計畫案(乙區段)	臺北市文山區木柵段三小段623、623-1、623-2、623-3、623-4、623-5、631、632、635、636、639、640、643、644、645、646、647、648、649、652、653、656、657、660、661、664、666、666-2、680、682、683、686、687、688、689、690、691、691-1、692地號等39筆土地	木柵段三小段	623	623|623-1|623-2|623-3|623-4|623-5|631|632|635|636|639|640|643|644|645|646|647|648|649|652|653|656|657|660|661|664|666|666-2|680|682|683|686|687|688|689|690|691|691-1|692		39				變更	1	事業計畫、權利變換	將捷股份有限公司財團法人都市更新	研究發展基金會			文山區-木柵段三小段-623地號等39筆	false	5
570	2021-04-15	110/4/15	文山區	文山區	擬訂臺北市文山區木柵段三小段623地號等39筆土地都市更新權利變換計畫案(甲區段)	擬訂臺北市文山區木柵段三小段623地號等39筆土地都市更新權利變換計畫案(甲區段)	臺北市文山區木柵段三小段623、623-1、623-2、623-3、623-4、623-5、631、632、635、636、639、640、643、644、645、646、647、648、649、652、653、656、657、660、661、664、666、666-2、680、682、683、686、687、688、689、690、691、691-1、692地號等39筆土地	木柵段三小段	623	623|623-1|623-2|623-3|623-4|623-5|631|632|635|636|639|640|643|644|645|646|647|648|649|652|653|656|657|660|661|664|666|666-2|680|682|683|686|687|688|689|690|691|691-1|692		39				擬訂	0	權利變換	將捷股份有限公司財團法人都市更新	研究發展基金會			文山區-木柵段三小段-623地號等39筆	false	5
829	2019-01-31	108/1/31	文山區	文山區	擬訂臺北市文山區木柵段三小段623地號等39筆土地都市更新事業計畫案	擬訂臺北市文山區木柵段三小段623地號等39筆土地都市更新事業計畫案	臺北市文山區木柵段三小段623、623-1、623-2、623-3、623-4、623-5、631、632、635、636、639、640、643、644、645、646、647、648、649、652、653、656、657、660、661、664、666、666-2、680、682、683、686、687、688、689、690、691、691-1、692地號等39筆土地	木柵段三小段	623	623|623-1|623-2|623-3|623-4|623-5|631|632|635|636|639|640|643|644|645|646|647|648|649|652|653|656|657|660|661|664|666|666-2|680|682|683|686|687|688|689|690|691|691-1|692		39				擬訂	0	事業計畫	將捷股份有限公司財團法人都市更新	研究發展基金會			文山區-木柵段三小段-623地號等39筆	false	5
1412	2003-04-03	92/4/3	文山區	文山區	擬訂臺北市文山區木柵段二小段430地號1筆土地(原合發社區基地)都市更新事業計畫及權利變換計畫案	擬訂臺北市文山區木柵段二小段430地號1筆土地(原合發社區基地)都市更新事業計畫及權利變換計畫案	臺北市文山區木柵段二小段430地號等1筆土地	木柵段二小段	430	430		1		原合發社區基地		擬訂	0	事業計畫、權利變換	臺北市文山區木柵段二小段430地號合發社區都市更新會	逢達土地登記專業代理人事務所			文山區-木柵段二小段-430地號等1筆	true	1412
1266	2010-12-09	99/12/9	文山區	文山區	擬訂臺北市文山區木柵段四小段264地號等6筆土地都市更新事業計畫案	擬訂臺北市文山區木柵段四小段264地號等6筆土地都市更新事業計畫案	臺北市文山區木柵段四小段264、276、270、271、272、273地號等6筆土地	木柵段四小段	264	264|276|270|271|272|273		6				擬訂	0	事業計畫	山秦盛建設股份有限公司	緯城土地規劃工程顧問有限公司			文山區-木柵段四小段-264地號等6筆	true	1266
541	2021-08-17	110/8/17	文山區	文山區	擬訂臺北市文山區木柵段四小段65地號等37筆土地都市更新事業計畫案	擬訂臺北市文山區木柵段四小段65地號等37筆土地都市更新事業計畫案	臺北市文山區木柵段四小段65、66、68、68-1、70、72、73、74、75-1、76、78、79、79-1、79-2、80、81、82、82-1、121、121-1、122、122-1、122-2、126、127、128、129、129-1、129-2、129-3、134、135、140、140-1、141、143、146地號等37筆土地	木柵段四小段	65	65|66|68|68-1|70|72|73|74|75-1|76|78|79|79-1|79-2|80|81|82|82-1|121|121-1|122|122-1|122-2|126|127|128|129|129-1|129-2|129-3|134|135|140|140-1|141|143|146		37				擬訂	0	事業計畫	敦美建設股份有限公司	黃秀莊建築師事務所			文山區-木柵段四小段-65地號等37筆	true	541
1055	2016-04-08	105/4/8	文山區	文山區	擬訂臺北市文山區興安段一小段25地號等12筆土地都市更新事業計畫案	擬訂臺北市文山區興安段一小段25地號等12筆土地都市更新事業計畫案	臺北市文山區興安段一小段25、26、27-1、28-1、29、30、31、32、33、34、35、36地號等12筆土地	興安段一小段	25	25|26|27-1|28-1|29|30|31|32|33|34|35|36		12				擬訂	0	事業計畫	暐傑建設股份有限公司	築匠不動產顧問有限公司			文山區-興安段一小段-25地號等12筆	true	1055
1007	2017-02-09	106/2/9	文山區	文山區	擬訂臺北市文山區興安段一小段84地號等8筆土地都市更新事業計畫案	擬訂臺北市文山區興安段一小段84地號等8筆土地都市更新事業計畫案	臺北市文山區興安段一小段84、85、92、93、100、101、106、110地號等8筆土地	興安段一小段	84	84|85|92|93|100|101|106|110		8				擬訂	0	事業計畫	德悅建設股份有限公司	邑相更新規劃股份有限公司			文山區-興安段一小段-84地號等8筆	true	1007
1385	2006-07-03	95/7/3	文山區	文山區	擬訂臺北市文山區興安段二小段558地號等5筆土地都市更新事業計畫及權利變換計畫案	擬訂臺北市文山區興安段二小段558地號等5筆土地都市更新事業計畫及權利變換計畫案	臺北市文山區興安段二小段558、559、559-2、561、562地號等5筆土地	興安段二小段	558	558|559|559-2|561|562		5				擬訂	0	事業計畫、權利變換	竣浩工程股份有限公司	緯城土地規劃工程顧問有限公司			文山區-興安段二小段-558地號等5筆	true	1385
1166	2013-09-27	102/9/27	文山區	文山區	擬訂臺北市文山區興安段二小段628-1地號等12筆土地都市更新事業計畫案	擬訂臺北市文山區興安段二小段628-1地號等12筆土地都市更新事業計畫案	臺北市文山區興安段二小段628-1、637、638-1、703、716、717、717-1、718、719、720、723、724地號等12筆土地	興安段二小段	628-1	628-1|637|638-1|703|716|717|717-1|718|719|720|723|724		12				擬訂	0	事業計畫	躍翔建設股份有限公司	冠濠開發顧問股份有限公司			文山區-興安段二小段-628-1地號等12筆	true	1166
1207	2012-12-20	101/12/20	文山區	文山區	擬訂臺北市文山區興安段二小段68地號等2筆土地都市更新事業計畫案	擬訂臺北市文山區興安段二小段68地號等2筆土地都市更新事業計畫案	臺北市文山區興安段二小段68、69地號等2筆土地	興安段二小段	68	68|69		2				擬訂	0	事業計畫	竣浩建設股份有限公司	安邦工程顧問股份有限公司			文山區-興安段二小段-68地號等2筆	true	1207
280	2023-11-09	112/11/9	文山區	文山區	變更(第二次)臺北市文山區興安段四小段122地號等29筆土地更新權利變換計畫案	變更(第二次)臺北市文山區興安段四小段122地號等29筆土地更新權利變換計畫案	臺北市文山區興安段四小段122、217-1、217-2、219、219-2、220-1、220-2、220-6、220-7、220-9、221、221-1、222、245、245-1、245-2、245-3、245-4、245-5、246、247、249、249-1、250、251、251-1、252、252-1、252-2地號等29筆土地	興安段四小段	122	122|217-1|217-2|219|219-2|220-1|220-2|220-6|220-7|220-9|221|221-1|222|245|245-1|245-2|245-3|245-4|245-5|246|247|249|249-1|250|251|251-1|252|252-1|252-2		29				變更(第二次)	2	權利變換	金門建設股份有限公司	圓皓都市規劃有限公司			文山區-興安段四小段-122地號等29筆	true	280
398	2022-11-15	111/11/15	文山區	文山區	變更臺北市文山區興安段四小段122地號等29筆土地更新權利變換計畫案	變更臺北市文山區興安段四小段122地號等29筆土地更新權利變換計畫案	臺北市文山區興安段四小段122、217-1、217-2、219、219-2、220-1、220-2、220-6、220-7、220-9、221、221-1、222、245、245-1、245-2、245-3、245-4、245-5、246、247、249、249-1、250、251、251-1、252、252-1、252-2地號等29筆土地	興安段四小段	122	122|217-1|217-2|219|219-2|220-1|220-2|220-6|220-7|220-9|221|221-1|222|245|245-1|245-2|245-3|245-4|245-5|246|247|249|249-1|250|251|251-1|252|252-1|252-2		29				變更	1	權利變換	金門建設股份有限公司	圓皓都市規劃有限公司			文山區-興安段四小段-122地號等29筆	false	280
862	2018-10-04	107/10/4	文山區	文山區	擬訂臺北市文山區興安段四小段122地號等29筆土地更新事業計畫及權利變換計畫案	擬訂臺北市文山區興安段四小段122地號等29筆土地更新事業計畫及權利變換計畫案	臺北市文山區興安段四小段122、217-1、217-2、219、219-2、220-1、220-2、220-6、220-7、220-9、221、221-1、222、245、245-1、245-2、245-3、245-4、245-5、246、247、249、249-1、250、251、251-1、252、252-1、252-2地號等29筆土地	興安段四小段	122	122|217-1|217-2|219|219-2|220-1|220-2|220-6|220-7|220-9|221|221-1|222|245|245-1|245-2|245-3|245-4|245-5|246|247|249|249-1|250|251|251-1|252|252-1|252-2		29				擬訂	0	事業計畫、權利變換	金門建設股份有限公司	圓皓都市規劃有限公司			文山區-興安段四小段-122地號等29筆	false	280
58	2026-01-14	115/1/14	文山區	文山區	變更臺北市文山區興泰段二小段205地號等35筆土地都市更新事業計畫案	變更臺北市文山區興泰段二小段205地號等35筆土地都市更新事業計畫案	臺北市文山區興泰段二小段205、206、207、208、209、210、211、212、213、214、215、216、217、218、227-1、228、229、230、231、233、234、235、236、237、238、239、240、241、242、243、244、245、246、247、248地號等35筆土地	興泰段二小段	205	205|206|207|208|209|210|211|212|213|214|215|216|217|218|227-1|228|229|230|231|233|234|235|236|237|238|239|240|241|242|243|244|245|246|247|248		35				變更	1	事業計畫	夆典科技開發股份有限公司	城邑策略都市更新股份有限公司			文山區-興泰段二小段-205地號等35筆	true	58
299	2023-08-23	112/8/23	文山區	文山區	擬訂臺北市文山區興泰段二小段205地號等35筆土地都市更新事業計畫案	擬訂臺北市文山區興泰段二小段205地號等35筆土地都市更新事業計畫案	臺北市文山區興泰段二小段205、206、207、208、209、210、211、212、213、214、215、216、217、218、227-1、228、229、230、231、233、234、235、236、237、238、239、240、241、242、243、244、245、246、247、248地號等35筆土地	興泰段二小段	205	205|206|207|208|209|210|211|212|213|214|215|216|217|218|227-1|228|229|230|231|233|234|235|236|237|238|239|240|241|242|243|244|245|246|247|248		35				擬訂	0	事業計畫	宜新開發股份有限公司	鼎昌建築管理股份有限公司、冠霖不動產顧問股份有限公司			文山區-興泰段二小段-205地號等35筆	false	58
444	2022-06-22	111/6/22	文山區	文山區	擬訂臺北市文山區興隆段三小段555-6地號等10筆土地都市更新事業計畫案	擬訂臺北市文山區興隆段三小段555-6地號等10筆土地都市更新事業計畫案	臺北市文山區興隆段三小段555-6、621、622、623、623-1、623-2、623-3、623-8、628、628-1地號等10筆土地	興隆段三小段	555-6	555-6|621|622|623|623-1|623-2|623-3|623-8|628|628-1		10				擬訂	0	事業計畫	世座建設股份有限公司	冠霖不動產顧問股份有限公司			文山區-興隆段三小段-555-6地號等10筆	true	444
1175	2013-07-25	102/7/25	文山區	文山區	變更(第二次)臺北市文山區興隆段二小段377地號等35筆土地都市更新事業計畫及變更(第三次)權利變換計畫案	變更(第二次)臺北市文山區興隆段二小段377地號等35筆土地都市更新事業計畫及變更(第三次)權利變換計畫案	臺北市文山區興隆段二小段296-1、297-1、298298-1、377、377-1、378、379、379-1、380、381、382、383、384、385、386、405、406、411、412、413、414、415-1、415-2、415-3、416-1、416-2、417、418、419、420、421、422、423、424、428-3地號等35筆土地	興隆段二小段	377	296-1|297-1|298298-1|377|377-1|378|379|379-1|380|381|382|383|384|385|386|405|406|411|412|413|414|415-1|415-2|415-3|416-1|416-2|417|418|419|420|421|422|423|424|428-3		35				變更(第二次)	2	事業計畫、權利變換	福隆建設股份有限公司	東亞建築經理股份有限公司			文山區-興隆段二小段-377地號等35筆	true	1175
1261	2011-02-14	100/2/14	文山區	文山區	變更臺北市文山區興隆段二小段377地號等35筆土地都市更新事業計畫及變更(第二次)權利變換計畫案	變更臺北市文山區興隆段二小段377地號等35筆土地都市更新事業計畫及變更(第二次)權利變換計畫案	臺北市文山區興隆段二小段296-1、297-1、298298-1、377、377-1、378、379、379-1、380、381、382、383、384、385、386、405、406、411、412、413、414、415-1、415-2、415-3、416-1、416-2、417、418、419、420、421、422、423、424、428-3地號等35筆土地	興隆段二小段	377	296-1|297-1|298298-1|377|377-1|378|379|379-1|380|381|382|383|384|385|386|405|406|411|412|413|414|415-1|415-2|415-3|416-1|416-2|417|418|419|420|421|422|423|424|428-3		35				變更	1	事業計畫、權利變換	福隆建設股份有限公司	東亞建築經理股份有限公司			文山區-興隆段二小段-377地號等35筆	false	1175
1329	2008-12-18	97/12/18	文山區	文山區	擬訂臺北市文山區興隆段二小段377地號等35筆土地都市更新事業計畫案	擬訂臺北市文山區興隆段二小段377地號等35筆土地都市更新事業計畫案	臺北市文山區興隆段二小段296-1、297-1、298298-1、377、377-1、378、379、379-1、380、381、382、383、384、385、386、405、406、411、412、413、414、415-1、415-2、415-3、416-1、416-2、417、418、419、420、421、422、423、424、428-3地號等35筆土地	興隆段二小段	377	296-1|297-1|298298-1|377|377-1|378|379|379-1|380|381|382|383|384|385|386|405|406|411|412|413|414|415-1|415-2|415-3|416-1|416-2|417|418|419|420|421|422|423|424|428-3		35				擬訂	0	事業計畫	福隆建設股份有限公司	東亞建築經理股份有限公司			文山區-興隆段二小段-377地號等35筆	false	1175
1118	2014-12-02	103/12/2	文山區	文山區	變更臺北市文山區華興段一小段8地號等4筆土地都市更新事業計畫案	變更臺北市文山區華興段一小段8地號等4筆土地都市更新事業計畫案	臺北市文山區華興段一小段8、9、10、11、12、13、13-1、13-2、13-3、14、15、18-1、19-1地號等13筆土地	華興段一小段	8	8|9|10|11|12|13|13-1|13-2|13-3|14|15|18-1|19-1		4				變更	1	事業計畫	鴻愷建設股份有限公司	冠濠開發顧問股份有限公司			文山區-華興段一小段-8地號等4筆	true	1118
1180	2013-07-05	102/7/5	文山區	文山區	擬訂臺北市文山區華興段一小段8地號等13筆土地都市更新事業計畫案	擬訂臺北市文山區華興段一小段8地號等13筆土地都市更新事業計畫案	臺北市文山區華興段一小段8、9、10、11、12、13、13-1、13-2、13-3、14、15、18-1、19-1地號等13筆土地	華興段一小段	8	8|9|10|11|12|13|13-1|13-2|13-3|14|15|18-1|19-1		13				擬訂	0	事業計畫	鴻愷建設股份有限公司	冠濠開發顧問股份有限公司			文山區-華興段一小段-8地號等4筆	false	1118
1071	2015-12-08	104/12/8	文山區	文山區	擬訂臺北市文山區華興段三小段286地號等7筆土地都市更新事業計畫案	擬訂臺北市文山區華興段三小段286地號等7筆土地都市更新事業計畫案	臺北市文山區華興段三小段286、287、288、293、294、295、296地號等7筆土地	華興段三小段	286	286|287|288|293|294|295|296		7				擬訂	0	事業計畫	萬隆開發建設股份有限公司	安邦工程顧問股份有限公司			文山區-華興段三小段-286地號等7筆	true	1071
593	2021-01-20	110/1/20	文山區	文山區	擬訂臺北市文山區華興段四小段44-2地號等12筆土地都市更新事業概要案	擬訂臺北市文山區華興段四小段44-2地號等12筆土地都市更新事業概要案	臺北市文山區華興段四小段44-2、45-3、54-2、55-1、55-2、56、57、57-1、57-2、57-3、57-4、464-1地號等12筆土地	華興段四小段	44-2	44-2|45-3|54-2|55-1|55-2|56|57|57-1|57-2|57-3|57-4|464-1		12				擬訂	0	事業概要	邱照進、游木川	詮頡都市更新事業股份有限公司			文山區-華興段四小段-44-2地號等12筆	true	593
891	2018-05-30	107/5/30	文山區	文山區	變更臺北市文山區萬慶段一小段443-2地號等2筆土地都市更新權利變換計畫案	變更臺北市文山區萬慶段一小段443-2地號等2筆土地都市更新權利變換計畫案	臺北市文山區萬慶段一小段443-2、503地號等2筆土地	萬慶段一小段	443-2	443-2|503		2				變更	1	權利變換	福隆建設股份有限公司	財團法人都市更新研究發展基金會			文山區-萬慶段一小段-443-2地號等2筆	true	891
1111	2015-01-29	104/1/29	文山區	文山區	變更臺北市文山區萬慶段一小段443-2地號等2筆土地都市更新事業計畫及擬訂權利變換計畫案	變更臺北市文山區萬慶段一小段443-2地號等2筆土地都市更新事業計畫及擬訂權利變換計畫案	臺北市文山區萬慶段一小段443-2、503地號等2筆土地	萬慶段一小段	443-2	443-2|503		2				變更	1	事業計畫、權利變換	福隆建設股份有限公司	財團法人都市更新研究發展基金會			文山區-萬慶段一小段-443-2地號等2筆	false	891
1204	2013-01-03	102/1/3	文山區	文山區	擬訂臺北市文山區萬慶段一小段443-2地號等2筆土地都市更新事業計畫案	擬訂臺北市文山區萬慶段一小段443-2地號等2筆土地都市更新事業計畫案	臺北市文山區萬慶段一小段443-2、503地號等2筆土地	萬慶段一小段	443-2	443-2|503		2				擬訂	0	事業計畫	福隆建設股份有限公司	財團法人都市更新研究發展基金會			文山區-萬慶段一小段-443-2地號等2筆	false	891
1402	2005-02-02	94/2/2	文山區	文山區	擬訂臺北市文山區萬慶段三小段434地號等4筆土地都市更新事業計畫案	擬訂臺北市文山區萬慶段三小段434地號等4筆土地都市更新事業計畫案	臺北市文山區萬慶段三小段434、436、439、450地號等4筆土地	萬慶段三小段	434	434|436|439|450		4				擬訂	0	事業計畫	全陽建設股份有限公司	財團法人都市更新研究發展基金會			文山區-萬慶段三小段-434地號等4筆	true	1402
1286	2010-03-08	99/3/8	文山區	文山區	變更臺北市文山區萬慶段三小段483-3地號等16筆土地都市更新事業計畫及權利變換計畫案	變更臺北市文山區萬慶段三小段483-3地號等16筆土地都市更新事業計畫及權利變換計畫案	174-5、174-6、174-7、174-8、174-9、174-10、181地號等62筆土地臺北市文山區萬慶段三小段459、461、462、472、473、474、477、477-1、478、479-1、483-3、487、487-1、498、499、502地號等16筆土地	萬慶段三小段	483-3	459|461|462|472|473|474|477|477-1|478|479-1|483-3|487|487-1|498|499|502		16				變更	1	事業計畫、權利變換	世豐國際建築開發股份有限公司	財團法人都市更新研究發展基金會			文山區-萬慶段三小段-483-3地號等16筆	true	1286
1356	2007-12-28	96/12/28	文山區	文山區	擬訂臺北市文山區萬慶段三小段483-3地號等16筆土地都市更新事業計畫及權利變換計畫案	擬訂臺北市文山區萬慶段三小段483-3地號等16筆土地都市更新事業計畫及權利變換計畫案	臺北市文山區萬慶段三小段459、461、462、472、473、474、477、477-1、478、479-1、483-3、487、487-1、498、499、502地號等16筆土地	萬慶段三小段	483-3	459|461|462|472|473|474|477|477-1|478|479-1|483-3|487|487-1|498|499|502		16				擬訂	0	事業計畫、權利變換	世豐國際建築開發股份有限公司	財團法人都市更新研究發展基金會			文山區-萬慶段三小段-483-3地號等16筆	false	1286
307	2023-08-04	112/8/4	文山區	文山區	擬訂臺北市文山區萬慶段二小段579地號等42筆(原45筆)土地都市更新事業計畫案	擬訂臺北市文山區萬慶段二小段579地號等42筆(原45筆)土地都市更新事業計畫案	臺北市文山區萬慶段二小段579、579-1、581、581-1、584、584-1、588、590、592、595、596、597、598、599、600、601、602、603、604、605、606、607、608、609、610、611、612、613、614、615、616、617、618、619、620、621、622、623、624、637、639、869等42筆土地	萬慶段二小段	579	579|579-1|581|581-1|584|584-1|588|590|592|595|596|597|598|599|600|601|602|603|604|605|606|607|608|609|610|611|612|613|614|615|616|617|618|619|620|621|622|623|624|637|639		42	45			擬訂	0	事業計畫	國聚開發股份有限公司	丹棠開發股份有限公司			文山區-萬慶段二小段-579地號等42筆	true	307
632	2020-09-09	109/9/9	文山區	文山區	變更臺北市文山區萬慶段二小段6地號等45筆(原41筆)土地更新事業計畫及權利變換計畫案	變更臺北市文山區萬慶段二小段6地號等45筆(原41筆)土地更新事業計畫及權利變換計畫案	臺北市文山區萬慶段二小段6、7、6-1、6-2、8、9、10、11、12、13、13-1、14、14-1、15、15-1、16、16-1、17、17-1、18、19、20、20-1、21、22、22-1、23、24、25、26、26-1、27、28、28-1、29、30、30-1、31、32、34、36、38、46、48、48-1地號等45筆土地	萬慶段二小段	6	6|7|6-1|6-2|8|9|10|11|12|13|13-1|14|14-1|15|15-1|16|16-1|17|17-1|18|19|20|20-1|21|22|22-1|23|24|25|26|26-1|27|28|28-1|29|30|30-1|31|32|34|36|38|46|48|48-1		45	41			變更	1	事業計畫、權利變換	景美開發股份有限公司	邑相更新規畫股份有限公司			文山區-萬慶段二小段-6地號等45筆	true	632
1001	2017-02-23	106/2/23	文山區	文山區	擬訂臺北市文山區萬慶段二小段6地號等41筆土地更新事業計畫及權利變換計畫案	擬訂臺北市文山區萬慶段二小段6地號等41筆土地更新事業計畫及權利變換計畫案	臺北市文山區萬慶段二小段6、6-1、7、8、9、10、11、12、13、13-1、14、14-1、15、15-1、16、16-1、17、17-1、18、19、20、20-1、21、22、22-1、23、24、25、26、27、28、29、30、31、32、34、36、38、46、48、48-1地號等41筆土地	萬慶段二小段	6	6|6-1|7|8|9|10|11|12|13|13-1|14|14-1|15|15-1|16|16-1|17|17-1|18|19|20|20-1|21|22|22-1|23|24|25|26|27|28|29|30|31|32|34|36|38|46|48|48-1		41				擬訂	0	事業計畫、權利變換	合眾建築經理股份有限公司	城宇國際顧問有限公司			文山區-萬慶段二小段-6地號等45筆	false	632
113	2025-05-09	114/5/9	文山區	文山區	擬訂臺北市文山區萬慶段二小段744-1地號等5筆土地都市更新事業計畫案	擬訂臺北市文山區萬慶段二小段744-1地號等5筆土地都市更新事業計畫案	臺北市文山區萬慶段二小段744-1、745-1、745-7、785、785-1地號等5筆土地	萬慶段二小段	744-1	744-1|745-1|745-7|785|785-1		5				擬訂	0	事業計畫	上陽建設股份有限公司	里美都市開發股份有限公司			文山區-萬慶段二小段-744-1地號等5筆	true	113
257	2024-01-10	113/1/10	文山區	文山區	擬訂臺北市文山區萬芳段三小段563-1地號等9筆土地都市更新事業計畫及權利變換計畫案	擬訂臺北市文山區萬芳段三小段563-1地號等9筆土地都市更新事業計畫及權利變換計畫案	臺北市文山區萬芳段三小段563-1、563-3、590、593-1、594、595、596、597、600地號等9筆土地	萬芳段三小段	563-1	563-1|563-3|590|593-1|594|595|596|597|600		9				擬訂	0	事業計畫、權利變換	安家國際企業股份有限公司	玉山創意行銷股份有限公司			文山區-萬芳段三小段-563-1地號等9筆	true	257
401	2022-11-03	111/11/3	文山區	文山區	變更臺北市文山區萬芳段二小段183-1地號等30筆土地都市更新權利變換計畫案	變更臺北市文山區萬芳段二小段183-1地號等30筆土地都市更新權利變換計畫案	臺北市文山區萬芳段二小段183-1、183-2、183-9、195、196、197、198、201、203、204、205、224-1、225、259-1、259-3、265、265-2、265-3、266、267-6、267-11、267-12、267-13、267-14、268、268-1、270、271-1、272-1、273-1地號等30筆土地	萬芳段二小段	183-1	183-1|183-2|183-9|195|196|197|198|201|203|204|205|224-1|225|259-1|259-3|265|265-2|265-3|266|267-6|267-11|267-12|267-13|267-14|268|268-1|270|271-1|272-1|273-1		30				變更	1	權利變換	吉美建設事業股份有限公司	力冠丰都市規劃有限公司			文山區-萬芳段二小段-183-1地號等30筆	true	401
751	2019-10-17	108/10/17	文山區	文山區	擬訂臺北市文山區萬芳段二小段183-1地號等30筆土地都市更新事業計畫及權利變換計畫案	擬訂臺北市文山區萬芳段二小段183-1地號等30筆土地都市更新事業計畫及權利變換計畫案	臺北市文山區萬芳段二小段183-1、183-2、183-9、195、196、197、198、201、203、204、205、224-1、225、259-1、259-3、265、265-2、265-3、266、267-6、267-11、267-12、267-13、267-14、268、268-1、270、271-1、272-1、273-1地號等30筆土地	萬芳段二小段	183-1	183-1|183-2|183-9|195|196|197|198|201|203|204|205|224-1|225|259-1|259-3|265|265-2|265-3|266|267-6|267-11|267-12|267-13|267-14|268|268-1|270|271-1|272-1|273-1		30				擬訂	0	事業計畫、權利變換	吉美建設事業股份有限公司	力冠丰都市規劃有限公司			文山區-萬芳段二小段-183-1地號等30筆	false	401
169	2024-12-19	113/12/19	文山區	文山區	變更臺北市文山區萬隆段一小段188地號等12筆土地都市更新事業計畫及擬訂權利變換計畫案	變更臺北市文山區萬隆段一小段188地號等12筆土地都市更新事業計畫及擬訂權利變換計畫案	臺北市文山區萬隆段一小段188、227、227-1、228、229-1、231、233、235、236、240、247、248地號等12筆土地	萬隆段一小段	188	188|227|227-1|228|229-1|231|233|235|236|240|247|248		12				變更	1	事業計畫、權利變換	住欣建設股份有限公司	安邦工程顧問股份有限公司			文山區-萬隆段一小段-188地號等12筆	true	169
537	2021-09-08	110/9/8	文山區	文山區	擬訂臺北市文山區萬隆段一小段188地號等12筆土地都市更新事業計畫案	擬訂臺北市文山區萬隆段一小段188地號等12筆土地都市更新事業計畫案	臺北市文山區萬隆段一小段188、227、227-1、228、229-1、231、233、235、236、240、247、248地號等12筆土地	萬隆段一小段	188	188|227|227-1|228|229-1|231|233|235|236|240|247|248		12				擬訂	0	事業計畫	住欣建設股份有限公司	安邦工程顧問股份有限公司			文山區-萬隆段一小段-188地號等12筆	false	169
686	2020-04-15	109/4/15	文山區	文山區	變更臺北市文山區萬隆段一小段53-20地號等60筆(原62筆)土地都市更新事業計畫案	變更臺北市文山區萬隆段一小段53-20地號等60筆(原62筆)土地都市更新事業計畫案	臺北市文山區萬隆段一小段53-20、53-26、53-34、53-35、132-2、132-5、133-14、148、149、150、151、152、152-1、152-2、153、154、154-1、155、155-1、156、156-1、157、157-1、157-2、158、158-1、158-2、158-3、158-5、159、160、161、162、162-1、162-2、162-7、162-8、162-9、162-10、162-11、162-12、162-13、163、164、164-1、165、166、171、172、173、174、174-1、174-2、174-5、174-6、174-7、174-8、174-9、174-10、181地號等60筆土地	萬隆段一小段	53-20	53-20|53-26|53-34|53-35|132-2|132-5|133-14|148|149|150|151|152|152-1|152-2|153|154|154-1|155|155-1|156|156-1|157|157-1|157-2|158|158-1|158-2|158-3|158-5|159|160|161|162|162-1|162-2|162-7|162-8|162-9|162-10|162-11|162-12|162-13|163|164|164-1|165|166|171|172|173|174|174-1|174-2|174-5|174-6|174-7|174-8|174-9|174-10|181		60	62			變更	1	事業計畫	大方建設股份有限公司	安邦工程顧問股份有限公司			文山區-萬隆段一小段-53-20地號等60筆	true	686
1285	2010-03-18	99/3/18	文山區	文山區	擬訂臺北市文山區萬隆段一小段53-20地號等62筆土地都市更新事業計畫及權利變換計畫案	擬訂臺北市文山區萬隆段一小段53-20地號等62筆土地都市更新事業計畫及權利變換計畫案	臺北市文山區萬隆段一小段53-20、53-21、53-26、53-34、53-35、132-2、132-5、133-14、148、149、150、151、152、152-1、152-2、153、154、154-1、155、155-1、156、156-1、157、157-1、157-2、158、158-1、158-2、158-3、158-4、158-5、159、160、161、162、162-1、162-2、162-7、162-8、162-9、162-10、162-11、162-12、162-13、163、164、164-1、165、166、171、172、173、174、174-1、174-2、	萬隆段一小段	53-20	53-20|53-21|53-26|53-34|53-35|132-2|132-5|133-14|148|149|150|151|152|152-1|152-2|153|154|154-1|155|155-1|156|156-1|157|157-1|157-2|158|158-1|158-2|158-3|158-4|158-5|159|160|161|162|162-1|162-2|162-7|162-8|162-9|162-10|162-11|162-12|162-13|163|164|164-1|165|166|171|172|173|174|174-1|174-2		62				擬訂	0	事業計畫、權利變換	大方建設股份有限公司	中興都更事業股份有限公司			文山區-萬隆段一小段-53-20地號等60筆	false	686
545	2021-08-10	110/8/10	文山區	文山區	擬訂臺北市文山區萬隆段一小段551地號等9筆土地都市更新事業計畫案	擬訂臺北市文山區萬隆段一小段551地號等9筆土地都市更新事業計畫案	臺北市文山區萬隆段一小段551、564、564-2、565、565-6、565-7、566、566-3、567-3地號等9筆土地	萬隆段一小段	551	551|564|564-2|565|565-6|565-7|566|566-3|567-3		9				擬訂	0	事業計畫	育座建設股份有限公司	冠霖不動產顧問股份有限公司			文山區-萬隆段一小段-551地號等9筆	true	545
285	2023-10-26	112/10/26	文山區	文山區	變更(第二次)臺北市文山區萬隆段一小段594-1地號等16筆(原14筆)土地都市更新權利變換計畫案	變更(第二次)臺北市文山區萬隆段一小段594-1地號等16筆(原14筆)土地都市更新權利變換計畫案	臺北市文山區萬隆段一小段594-1、633、633-1、633-2、633-3、633-4、633-5、633-6、633-7、633-8、642、656、659、659-1、659-2、688地號等16筆土地	萬隆段一小段	594-1	594-1|633|633-1|633-2|633-3|633-4|633-5|633-6|633-7|633-8|642|656|659|659-1|659-2|688		16	14			變更(第二次)	2	權利變換	元興建設股份有限公司	邑相更新規畫股份有限公司			文山區-萬隆段一小段-594-1地號等16筆	true	285
550	2021-08-03	110/8/3	文山區	文山區	變更臺北市文山區萬隆段一小段594-1地號等16筆(原14筆)土地都市更新事業計畫及權利變換計畫案	變更臺北市文山區萬隆段一小段594-1地號等16筆(原14筆)土地都市更新事業計畫及權利變換計畫案	臺北市文山區萬隆段一小段594-1、633、633-1、633-2、633-3、633-4、633-5、633-6、633-7、633-8、642、656、659、659-1、659-2、688地號等16筆土地	萬隆段一小段	594-1	594-1|633|633-1|633-2|633-3|633-4|633-5|633-6|633-7|633-8|642|656|659|659-1|659-2|688		16	14			變更	1	事業計畫、權利變換	元興建設股份有限公司	邑相更新規畫股份有限公司			文山區-萬隆段一小段-594-1地號等16筆	false	285
746	2019-10-31	108/10/31	文山區	文山區	擬訂臺北市文山區萬隆段一小段594-1地號等16筆(原14筆)土地都市更新事業計畫及權利變換計畫案	擬訂臺北市文山區萬隆段一小段594-1地號等16筆(原14筆)土地都市更新事業計畫及權利變換計畫案	臺北市文山區萬隆段一小段594-1、633、633-1、633-2、633-3、633-4、633-5、633-6、633-7、633-8、642、656、659、659-1、659-2、688地號等16筆土地	萬隆段一小段	594-1	594-1|633|633-1|633-2|633-3|633-4|633-5|633-6|633-7|633-8|642|656|659|659-1|659-2|688		16	14			擬訂	0	事業計畫、權利變換	元興建設股份有限公司	邑相更新規畫股份有限公司			文山區-萬隆段一小段-594-1地號等16筆	false	285
1268	2010-10-22	99/10/22	文山區	文山區	變更臺北市文山區萬隆段二小段461地號1筆土地都市更新事業計畫案(原468地號等58筆)	變更臺北市文山區萬隆段二小段461地號1筆土地都市更新事業計畫案(原468地號等58筆)	臺北市文山區萬隆段二小段461地號等1筆土地	萬隆段二小段	461	461		1				變更	1	事業計畫	鴻暘建設股份有限公司	合邑都市更新股份有限公司			文山區-萬隆段二小段-461地號等1筆	true	1268
1364	2007-10-22	96/10/22	文山區	文山區	變更臺北市文山區萬隆段二小段463地號等5筆土地(原崇德隆盛新村基地)都市更新事業計畫案	變更臺北市文山區萬隆段二小段463地號等5筆土地(原崇德隆盛新村基地)都市更新事業計畫案	臺北市文山區萬隆段二小段463、466、471、499、500地號等5筆土地	萬隆段二小段	463	463|466|471|499|500		5		原崇德隆盛新村基地		變更	1	事業計畫	國防部總政治作戰局	喻台生建築師事務所			文山區-萬隆段二小段-463地號等5筆	true	1364
1396	2005-03-22	94/3/22	文山區	文山區	擬訂臺北市文山區萬隆段二小段463地號等5筆土地(原崇德隆盛新村基地)都市更新事業計畫案	擬訂臺北市文山區萬隆段二小段463地號等5筆土地(原崇德隆盛新村基地)都市更新事業計畫案	臺北市文山區萬隆段二小段499、500、471、463、466地號等5筆土地	萬隆段二小段	463	499|500|471|463|466		5		原崇德隆盛新村基地		擬訂	0	事業計畫	國防部總政治作戰局	喻台生建築事務所			文山區-萬隆段二小段-463地號等5筆	false	1364
1365	2007-10-17	96/10/17	文山區	文山區	擬訂臺北市文山區萬隆段二小段468地號等58筆土地都市更新事業計畫案	擬訂臺北市文山區萬隆段二小段468地號等58筆土地都市更新事業計畫案	臺北市文山區萬隆段二小段461、461-1、461-2、461-3、461-4、468、468-4、468-5、468-6、468-7、468-8、468-9、468-10、468-11、468-12、468-13、468-14、468-15、468-16、468-17、468-18、468-19、468-20、468-21、168-22、468-23、468-24、468-25、468-26、468-27、468-28、468-29、468-30、468-31、468-32、468-33、468-34、468-35、468-36、468-37、468-38、468-39、468-40、468-41、468-42、468-43、468-44、468-45、468-46、468-47、468-48、468-49、	萬隆段二小段	468	461|461-1|461-2|461-3|461-4|468|468-4|468-5|468-6|468-7|468-8|468-9|468-10|468-11|468-12|468-13|468-14|468-15|468-16|468-17|468-18|468-19|468-20|468-21|168-22|468-23|468-24|468-25|468-26|468-27|468-28|468-29|468-30|468-31|468-32|468-33|468-34|468-35|468-36|468-37|468-38|468-39|468-40|468-41|468-42|468-43|468-44|468-45|468-46|468-47|468-48|468-49		58				擬訂	0	事業計畫	鴻暘建設股份有限公司	合邑都市更新股份有限公司			文山區-萬隆段二小段-468地號等58筆	true	1365
390	2022-11-23	111/11/23	文山區	文山區	變更臺北市文山區萬隆段二小段519地號等23筆土地都市更新權利變換計畫案	變更臺北市文山區萬隆段二小段519地號等23筆土地都市更新權利變換計畫案	臺北市文山區萬隆段二小段519、519-14、519-19、519-20、519-21、519-22、519-23、51-24、519-25、519-26、519-27、519-29、519-30、519-31、519-32、519-33、519-34、531、536、540、551、575及575-4地號等23筆土地	萬隆段二小段	519	519|519-14|519-19|519-20|519-21|519-22|519-23|51-24|519-25|519-26|519-27|519-29|519-30|519-31|519-32|519-33|519-34|531|536|540|551		23				變更	1	權利變換	沅利建設股份有限公司	弘傑不動產事業股份有限公司			文山區-萬隆段二小段-519地號等23筆	true	390
968	2017-08-01	106/8/1	文山區	文山區	變更臺北市文山區萬隆段二小段519地號等23筆土地都市更新事業計畫及權利變換計畫案	變更臺北市文山區萬隆段二小段519地號等23筆土地都市更新事業計畫及權利變換計畫案	臺北市文山區萬隆段二小段519、519-14、519-19、519-20、519-21、519-22、519-23、51-24、519-25、519-26、519-27、519-29、519-30、519-31、519-32、519-33、519-34、531、536、540、551、575及575-4地號等23筆土地	萬隆段二小段	519	519|519-14|519-19|519-20|519-21|519-22|519-23|51-24|519-25|519-26|519-27|519-29|519-30|519-31|519-32|519-33|519-34|531|536|540|551		23				變更	1	事業計畫、權利變換	沅利建設股份有限公司	弘傑不動產事業股份有限公司			文山區-萬隆段二小段-519地號等23筆	false	390
1196	2013-02-07	102/2/7	文山區		擬訂臺北市文山區萬隆段二小段519地號等56筆土地都市更新事業計畫案	擬訂臺北市文山區萬隆段二小段519地號等56筆土地都市更新事業計畫案	519-8、519-9、519-10、519-11、519-12、519-13、519-14、519-15、519-16、519-17、519-18、519-19、519-20、519-21、519519-22、519-23、519-24、519-25、519-26、519-27、519-28、519-29、519-30、519-31、519-32、519-33、519-34、531、533、534、535、536、539、540、541、544、546、547、548、549、550、551、552、553、555	萬隆段二小段	519	519-8|519-9|519-10|519-11|519-12|519-13|519-14|519-15|519-16|519-17|519-18|519-19|519-20|519-21|519519-22|519-23|519-24|519-25|519-26|519-27|519-28|519-29|519-30|519-31|519-32|519-33|519-34|531|533|534|535|536|539|540|541|544|546|547|548|549|550|551|552|553|555		56				擬訂	0	事業計畫	沅利建設股份有限公司	弘傑不動事業股份有限公司		地號無法解析(缺少段小段)	文山區-萬隆段二小段-519地號等56筆	true	1196
318	2023-06-15	112/6/15	文山區	文山區	變更(第二次)臺北市文山區萬隆段二小段623地號1筆(原519地號等23筆)土地都市更新事業計畫案	變更(第二次)臺北市文山區萬隆段二小段623地號1筆(原519地號等23筆)土地都市更新事業計畫案	臺北市文山區萬隆段二小段6231筆土地	萬隆段二小段	623			1				變更(第二次)	2	事業計畫	沅利建設股份有限公司	弘傑不動產事業股份有限公司		地號無法解析(缺少地號清單)	文山區-萬隆段二小段-623地號等1筆	true	318
1354	2008-01-02	97/1/2	萬華區		變更臺北市萬華區崇仁新村都市更新事業計畫及權利變換計畫案臺北市萬華區崇仁新村青年段一小段711-3、青年段二小段18地號土地	變更臺北市萬華區崇仁新村都市更新事業計畫及權利變換計畫案臺北市萬華區崇仁新村青年段一小段711-3、青年段二小段18地號土地										變更	1	事業計畫、權利變換	國防部	喻台生建築師事務所		地號無法解析(缺少段小段)	未解析-1354	true	1354
922	2018-01-09	107/1/9	松山區	松山區	變更(第二次)臺北市松山區寶清段一小段341-1地號等28筆土地都市更新權利變換計畫案	變更(第二次)臺北市松山區寶清段ㄧ小段341-1地號等28筆土地都市更新權利變換計畫案	臺北市松山區寶清段ㄧ小段341-1、341-2、343-3、344、344-1、344-2、344-3、344-4、344-5、344-6、344-7、344-8、344-9、344-10、344-11、344-12、344-13、344-14、344-15、344-16、344-17、344-18、344-19、345、346、347、348、392地號等28筆土地	寶清段一小段	341-1	341-1|341-2|343-3|344|344-1|344-2|344-3|344-4|344-5|344-6|344-7|344-8|344-9|344-10|344-11|344-12|344-13|344-14|344-15|344-16|344-17|344-18|344-19|345|346|347|348|392		28				變更(第二次)	2	權利變換	新潤建設股份有限公司	安邦工程顧問股份有限公司			松山區-寶清段一小段-341-1地號等28筆	true	922
1019	2016-11-03	105/11/3	松山區	松山區	變更臺北市松山區寶清段一小段341-1地號等28筆土地都市更新權利變換計畫案	變更臺北市松山區寶清段一小段341-1地號等28筆土地都市更新權利變換計畫案	臺北市松山區寶清段一小段341-1、341-2、343-3、344、344-1、344-2、344-3、344-4、344-5、344-6、344-7、344-8、344-9、344-10、344-11、344-12、344-13、344-14、344-15、344-16、344-17、344-18、344-19、345、346、347、348、392地號等28筆土地	寶清段一小段	341-1	341-1|341-2|343-3|344|344-1|344-2|344-3|344-4|344-5|344-6|344-7|344-8|344-9|344-10|344-11|344-12|344-13|344-14|344-15|344-16|344-17|344-18|344-19|345|346|347|348|392		28				變更	1	權利變換	新潤建設股份有限公司	安邦工程顧問股份有限公司			松山區-寶清段一小段-341-1地號等28筆	false	922
1245	2011-08-12	100/8/12	松山區	松山區	擬訂臺北市松山區寶清段一小段341-1地號等28筆土地都市更新事業計畫案	擬訂臺北市松山區寶清段一小段341-1地號等28筆土地都市更新事業計畫案	臺北市松山區寶清段一小段341-1、341-2、343-3、344、344-1、344-2、34-3、344-4、344-5、344-6、344-7、344-8、344-9、344-10、344344-11、344-12、344-13、344-14、344-15、344-16、344-17、344-18、344-19、345、346、347、348348、392地號等28筆土地	寶清段一小段	341-1	341-1|341-2|343-3|344|344-1|344-2|34-3|344-4|344-5|344-6|344-7|344-8|344-9|344-10|344344-11|344-12|344-13|344-14|344-15|344-16|344-17|344-18|344-19|345|346|347|348348|392		28				擬訂	0	事業計畫	新潤建設股份有限公司	安邦工程顧問股份有限公司			松山區-寶清段一小段-341-1地號等28筆	false	922
834	2019-01-23	108/1/23	松山區	松山區	變更臺北市松山區寶清段一小段51-13地號土地都市更新事業計畫及擬訂權利變換計畫案	變更臺北市松山區寶清段一小段51-13地號土地都市更新事業計畫及擬訂權利變換計畫案	臺北市松山區寶清段一小段51-13地號土地	寶清段一小段	51-13	51-13						變更	1	事業計畫、權利變換	將作建設股份有限公司	聖洪建築師事務所、里成都市更新股份有限公司			松山區-寶清段一小段-51-13地號等?筆	true	834
1078	2015-10-29	104/10/29	松山區	松山區	擬訂臺北市松山區寶清段一小段51-13地號1筆土地都市更新事業計畫案	擬訂臺北市松山區寶清段一小段51-13地號1筆土地都市更新事業計畫案	擬訂臺北市松山區寶清段一小段51-13地號等1筆土地	寶清段一小段	51-13	51-13		1				擬訂	0	事業計畫	將作建設股份有限公司	里程都市更新股份有限公司			松山區-寶清段一小段-51-13地號等?筆	false	834
863	2018-10-02	107/10/2	松山區	松山區	變更(第二次)臺北市松山區寶清段一小段51-17地號1筆土地都市更新權利變換計畫案	變更(第二次)臺北市松山區寶清段一小段51-17地號1筆土地都市更新權利變換計畫案	臺北市松山區寶清段一小段51-17地號1筆土地	寶清段一小段	51-17	51-17		1				變更(第二次)	2	權利變換	將作建設股份有限公司	聖洪建築師事務所/里成都市更新股份有限公司			松山區-寶清段一小段-51-17地號等1筆	true	863
1131	2014-04-25	103/4/25	松山區	松山區	擬訂臺北市松山區寶清段一小段51-17地號1筆土地都市更新事業計畫及權利變換計畫案	擬訂臺北市松山區寶清段一小段51-17地號1筆土地都市更新事業計畫及權利變換計畫案	臺北市松山區寶清段一小段51-17地號等1筆土地	寶清段一小段	51-17	51-17		1				擬訂	0	事業計畫、權利變換	將作建設股份有限公司	里成都市更新股份有限公司			松山區-寶清段一小段-51-17地號等1筆	false	863
914	2018-03-20	107/3/20	松山區	松山區	變更臺北市松山區寶清段一小段51-17地號1筆土地都市更新權利變換計畫案	變更臺北市松山區寶清段一小段51-17地號1筆土地都市更新權利變換計畫案	、332-3、333及334地號等59筆土地臺北市松山區寶清段一小段51-171筆土地	寶清段一小段	51-17			1				變更	1	權利變換	將作建設股份有限公司	聖洪建築師事務所/里成都市更新股份有限公司		地號無法解析(缺少地號清單)	松山區-寶清段一小段-51-17地號等1筆-2	true	914
1176	2013-07-25	102/7/25	松山區	松山區	擬訂臺北市松山區寶清段一小段51-3地號1筆土地都市更新事業計畫及權利變換計畫案	擬訂臺北市松山區寶清段一小段51-3地號1筆土地都市更新事業計畫及權利變換計畫案	臺北市松山區寶清段一小段51-3地號等1筆土地	寶清段一小段	51-3	51-3		1				擬訂	0	事業計畫、權利變換	中華工程股份有限公司	冠霖不動產顧問股份有限公司			松山區-寶清段一小段-51-3地號等1筆	true	1176
53	2026-02-03	115/2/3	松山區	松山區	變更(第二次)臺北市松山區寶清段一小段57-13地號等1筆土地都市更新權利變換計畫案	變更(第二次)臺北市松山區寶清段一小段57-13地號等1筆土地都市更新權利變換計畫案	臺北市松山區寶清段一小段57-13地號等1筆土地	寶清段一小段	57-13	57-13		1				變更(第二次)	2	權利變換	中華工程股份有限公司	冠霖不動產顧問股份有限公司			松山區-寶清段一小段-57-13地號等1筆	true	53
124	2025-04-09	114/4/9	松山區	松山區	變更臺北市松山區寶清段一小段57-13地號等1筆土地都市更新權利變換計畫案	變更臺北市松山區寶清段一小段57-13地號等1筆土地都市更新權利變換計畫案	臺北市松山區寶清段一小段57-13地號等1筆土地	寶清段一小段	57-13	57-13		1				變更	1	權利變換	中華工程股份有限公司	冠霖不動產顧問股份有限公司			松山區-寶清段一小段-57-13地號等1筆	false	53
835	2019-01-23	108/1/23	松山區	松山區	擬訂臺北市松山區寶清段一小段57-13地號等1筆土地都市更新權利變換計畫案	擬訂臺北市松山區寶清段一小段57-13地號等1筆土地都市更新權利變換計畫案	臺北市松山區寶清段一小段57-13地號等1筆土地	寶清段一小段	57-13	57-13		1				擬訂	0	權利變換	中華工程股份有限公司	冠霖不動產顧問股份有限公司			松山區-寶清段一小段-57-13地號等1筆	false	53
1068	2015-12-17	104/12/17	松山區	松山區	擬訂臺北市松山區寶清段一小段57-13地號1筆土地都市更新事業計畫案	擬訂臺北市松山區寶清段一小段57-13地號1筆土地都市更新事業計畫案	臺北市松山區寶清段一小段57-13地號等1筆土地	寶清段一小段	57-13	57-13		1				擬訂	0	事業計畫	中華工程股份有限公司	冠霖不動產股份有限公司			松山區-寶清段一小段-57-13地號等1筆	false	53
638	2020-09-02	109/9/2	松山區	松山區	變更臺北市松山區寶清段一小段57-2地號1筆土地都市更新權利變換計畫案	變更臺北市松山區寶清段一小段57-2地號1筆土地都市更新權利變換計畫案	臺北市松山區寶清段一小段57-2地號等1筆土地	寶清段一小段	57-2	57-2		1				變更	1	權利變換	中華工程股份有限公司	冠霖不動產顧問股份有限公司			松山區-寶清段一小段-57-2地號等1筆	true	638
1036	2016-08-25	105/8/25	松山區	松山區	擬訂臺北市松山區寶清段一小段57-2地號1筆土地都市更新權利變換計畫案	擬訂臺北市松山區寶清段一小段57-2地號1筆土地都市更新權利變換計畫案	臺北市松山區寶清段一小段57-2地號等1筆土地	寶清段一小段	57-2	57-2		1				擬訂	0	權利變換	中華工程股份有限公司	冠霖不動產顧問股份有限公司			松山區-寶清段一小段-57-2地號等1筆	false	638
1130	2014-04-25	103/4/25	松山區	松山區	擬訂臺北市松山區寶清段一小段57-2地號1筆土地都市更新事業計畫案	擬訂臺北市松山區寶清段一小段57-2地號1筆土地都市更新事業計畫案	臺北市松山區寶清段一小段57-2地號等1筆土地	寶清段一小段	57-2	57-2		1				擬訂	0	事業計畫	中華工程股份有限公司	冠霖不動產顧問股份有限公司			松山區-寶清段一小段-57-2地號等1筆	false	638
685	2020-04-22	109/4/22	松山區	松山區	擬訂臺北市松山區寶清段一小段57地號1筆土地都市權利變換計畫案	擬訂臺北市松山區寶清段一小段57地號1筆土地都市權利變換計畫案	166、167、168、169、170、171、172地號等113筆土地臺北市松山區寶清段一小段57地號等1筆土地	寶清段一小段	57	57		1				擬訂	0	權利變換	中華工程股份有限公司	冠霖不動產顧問股份有限公司			松山區-寶清段一小段-57地號等1筆	true	685
979	2017-06-29	106/6/29	松山區	松山區	擬訂臺北市松山區寶清段一小段57地號1筆土地都市更新事業計畫案	擬訂臺北市松山區寶清段一小段57地號1筆土地都市更新事業計畫案	臺北市松山區寶清段一小段57地號等1筆土地	寶清段一小段	57	57		1				擬訂	0	事業計畫	中華工程股份有限公司	冠霖不動產顧問股份有限公司			松山區-寶清段一小段-57地號等1筆	false	685
999	2017-03-09	106/3/9	松山區	松山區	變更(第二次)臺北市松山區寶清段七小段132地號土地都市更新事業計畫案	變更(第二次)臺北市松山區寶清段七小段132地號土地都市更新事業計畫案	臺北市松山區寶清段七小段132地號1筆土地	寶清段七小段	132	132		1				變更(第二次)	2	事業計畫	正隆股份有限公司奇模工程有限公司				松山區-寶清段七小段-132地號等1筆	true	999
1171	2013-08-08	102/8/8	松山區	松山區	變更臺北市松山區寶清段七小段132地號土地(原松園大廈基地)都市更新事業計畫案	變更臺北市松山區寶清段七小段132地號土地(原松園大廈基地)都市更新事業計畫案	臺北市松山區寶清段七小段132地號等1筆土地	寶清段七小段	132	132		1		原松園大廈基地		變更	1	事業計畫	正隆股份有限公司簡俊卿建築師事務	所			松山區-寶清段七小段-132地號等1筆	false	999
1241	2011-10-24	100/10/24	松山區	松山區	擬訂臺北市松山區寶清段七小段132地號土地(原松園大廈基地)都市更新事業計畫案	擬訂臺北市松山區寶清段七小段132地號土地(原松園大廈基地)都市更新事業計畫案	臺北市松山區寶清段七小段132地號等1筆土地	寶清段七小段	132	132		1		原松園大廈基地		擬訂	0	事業計畫	正隆股份有限公司簡俊卿建築師事務	所			松山區-寶清段七小段-132地號等1筆	false	999
1414	2002-12-31	91/12/31	松山區	松山區	擬訂臺北市松山區寶清段七小段678地號1筆土地(原豪門世家基地)都市更新事業計畫及權利變換計畫案	擬訂臺北市松山區寶清段七小段678地號1筆土地(原豪門世家基地)都市更新事業計畫及權利變換計畫案	臺北市松山區寶清段七小段678地號等1筆土地	寶清段七小段	678	678		1		原豪門世家基地		擬訂	0	事業計畫、權利變換	豪門世家更新地區都市更新會	國土不動產投資顧問股份有限公司			松山區-寶清段七小段-678地號等1筆	true	1414
1410	2003-11-03	92/11/3	松山區	松山區	變更臺北市松山區寶清段七小段688地號1筆土地(原東星大樓基地)都市更新事業計畫及權利變換計畫案	變更臺北市松山區寶清段七小段688地號1筆土地(原東星大樓基地)都市更新事業計畫及權利變換計畫案	臺北市松山區寶清段七小段688地號等1筆土地	寶清段七小段	688	688		1		原東星大樓基地		變更	1	事業計畫、權利變換	臺北市松山區寶清段七小段東星大樓都市更新會	聖洪建築師事務所			松山區-寶清段七小段-688地號等1筆	true	1410
1415	2002-08-21	91/8/21	松山區	松山區	擬訂臺北市松山區寶清段七小段688地號1筆土地(原東星大樓基地)都市更新事業計畫及權利變換計畫案	擬訂臺北市松山區寶清段七小段688地號1筆土地(原東星大樓基地)都市更新事業計畫及權利變換計畫案	臺北市松山區寶清段七小段688地號等1筆土地	寶清段七小段	688	688		1		原東星大樓基地		擬訂	0	事業計畫、權利變換	臺北市松山區寶清段七小段東星大樓都市更新會	聖洪建築師事務所			松山區-寶清段七小段-688地號等1筆	false	1410
1249	2011-06-22	100/6/22	松山區	松山區	變更臺北市松山區寶清段三小段362地號等34筆土地都市更新事業計畫及權利變換計畫案	變更臺北市松山區寶清段三小段362地號等34筆土地都市更新事業計畫及權利變換計畫案	臺北市松山區寶清段三小段1、2、3、4、1-1、1-2、1-3、1-4、24-1、299-2、325、330、331、336、337、342、351、351-1、351-2、352、353、355、355-1、355-3、356、357、358、359、360、361、362、363-2地號等34筆土地	寶清段三小段	362	1|2|3|4|1-1|1-2|1-3|1-4|24-1|299-2|325|330|331|336|337|342|351|351-1|351-2|352|353|355|355-1|355-3|356|357|358|359|360|361|362|363-2		34				變更	1	事業計畫、權利變換	國美建設股份有限公司	國土不動產投資顧問股份有限公司			松山區-寶清段三小段-362地號等34筆	true	1249
1367	2007-10-02	96/10/2	松山區	松山區	擬訂臺北市松山區寶清段三小段362地號等34筆土地都市更新事業計畫及權利變換計畫案	擬訂臺北市松山區寶清段三小段362地號等34筆土地都市更新事業計畫及權利變換計畫案	臺北市松山區寶清段三小段1、2、3、4、1-1、1-2、1-3、1-4、24-1、299-2、325、330、331、336、337、342、351、351-1、351-2、352、353、355、355-1、355-3、356、357、358、359、360、361、362、363-2地號等34筆土地	寶清段三小段	362	1|2|3|4|1-1|1-2|1-3|1-4|24-1|299-2|325|330|331|336|337|342|351|351-1|351-2|352|353|355|355-1|355-3|356|357|358|359|360|361|362|363-2		34				擬訂	0	事業計畫、權利變換	國美建設股份有限公司	國土不動產投資顧問股份有限公司			松山區-寶清段三小段-362地號等34筆	false	1249
272	2023-11-30	112/11/30	松山區	松山區	變更臺北市松山區寶清段三小段633地號等7筆土地都市更新事業計畫案	變更臺北市松山區寶清段三小段633地號等7筆土地都市更新事業計畫案	臺北市松山區寶清段三小段633、633-3、634、634-3、635、636、716地號等7筆土地	寶清段三小段	633	633|633-3|634|634-3|635|636|716		7				變更	1	事業計畫	將捷股份有限公司冠霖不動產顧問股	份有限公司			松山區-寶清段三小段-633地號等7筆	true	272
450	2022-05-26	111/5/26	松山區	松山區	擬訂臺北市松山區寶清段三小段633地號等7筆土地都市更新事業計畫及權利變換計畫案	擬訂臺北市松山區寶清段三小段633地號等7筆土地都市更新事業計畫及權利變換計畫案	臺北市松山區寶清段三小段633、633-3、634、634-3、635、636、716地號等7筆土地	寶清段三小段	633	633|633-3|634|634-3|635|636|716		7				擬訂	0	事業計畫、權利變換	將捷股份有限公司冠霖不動產顧問股	份有限公司			松山區-寶清段三小段-633地號等7筆	false	272
204	2024-07-05	113/7/5	松山區	松山區	變更臺北市松山區寶清段二小段155地號等24筆(原25筆)土地都市更新事業計畫案	變更臺北市松山區寶清段二小段155地號等24筆(原25筆)土地都市更新事業計畫案	臺北市松山區寶清段二小段155、167-1、167-2、167-3、170、171、172、173、174、175、176、177、178、179、180、181、182、183、184、188、189、190、191、205-16地號等24筆土地	寶清段二小段	155	155|167-1|167-2|167-3|170|171|172|173|174|175|176|177|178|179|180|181|182|183|184|188|189|190|191|205-16		24	25			變更	1	事業計畫	泰鼎臨建設開發股份有限公司	中華建築經理股份有限公司			松山區-寶清段二小段-155地號等24筆	true	204
521	2021-11-10	110/11/10	松山區	松山區	擬訂臺北市松山區寶清段二小段155地號等25筆土地都市更新事業計畫及權利變換計畫案	擬訂臺北市松山區寶清段二小段155地號等25筆土地都市更新事業計畫及權利變換計畫案	臺北市松山區寶清段二小段155、167-1、167-2、167-3、170、171、172、173、174、174-1、175、176、177、178、179、180、181、182、183、184、188、189、190、191、205-16地號等25筆土地	寶清段二小段	155	155|167-1|167-2|167-3|170|171|172|173|174|174-1|175|176|177|178|179|180|181|182|183|184|188|189|190|191|205-16		25				擬訂	0	事業計畫、權利變換	泰鼎臨建設開發股份有限公司	中華建築經理股份有限公司			松山區-寶清段二小段-155地號等24筆	false	204
152	2025-01-23	114/1/23	松山區	松山區	擬訂臺北市松山區寶清段二小段167地號等3筆土地都市更新事業計畫及權利變換計畫案	擬訂臺北市松山區寶清段二小段167地號等3筆土地都市更新事業計畫及權利變換計畫案	臺北市松山區寶清段二小段167、168、169地號等3筆土地	寶清段二小段	167	167|168|169		3				擬訂	0	事業計畫、權利變換	燾頂建設股份有限公司	冠霖都市更新事業股份有限公司			松山區-寶清段二小段-167地號等3筆	true	152
109	2025-05-15	114/5/15	松山區	松山區	變更(第二次)臺北市松山區寶清段二小段353-2地號等21筆土地都市更新事業計畫及權利變換計畫案	變更(第二次)臺北市松山區寶清段二小段353-2地號等21筆土地都市更新事業計畫及權利變換計畫案	臺北市松山區寶清段二小段353-2、354、354-1、355-3、357-1、357-3、370、371、371-1、372-1、376-1、376-2、384-1、384-3、388-1、390、391、392、393、393-1、415-1地號等21筆土地	寶清段二小段	353-2	353-2|354|354-1|355-3|357-1|357-3|370|371|371-1|372-1|376-1|376-2|384-1|384-3|388-1|390|391|392|393|393-1|415-1		21				變更(第二次)	2	事業計畫、權利變換	北碁建設股份有限公司	丹棠開發股份有限公司			松山區-寶清段二小段-353-2地號等21筆	true	109
531	2021-09-23	110/9/23	松山區	松山區	變更臺北市松山區寶清段二小段353-2地號等21筆土地都市更新事業計畫及權利變換計畫案	變更臺北市松山區寶清段二小段353-2地號等21筆土地都市更新事業計畫及權利變換計畫案	臺北市松山區寶清段二小段353-2、354、354-1、355-3、357-1、357-3、370、371、371-1、372-1、376-1、376-2、384-1、384-3、388-1、390、391、392、393、393-1、415-1地號等21筆土地	寶清段二小段	353-2	353-2|354|354-1|355-3|357-1|357-3|370|371|371-1|372-1|376-1|376-2|384-1|384-3|388-1|390|391|392|393|393-1|415-1		21				變更	1	事業計畫、權利變換	北碁建設股份有限公司	丹棠開發股份有限公司			松山區-寶清段二小段-353-2地號等21筆	false	109
814	2019-03-14	108/3/14	松山區	松山區	擬訂臺北市松山區寶清段二小段353-2地號等21筆土地都市更新事業計畫及權利變換計畫案	擬訂臺北市松山區寶清段二小段353-2地號等21筆土地都市更新事業計畫及權利變換計畫案	臺北市松山區寶清段二小段353-2、354、354-1、355-3、357-1、357-3、370、371、371-1、372-1、376-1、376-2、384-1、384-3、388-1、390、391、392、393、393-1、415-1地號等21筆土地	寶清段二小段	353-2	353-2|354|354-1|355-3|357-1|357-3|370|371|371-1|372-1|376-1|376-2|384-1|384-3|388-1|390|391|392|393|393-1|415-1		21				擬訂	0	事業計畫、權利變換	富達鋼鐵股份有限公司	丹棠開發股份有限公司			松山區-寶清段二小段-353-2地號等21筆	false	109
1416	2002-07-17	91/7/17	松山區	松山區	擬訂臺北市松山區寶清段二小段375地號1筆土地(原慶福大樓基地)都市更新事業計畫及權利變換計畫案	擬訂臺北市松山區寶清段二小段375地號1筆土地(原慶福大樓基地)都市更新事業計畫及權利變換計畫案	臺北市松山區寶清段二小段375地號等1筆土地	寶清段二小段	375	375		1		原慶福大樓基地		擬訂	0	事業計畫、權利變換	慶福大樓都市更新會	慶福大樓都市更新會			松山區-寶清段二小段-375地號等1筆	true	1416
1363	2007-10-30	96/10/30	松山區	松山區	變更臺北市松山區寶清段四小段599地號等27筆土地都市更新事業計畫案	變更臺北市松山區寶清段四小段599地號等27筆土地都市更新事業計畫案	臺北市松山區寶清段四小段599、599-1、601、601-1、603、603-1、605、605-1、607、607-1、609、609-1、611、611-1、613、613-1、615、615-1、616、616-1、617、618、619、620、621、622、623地號等27筆土地	寶清段四小段	599	599|599-1|601|601-1|603|603-1|605|605-1|607|607-1|609|609-1|611|611-1|613|613-1|615|615-1|616|616-1|617|618|619|620|621|622|623		27				變更	1	事業計畫	興富發建設股份有限公司	梁正芳建築師事務所			松山區-寶清段四小段-599地號等27筆	true	1363
1388	2006-04-18	95/4/18	松山區	松山區	擬訂臺北市松山區寶清段四小段599地號等27筆土地都市更新事業計畫案	擬訂臺北市松山區寶清段四小段599地號等27筆土地都市更新事業計畫案	臺北市松山區寶清段四小段599、599-1、601、601-1、603、603-1、605、605-1、607、607-1、609、609-1、611、611-1、613、613-1、615、615-1、616、616-1、617、618、619、620、621、622、623地號等27筆土地	寶清段四小段	599	599|599-1|601|601-1|603|603-1|605|605-1|607|607-1|609|609-1|611|611-1|613|613-1|615|615-1|616|616-1|617|618|619|620|621|622|623		27				擬訂	0	事業計畫	興富發建設股份有限公司	梁正芳建築師事務所			松山區-寶清段四小段-599地號等27筆	false	1363
428	2022-08-18	111/8/18	松山區	松山區	變更臺北市松山區延吉段一小段119地號等8筆土地都市更新事業計畫及權利變換計畫案	變更臺北市松山區延吉段一小段119地號等8筆土地都市更新事業計畫及權利變換計畫案	臺北市松山區延吉段一小段119、120、121、121-1、122、122-1、123、124地號等8筆土地	延吉段一小段	119	119|120|121|121-1|122|122-1|123|124		8				變更	1	事業計畫、權利變換	日觀實業股份有限公司	擎禹規劃顧問股份有限公司			松山區-延吉段一小段-119地號等8筆	true	428
972	2017-07-20	106/7/20	松山區	松山區	擬訂臺北市松山區延吉段一小段119地號等8筆土地都市更新事業計畫案	擬訂臺北市松山區延吉段一小段119地號等8筆土地都市更新事業計畫案	臺北市松山區延吉段一小段119、120、121、121-1、122、122-1、123、124地號等8筆土地	延吉段一小段	119	119|120|121|121-1|122|122-1|123|124		8				擬訂	0	事業計畫	日觀實業股份有限公司	聯創都市更新服務股份有限公司			松山區-延吉段一小段-119地號等8筆	false	428
1291	2010-01-20	99/1/20	松山區	松山區	變更臺北市松山區延吉段一小段175地號等2筆(原6筆)土地都市更新事業計畫案	變更臺北市松山區延吉段一小段175地號等2筆(原6筆)土地都市更新事業計畫案	臺北市松山區延吉段一小段175、190地號等2筆(原6筆)土地	延吉段一小段	175	175|190		2	6			變更	1	事業計畫	麗寶建設股份有限公司	王正偉建築師事務所			松山區-延吉段一小段-175地號等2筆	true	1291
1352	2008-01-15	97/1/15	松山區	松山區	擬訂臺北市松山區延吉段一小段175地號等2筆(原6筆)土地都市更新事業計畫案	擬訂臺北市松山區延吉段一小段175地號等2筆(原6筆)土地都市更新事業計畫案	臺北市松山區延吉段一小段175、190地號等2筆(原6筆)土地	延吉段一小段	175	175|190		2	6			擬訂	0	事業計畫	麗寶建設股份有限公司	王正偉建築師事務所			松山區-延吉段一小段-175地號等2筆	false	1291
586	2021-02-04	110/2/4	松山區	松山區	變更(第二次)臺北市松山區延吉段一小段585地號等7筆土地都市更新權利變換計畫案	變更(第二次)臺北市松山區延吉段一小段585地號等7筆土地都市更新權利變換計畫案	66筆土地臺北市松山區延吉段一小段585、586、587、588、589、602、603地號等7筆土地	延吉段一小段	585	585|586|587|588|589|602|603		7				變更(第二次)	2	權利變換	勤耕建設股份有限公司	耕磊都市規劃股份有限公司			松山區-延吉段一小段-585地號等7筆	true	586
671	2020-06-02	109/6/2	松山區	松山區	變更(第二次)臺北市松山區延吉段一小段585地號等7筆土地都市更新事業計畫及變更權利變換計畫案	變更(第二次)臺北市松山區延吉段一小段585地號等7筆土地都市更新事業計畫及變更權利變換計畫案	臺北市松山區延吉段一小段585、586、587、588、589、602、603地號等7筆土地	延吉段一小段	585	585|586|587|588|589|602|603		7				變更(第二次)	2	事業計畫、權利變換	勤耕建設股份有限公司	耕磊都市規劃股份有限公司			松山區-延吉段一小段-585地號等7筆	false	586
1012	2017-01-05	106/1/5	松山區	松山區	變更臺北市松山區延吉段一小段585地號等7筆土地都市更新事業計畫及擬訂權利變換計畫案	變更臺北市松山區延吉段一小段585地號等7筆土地都市更新事業計畫及擬訂權利變換計畫案	臺北市松山區延吉段一小段585、586、587、588、589、602、603地號等7筆土地	延吉段一小段	585	585|586|587|588|589|602|603		7				變更	1	事業計畫、權利變換	勤耕建設股份有限公司	耕磊都市規劃股份有限公司			松山區-延吉段一小段-585地號等7筆	false	586
1244	2011-08-12	100/8/12	松山區	松山區	擬訂臺北市松山區延吉段一小段585地號等7筆土地都市更新事業計畫案	擬訂臺北市松山區延吉段一小段585地號等7筆土地都市更新事業計畫案	臺北市松山區延吉段一小段585、586、587、588、589、602、603地號等7筆土地	延吉段一小段	585	585|586|587|588|589|602|603		7				擬訂	0	事業計畫	耕薪都市更新股份有限公司	耕薪都市更新股份有限公司			松山區-延吉段一小段-585地號等7筆	false	586
249	2024-02-06	113/2/6	松山區	松山區	擬訂臺北市松山區延吉段一小段85地號等37筆土地都市更新事業計畫及權利變換計畫案	擬訂臺北市松山區延吉段一小段85地號等37筆土地都市更新事業計畫及權利變換計畫案	臺北市松山區延吉段一小段85、85-1、86、86-1、86-2、86-3、86-4、86-5、86-6、86-7、86-8、86-9、86-10、86-11、86-12、86-13、86-14、86-15、87、88、89、90、104、105、106、107、108、109、110、111、112、113、114、115、116、116-1、117地號等37筆土地	延吉段一小段	85	85|85-1|86|86-1|86-2|86-3|86-4|86-5|86-6|86-7|86-8|86-9|86-10|86-11|86-12|86-13|86-14|86-15|87|88|89|90|104|105|106|107|108|109|110|111|112|113|114|115|116|116-1|117		37				擬訂	0	事業計畫、權利變換	聯勤建設實業股份有限公司	丹棠開發股份有限公司			松山區-延吉段一小段-85地號等37筆	true	249
237	2024-03-22	113/3/22	松山區	松山區	擬訂臺北市松山區延吉段三小段567地號等6筆土地都市更新事業計畫案	擬訂臺北市松山區延吉段三小段567地號等6筆土地都市更新事業計畫案	臺北市松山區延吉段三小段567、568、569、570-1、572-5、572-6地號等6筆土地	延吉段三小段	567	567|568|569|570-1|572-5|572-6		6				擬訂	0	事業計畫	上勝建設股份有限公司	中華建築經理股份有限公司			松山區-延吉段三小段-567地號等6筆	true	237
595	2021-01-19	110/1/19	松山區	松山區	變更臺北市松山區延吉段三小段691地號等10筆土地都市更新權利變換計畫案	變更臺北市松山區延吉段三小段691地號等10筆土地都市更新權利變換計畫案	臺北市松山區延吉三小段691、691-1、691-2、691-3、691-4、691-5、691-6、691-7、691-8、691-9地號等10筆土地	延吉段三小段	691	691|691-1|691-2|691-3|691-4|691-5|691-6|691-7|691-8|691-9		10				變更	1	權利變換	華固建設股份有限公司	弘傑開發事業股份有限公司		案名與地號段小段不一致(地號為延吉三小段)	松山區-延吉段三小段-691地號等10筆	true	595
935	2017-11-30	106/11/30	松山區	松山區	擬訂臺北市松山區延吉段三小段691地號等10筆土地都市更新事業計畫及權利變換計畫案	擬訂臺北市松山區延吉段三小段691地號等10筆土地都市更新事業計畫及權利變換計畫案	臺北市松山區延吉三小段691、691-1、691-2、691-3、691-4、691-5、691-6、691-7、691-8、691-9地號等10筆土地	延吉段三小段	691	691|691-1|691-2|691-3|691-4|691-5|691-6|691-7|691-8|691-9		10				擬訂	0	事業計畫、權利變換	華固建設股份有限公司	弘傑開發事業股份有限公司		案名與地號段小段不一致(地號為延吉三小段)	松山區-延吉段三小段-691地號等10筆	false	595
40	2026-03-31	115/3/31	松山區	松山區	擬訂臺北市松山區延吉段三小段727地號等2筆土地事業概要案	擬訂臺北市松山區延吉段三小段727地號等2筆土地事業概要案	臺北市松山區延吉段三小段727、727-1地號等2筆土地	延吉段三小段	727	727|727-1		2				擬訂	0	事業概要	亞昕國際開發股份有限公司	安邦工程顧問股份有限公司			松山區-延吉段三小段-727地號等2筆	true	40
1214	2012-10-12	101/10/12	松山區	松山區	變更臺北市松山區延吉段三小段831-1地號等8筆土地都市更新事業計畫案	變更臺北市松山區延吉段三小段831-1地號等8筆土地都市更新事業計畫案	臺北市松山區延吉段三小段831-1、891、891-3、892、893-2、893-3、894、894-6地號等8筆土地	延吉段三小段	831-1	831-1|891|891-3|892|893-2|893-3|894|894-6		8				變更	1	事業計畫	德杰建設股份有限公司	邑相更新規劃股份有限公司			松山區-延吉段三小段-831-1地號等8筆	true	1214
1267	2010-11-10	99/11/10	松山區	松山區	擬訂臺北市松山區延吉段三小段831-1地號等8筆土地都市更新事業計畫案	擬訂臺北市松山區延吉段三小段831-1地號等8筆土地都市更新事業計畫案	臺北市松山區延吉段三小段831-1、891、891-3、892、893-2、893-3、894、894-6地號等8筆土地	延吉段三小段	831-1	831-1|891|891-3|892|893-2|893-3|894|894-6		8				擬訂	0	事業計畫	德杰建設股份有限公司	邑相更新規劃股份有限公司			松山區-延吉段三小段-831-1地號等8筆	false	1214
74	2025-11-04	114/11/4	松山區	松山區	變更臺北市松山區敦化段一小段28地號等2筆土地都市更新事業計畫案	變更臺北市松山區敦化段一小段28地號等2筆土地都市更新事業計畫案	臺北市松山區敦化段一小段28、28-12地號等2筆土地	敦化段一小段	28	28|28-12		2				變更	1	事業計畫	國泰建築經理股份有限公司	丹棠開發股份有限公司			松山區-敦化段一小段-28地號等2筆	true	74
732	2019-11-28	108/11/28	松山區	松山區	擬訂臺北市松山區敦化段一小段28地號等2筆土地都市更新事業計畫案	擬訂臺北市松山區敦化段一小段28地號等2筆土地都市更新事業計畫案	臺北市松山區敦化段一小段28、28-12地號等2筆土地	敦化段一小段	28	28|28-12		2				擬訂	0	事業計畫	國泰建築經理股份有限公司	丹棠開發股份有限公司			松山區-敦化段一小段-28地號等2筆	false	74
346	2023-03-30	112/3/30	松山區	松山區	擬訂臺北市松山區敦化段一小段385地號等8筆(原7筆)土地都市更新事業計畫及權利變換計畫案	擬訂臺北市松山區敦化段一小段385地號等8筆(原7筆)土地都市更新事業計畫及權利變換計畫案	臺北市松山區敦化段一小段385、386、387-2、392、393、394、395、395-1地號等8筆土地	敦化段一小段	385	385|386|387-2|392|393|394|395|395-1		8	7			擬訂	0	事業計畫、權利變換	璞真建設股份有限公司	財團法人都市更新研究發展基金會			松山區-敦化段一小段-385地號等8筆	true	346
670	2020-06-02	109/6/2	松山區	松山區	擬訂臺北市松山區敦化段一小段385地號等7筆土地都市更新事業概要案	擬訂臺北市松山區敦化段一小段385地號等7筆土地都市更新事業概要案	臺北市松山區敦化段一小段385、386、387-2、392、393、394、395地號等7筆土地	敦化段一小段	385	385|386|387-2|392|393|394|395		7				擬訂	0	事業概要	璞真建設股份有限公司	財團法人都市更新研究發展基金會			松山區-敦化段一小段-385地號等8筆	false	346
48	2026-02-26	115/2/26	松山區	松山區	擬訂臺北市松化區敦化段一小段510地號1筆土地都市更新事業計畫及權利變換計畫案	擬訂臺北市松化區敦化段一小段510地號1筆土地都市更新事業計畫及權利變換計畫案	臺北市松山區敦化段一小段510地號1筆土地	敦化段一小段	510	510		1				擬訂	0	事業計畫、權利變換	中華建築經理股份有限公司	中華建築經理股份有限公司	行政區錯字→松山區		松山區-敦化段一小段-510地號等1筆	true	48
24	2026-06-03	115/6/3	松山區	松山區	擬訂臺北市松山區敦化段一小段693地號等2筆土地都市更新事業計畫案	擬訂臺北市松山區敦化段一小段693地號等2筆土地都市更新事業計畫案	臺北市松山區敦化段一小段693、693-1地號等2筆土地	敦化段一小段	693	693|693-1		2				擬訂	0	事業計畫	筑鴻合開發股份有限公司	財團法人都市更新研究發展基金會			松山區-敦化段一小段-693地號等2筆	true	24
1079	2015-10-13	104/10/13	松山區	松山區	變更臺北市松山區敦化段一小段703地號等9筆土地都市更新權利變換計畫案	變更臺北市松山區敦化段一小段703地號等9筆土地都市更新權利變換計畫案	臺北市松山區敦化段一小段703、704(部分)、705、705-1、705-2(部分)、706、707、708、719-1地號等9筆土地	敦化段一小段	703	703|704|705|705-1|705-2|706|707|708|719-1		9				變更	1	權利變換	璞真建設股份有限公司	財團法人都市更新研究發展基金會			松山區-敦化段一小段-703地號等9筆	true	1079
1218	2012-09-10	101/9/10	松山區	松山區	擬訂臺北市松山區敦化段一小段703地號等9筆土地都市更新事業計畫及權利變換計畫案	擬訂臺北市松山區敦化段一小段703地號等9筆土地都市更新事業計畫及權利變換計畫案	臺北市松山區敦化段一小段703、704(部分)、705、705-1、705-2(部分)、706、707、708、719-1地號等9筆土地	敦化段一小段	703	703|704|705|705-1|705-2|706|707|708|719-1		9				擬訂	0	事業計畫、權利變換	璞真建設股份有限公司	財團法人都市更新研究發展基金會			松山區-敦化段一小段-703地號等9筆	false	1079
61	2025-12-30	114/12/30	松山區	松山區	擬訂臺北市松山區敦化段一小段709-1地號等4筆土地都市更新事業計畫及權利變換計畫案	擬訂臺北市松山區敦化段一小段709-1地號等4筆土地都市更新事業計畫及權利變換計畫案	臺北市松山區敦化段一小段709-1、709-2、711、714地號等4筆土地	敦化段一小段	709-1	709-1|709-2|711|714		4				擬訂	0	事業計畫、權利變換	璞真建設股份有限公司	規模工程顧問有限公司			松山區-敦化段一小段-709-1地號等4筆	true	61
455	2022-05-10	111/5/10	松山區	松山區	變更臺北市松山區敦化段三小段552地號等28筆土地都市更新事業計畫及擬訂權利變換計畫案	變更臺北市松山區敦化段三小段552地號等28筆土地都市更新事業計畫及擬訂權利變換計畫案	臺北市松山區敦化段三小段552、553、554、555、556、557、558、559、560、561、562、563、564、565、566、567、568、569、570、571、572、573、574、575、576、577、578、579地號等28筆土地	敦化段三小段	552	552|553|554|555|556|557|558|559|560|561|562|563|564|565|566|567|568|569|570|571|572|573|574|575|576|577|578|579		28				變更	1	事業計畫、權利變換	睦昇建設股份有限公司	永旭都市更新股份有限公司			松山區-敦化段三小段-552地號等28筆	true	455
780	2019-07-11	108/7/11	松山區	松山區	擬訂臺北市松山區敦化段三小段552地號等28筆土地都市更新事業計畫案	擬訂臺北市松山區敦化段三小段552地號等28筆土地都市更新事業計畫案	臺北市松山區敦化段三小段552、553、554、555、556、557、558、559、560、561、562、563、564、565、566、567、568、569、570、571、572、573、574、575、576、577、578、579地號等28筆土地	敦化段三小段	552	552|553|554|555|556|557|558|559|560|561|562|563|564|565|566|567|568|569|570|571|572|573|574|575|576|577|578|579		28				擬訂	0	事業計畫	睦昇建設股份有限公司	緯城土地規劃工程顧問有限公司			松山區-敦化段三小段-552地號等28筆	false	455
896	2018-05-17	107/5/17	松山區	松山區	變更臺北市松山區敦化段三小段585-11地號等5筆土地都市更新事業計畫案	變更臺北市松山區敦化段三小段585-11地號等5筆土地都市更新事業計畫案	臺北市松山區敦化段三小段585-11、585-12、585-13、585-14、585-15地號等5筆土地	敦化段三小段	585-11	585-11|585-12|585-13|585-14|585-15		5				變更	1	事業計畫	潤泰創新國際股份有限公司	弘傑不動產事業股份有限公司			松山區-敦化段三小段-585-11地號等5筆	true	896
1028	2016-09-22	105/9/22	松山區	松山區	擬訂臺北市松山區敦化段三小段585-11地號等5筆土地都市更新事業計畫案	擬訂臺北市松山區敦化段三小段585-11地號等5筆土地都市更新事業計畫案	臺北市松山區敦化段三小段585-11、585-12、585-13、585-14、585-15地號等5筆土地	敦化段三小段	585-11	585-11|585-12|585-13|585-14|585-15		5				擬訂	0	事業計畫	潤泰創新國際股份有限公司	弘傑不動產事業股份有限公司			松山區-敦化段三小段-585-11地號等5筆	false	896
174	2024-12-10	113/12/10	松山區	松山區	擬訂臺北市松山區敦化段二小段17地號等8筆土地都市更新事業計畫及權利變換計畫案	擬訂臺北市松山區敦化段二小段17地號等8筆土地都市更新事業計畫及權利變換計畫案	臺北市松山區敦化段二小段17、18、19、20、24、25、28、29地號等8筆土地	敦化段二小段	17	17|18|19|20|24|25|28|29		8				擬訂	0	事業計畫、權利變換	璞永建設股份有限公司	里美都市開發股份有限公司			松山區-敦化段二小段-17地號等8筆	true	174
1280	2010-05-06	99/5/6	松山區	松山區	變更臺北市松山區敦化段二小段1地號等3筆(原1筆)土地(原臺北金融中心基地)都市更新事業計畫及權利變換計畫案	變更臺北市松山區敦化段二小段1地號等3筆(原1筆)土地(原臺北金融中心基地)都市更新事業計畫及權利變換計畫案	臺北市松山區敦化段二小段1地號等1筆土地	敦化段二小段	1	1		3	1			變更	1	事業計畫、權利變換	東亞建築經理股份有限公司	財團法人都市更新研究發展基金會			松山區-敦化段二小段-1地號等3筆	true	1280
1386	2006-06-20	95/6/20	松山區	松山區	擬訂臺北市松山區敦化段二小段1地號1筆土地(原臺北金融中心基地)都市更新事業計畫及權利變換計畫案	擬訂臺北市松山區敦化段二小段1地號1筆土地(原臺北金融中心基地)都市更新事業計畫及權利變換計畫案	臺北市松山區敦化段二小段1地號等1筆土地	敦化段二小段	1	1		1		原臺北金融中心基地		擬訂	0	事業計畫、權利變換	東亞建築經理股份有限公司	財團法人都市更新研究發展基金會			松山區-敦化段二小段-1地號等3筆	false	1280
426	2022-08-26	111/8/26	松山區	松山區	變更(第二次)臺北市松山區敦化段二小段404地號等5筆土地都市更新權利變換計畫案	變更(第二次)臺北市松山區敦化段二小段404地號等5筆土地都市更新權利變換計畫案	臺北市松山區敦化段二小段404、405、449-8、449-9、449-10地號等5筆土地	敦化段二小段	404	404|405|449-8|449-9|449-10		5				變更(第二次)	2	權利變換	璞真建設股份有限公司	冠霖不動產顧問股份有限公司			松山區-敦化段二小段-404地號等5筆	true	426
486	2022-01-26	111/1/26	松山區	松山區	變更臺北市松山區敦化段二小段404地號等5筆土地都市更新事業計畫及權利變換計畫案	變更臺北市松山區敦化段二小段404地號等5筆土地都市更新事業計畫及權利變換計畫案	臺北市松山區敦化段二小段404、405、449-8、449-9、449-10地號等5筆土地	敦化段二小段	404	404|405|449-8|449-9|449-10		5				變更	1	事業計畫、權利變換	璞真建設股份有限公司	冠霖不動產顧問股份有限公司			松山區-敦化段二小段-404地號等5筆	false	426
774	2019-07-30	108/7/30	松山區	松山區	擬訂臺北市松山區敦化段二小段404地號等5筆土地都市更新事業計畫及權利變換計畫案	擬訂臺北市松山區敦化段二小段404地號等5筆土地都市更新事業計畫及權利變換計畫案	臺北市松山區敦化段二小段404、405、449-8、449-9、449-10地號等5筆土地	敦化段二小段	404	404|405|449-8|449-9|449-10		5				擬訂	0	事業計畫、權利變換	璞真建設股份有限公司	冠霖不動產顧問股份有限公司			松山區-敦化段二小段-404地號等5筆	false	426
803	2019-04-25	108/4/25	松山區	松山區	變更(第二次)臺北市松山區敦化段二小段41地號等8筆土地都市更新權利變換計畫案	變更(第二次)臺北市松山區敦化段二小段41地號等8筆土地都市更新權利變換計畫案	臺北市松山區敦化段二小段41、41-1、41-2、41-3、68、69、70、71地號等8筆土地	敦化段二小段	41	41|41-1|41-2|41-3|68|69|70|71		8				變更(第二次)	2	權利變換	華固建設股份有限公司	弘傑開發事業股份有限公司			松山區-敦化段二小段-41地號等8筆	true	803
815	2019-03-13	108/3/13	松山區	松山區	變更臺北市松山區敦化段二小段41地號等8筆土地都市更新事業計畫及權利變換計畫案	變更臺北市松山區敦化段二小段41地號等8筆土地都市更新事業計畫及權利變換計畫案	臺北市松山區敦化段二小段41、41-1、41-2、41-3、68、69、70、71地號等8筆土地	敦化段二小段	41	41|41-1|41-2|41-3|68|69|70|71		8				變更	1	事業計畫、權利變換	華固建設股份有限公司	弘傑開發事業股份有限公司			松山區-敦化段二小段-41地號等8筆	false	803
1051	2016-04-28	105/4/28	松山區	松山區	擬訂臺北市松山區敦化段二小段41地號等8筆土地都市更新事業計畫及權利變換計畫案	擬訂臺北市松山區敦化段二小段41地號等8筆土地都市更新事業計畫及權利變換計畫案	臺北市松山區敦化段二小段41、41-1、41-2、41-3、68、69、70、71地號等8筆土地	敦化段二小段	41	41|41-1|41-2|41-3|68|69|70|71		8				擬訂	0	事業計畫、權利變換	華固建設股份有限公司	弘傑都市規劃股份有限公司			松山區-敦化段二小段-41地號等8筆	false	803
223	2024-05-03	113/5/3	松山區	松山區	變更臺北市松山區敦化段二小段449-12地號等28筆(原25筆)土地都市更新權利變換計畫案	變更臺北市松山區敦化段二小段449-12地號等28筆(原25筆)土地都市更新權利變換計畫案	臺北市松山區敦化段二小段449-12、449-13、449-14、449-18、449-15、449-16、450、451、452、456、457、460、461、464、464-1、465、465-1、468、468-1、468-2、469、472、473-6、473-9、473-7、474、480、485地號等28筆土地	敦化段二小段	449-12	449-12|449-13|449-14|449-18|449-15|449-16|450|451|452|456|457|460|461|464|464-1|465|465-1|468|468-1|468-2|469|472|473-6|473-9|473-7|474|480|485		28	25			變更	1	權利變換	金朋建設股份有限公司	邑相更新規劃股份有限公司			松山區-敦化段二小段-449-12地號等28筆	true	223
539	2021-08-19	110/8/19	松山區	松山區	擬訂臺北市松山區敦化段二小段449-12地號等25筆土地都市更新事業計畫及權利變換計畫案	擬訂臺北市松山區敦化段二小段449-12地號等25筆土地都市更新事業計畫及權利變換計畫案	臺北市松山區敦化段二小段449-12、449-13、449-14、449-15、449-16、450、451、452、456、457、460、461、464、464-1、465、465-1、468、468-1、469、472、473-6、473-7、474、480、485地號等25筆土地	敦化段二小段	449-12	449-12|449-13|449-14|449-15|449-16|450|451|452|456|457|460|461|464|464-1|465|465-1|468|468-1|469|472|473-6|473-7|474|480|485		25				擬訂	0	事業計畫、權利變換	金朋建設股份有限公司	邑相更新規劃股份有限公司			松山區-敦化段二小段-449-12地號等28筆	false	223
447	2022-06-14	111/6/14	松山區	松山區	擬訂臺北市松山區敦化段二小段528地號等9筆土地都市更新事業計畫案	擬訂臺北市松山區敦化段二小段528地號等9筆土地都市更新事業計畫案	臺北市松山區敦化段二小段528、529、530、531、532、533、534、535、536地號等9筆土地	敦化段二小段	528	528|529|530|531|532|533|534|535|536		9				擬訂	0	事業計畫	達葳建設股份有限公司	黃秀莊建築師事務所			松山區-敦化段二小段-528地號等9筆	true	447
10	2026-07-14	115/7/14	松山區	松山區	變更臺北市松山區敦化段五小段2地號等4筆土地都市更新權利變換計畫案	變更臺北市松山區敦化段五小段2地號等4筆土地都市更新權利變換計畫案	臺北市松山區敦化段五小段2、2-1、2-7、2-8地號等4筆土地	敦化段五小段	2	2|2-1|2-7|2-8		4				變更	1	權利變換	國泰建設股份有限公司	丹棠開發股份有限公司			松山區-敦化段五小段-2地號等4筆	true	10
463	2022-04-20	111/4/20	松山區	松山區	擬訂臺北市松山區敦化段五小段2地號等4筆土地都市更新權利變換計畫案	擬訂臺北市松山區敦化段五小段2地號等4筆土地都市更新權利變換計畫案	臺北市松山區敦化段五小段2、2-1、2-7、2-8地號等4筆土地	敦化段五小段	2	2|2-1|2-7|2-8		4				擬訂	0	權利變換	國泰建設股份有限公司	丹棠開發股份有限公司			松山區-敦化段五小段-2地號等4筆	false	10
590	2021-02-03	110/2/3	松山區	松山區	擬訂臺北市松山區敦化段五小段2地號等4筆土地都市更新事業計畫案	擬訂臺北市松山區敦化段五小段2地號等4筆土地都市更新事業計畫案	臺北市松山區敦化段五小段2、2-1、2-7、2-8地號等4筆土地	敦化段五小段	2	2|2-1|2-7|2-8		4				擬訂	0	事業計畫	國泰建設股份有限公司	丹棠開發股份有限公司			松山區-敦化段五小段-2地號等4筆	false	10
138	2025-03-07	114/3/7	松山區	松山區	變更臺北市松山區敦化段四小段363-1地號等5筆土地都市更新事業計畫及權利變換計畫案	變更臺北市松山區敦化段四小段363-1地號等5筆土地都市更新事業計畫及權利變換計畫案	臺北市松山區敦化段四小段363-1、371-2、371-5、372、372-2地號等5筆土地	敦化段四小段	363-1	363-1|371-2|371-5|372|372-2		5				變更	1	事業計畫、權利變換	財團法人都市更新推動中心	弘傑不動產事業股份有限公司			松山區-敦化段四小段-363-1地號等5筆	true	138
519	2021-11-12	110/11/12	松山區	松山區	擬訂臺北市松山區敦化段四小段363-1地號等5筆土地都市更新事業計畫及權利變換計畫案	擬訂臺北市松山區敦化段四小段363-1地號等5筆土地都市更新事業計畫及權利變換計畫案	臺北市松山區敦化段四小段363-1、371-2、371-5、372、372-2地號等5筆土地	敦化段四小段	363-1	363-1|371-2|371-5|372|372-2		5				擬訂	0	事業計畫、權利變換	財團法人都市更新推動中心	弘傑不動產事業股份有限公司			松山區-敦化段四小段-363-1地號等5筆	false	138
654	2020-07-30	109/7/30	松山區	松山區	變更(第二次)臺北市松山區民生段134-6地號等5筆土地都市更新事業計畫案	變更(第二次)臺北市松山區民生段134-6地號等5筆土地都市更新事業計畫案	臺北市松山區民生段134-6、134-7、134-8、140-1、140-2地號等5筆土地	民生段	134-6	134-6|134-7|134-8|140-1|140-2		5				變更(第二次)	2	事業計畫	國防部政治作戰局弘傑城市開發股份	有限公司			松山區-民生段-134-6地號等5筆	true	654
804	2017-08-24	106/8/24	松山區	松山區	變更臺北市松山區民生段134-6地號等5筆土地都市更新事業計畫案	變更臺北市松山區民生段134-6地號等5筆土地都市更新事業計畫案	臺北市松山區民生段134-6、134-7、134-8、140-1、140-2地號等5筆土地	民生段	134-6	134-6|134-7|134-8|140-1|140-2		5				變更	1	事業計畫	國防部政治作戰局財團法人都市更新	研究發展基金會			松山區-民生段-134-6地號等5筆	false	654
961	2017-08-24	106/8/24	松山區	松山區	擬訂臺北市松山區民生段134-6地號等5筆土地都市更新事業計畫案	擬訂臺北市松山區民生段134-6地號等5筆土地都市更新事業計畫案	臺北市松山區民生段134-6、134-7、134-8、140-1、140-2地號等5筆土地	民生段	134-6	134-6|134-7|134-8|140-1|140-2		5				擬訂	0	事業計畫	國防部政治作戰局財團法人都市更新	研究發展基金會			松山區-民生段-134-6地號等5筆	false	654
65	2025-12-09	114/12/9	松山區	松山區	擬訂臺北市松山區民生段140-9地號等3筆土地事業概要案	擬訂臺北市松山區民生段140-9地號等3筆土地事業概要案	臺北市松山區民生段140-9、140-10、140-11地號等3筆土地	民生段	140-9	140-9|140-10|140-11		3				擬訂	0	事業概要	蔡孟奇	吳旗清建築師事務所			松山區-民生段-140-9地號等3筆	true	65
308	2023-08-04	112/8/4	松山區	松山區	擬訂臺北市松山區民生段150地號等6筆土地都市更新權利變換計畫案	擬訂臺北市松山區民生段150地號等6筆土地都市更新權利變換計畫案	臺北市松山區民生段一小段150、150-1、150-2、150-3、150-7、150-8地號等6筆土地	民生段	150	150|150-1|150-2|150-3|150-7|150-8		6				擬訂	0	權利變換	台塑建設事業股份有限公司	弘傑不動產事業股份有限公司		案名與地號段小段不一致(地號為民生段一小段)	松山區-民生段-150地號等6筆	true	308
396	2022-11-16	111/11/16	松山區	松山區	擬訂臺北市松山區民生段150地號等6筆土地都市更新事業計畫案	擬訂臺北市松山區民生段150地號等6筆土地都市更新事業計畫案	臺北市松山區民生段150、150-1、150-2、150-3、150-7、150-8等6筆土地	民生段	150	150|150-1|150-2|150-3|150-7		6				擬訂	0	事業計畫	台塑建設事業股份有限公司	弘傑不動產事業股份有限公司			松山區-民生段-150地號等6筆	false	308
230	2024-04-25	113/4/25	松山區	松山區	擬訂臺北市松山區民生段77地號等10筆土地都市更新權利變換計畫案	擬訂臺北市松山區民生段77地號等10筆土地都市更新權利變換計畫案	臺北市松山區民生段77、77-1、77-2、77-3、77-4、77-5、77-6、77-7、77-8、77-9地號等10筆土地	民生段	77	77|77-1|77-2|77-3|77-4|77-5|77-6|77-7|77-8|77-9		10				擬訂	0	權利變換	東基開發建設股份有限公司	宏盛創新規劃股份有限公司			松山區-民生段-77地號等10筆	true	230
571	2021-04-15	110/4/15	松山區	松山區	擬訂臺北市松山區民生段77地號等10筆土地都市更新事業計畫案	擬訂臺北市松山區民生段77地號等10筆土地都市更新事業計畫案	臺北市松山區民生段77、77-1、77-2、77-3、77-4、77-5、77-6、77-7、77-8、77-9地號等10筆土地	民生段	77	77|77-1|77-2|77-3|77-4|77-5|77-6|77-7|77-8|77-9		10				擬訂	0	事業計畫	東基開發建設股份有限公司	宏盛創新規劃股份有限公司			松山區-民生段-77地號等10筆	false	230
164	2024-12-31	113/12/31	松山區	松山區	擬訂臺北市松山區美仁段一小段800地號等9筆土地都市更新事業計畫案	擬訂臺北市松山區美仁段一小段800地號等9筆土地都市更新事業計畫案	臺北市松山區美仁段一小段800、801、802、803、804、805、806、807、808地號9筆土地	美仁段一小段	800	800|801|802|803|804|805|806|807|808		9				擬訂	0	事業計畫	首泰建設股份有限公司	弘傑不動產事業股份有限公司			松山區-美仁段一小段-800地號等9筆	true	164
947	2017-10-26	106/10/26	松山區	松山區	擬訂臺北市松山區美仁段一小段800地號等9筆土地都市更新事業計畫案	擬訂臺北市松山區美仁段一小段800地號等9筆土地都市更新事業計畫案	臺北市松山區美仁段一小段800、801、802、803、804、805、806、807及808地號等9筆土地	美仁段一小段	800	800|801|802|803|804|805|806		9				擬訂	0	事業計畫	首泰建設股份有限公司	弘傑不動產事業股份有限公司			松山區-美仁段一小段-800地號等9筆	false	164
465	2022-04-14	111/4/14	松山區	松山區	變更臺北市松山區美仁段二小段536地號等3筆土地都市更新事業計畫案	變更臺北市松山區美仁段二小段536地號等3筆土地都市更新事業計畫案	臺北市松山區美仁段二小段536、537、538地號等3筆土地	美仁段二小段	536	536|537|538		3				變更	1	事業計畫	永陞建設股份有限公司	邱垂睿建築師事務所			松山區-美仁段二小段-536地號等3筆	true	465
1054	2016-04-14	105/4/14	松山區	松山區	擬訂臺北市松山區美仁段二小段536地號等3筆土地都市更新事業計畫案	擬訂臺北市松山區美仁段二小段536地號等3筆土地都市更新事業計畫案	臺北市松山區美仁段二小段536、537、538地號等3筆土地	美仁段二小段	536	536|537|538		3				擬訂	0	事業計畫	永陞建設股份有限公司	朱文熙建築師事務所			松山區-美仁段二小段-536地號等3筆	false	465
57	2026-01-14	115/1/14	松山區	松山區	變更臺北市松山區美仁段二小段694地號等74筆(原54筆)土地都市更新事業計畫及擬訂權利變換計畫案	變更臺北市松山區美仁段二小段694地號等74筆(原54筆)土地都市更新事業計畫及擬訂權利變換計畫案	臺北市松山區美仁段二小段694、695、695-3、695-4、696、696-1、696-2、697、697-1、697-2、698、699、699-1、699-2、699-3、700、702、703、704、705、706、707、708、708-1、708-2、709、709-1、709-2、710、710-1、711、711-1、712、713、713-1、714、714-1、715、715-1、716、716-1、717、717-1、717-2、718、78-1、719、719-2、719-3、719-5、719-6、719-7、719-8、719-9、719-10、735、735-1、735-2、735-3、735-5、735-6、736、736-1、736-2、737、737-1、738、738-1、739、739-1、740、740-1、742、742-1地號等74筆土地	美仁段二小段	694	694|695|695-3|695-4|696|696-1|696-2|697|697-1|697-2|698|699|699-1|699-2|699-3|700|702|703|704|705|706|707|708|708-1|708-2|709|709-1|709-2|710|710-1|711|711-1|712|713|713-1|714|714-1|715|715-1|716|716-1|717|717-1|717-2|718|78-1|719|719-2|719-3|719-5|719-6|719-7|719-8|719-9|719-10|735|735-1|735-2|735-3|735-5|735-6|736|736-1|736-2|737|737-1|738|738-1|739|739-1|740|740-1|742|742-1		74	54			變更	1	事業計畫、權利變換	元興建設股份有限公司	邑鄉國際工程顧問有限公司			松山區-美仁段二小段-694地號等74筆	true	57
1093	2015-07-09	104/7/9	松山區	松山區	擬訂臺北市松山區美仁段二小段694地號等54筆土地都市更新事業計畫案	擬訂臺北市松山區美仁段二小段694地號等54筆土地都市更新事業計畫案	臺北市松山區美仁段二小段694、695、696、697、698、699、700、702、703、704、705、706、707、708、709、710、711、712、713、714、715、716、717、718、719、735、736、737、738、739、740、742、695-3、696-1、697-1、697-2、699-1、699-2、708-1、709-1、710-1、711-1、717-1、719-2、719-3、719-5、719-6、719-7、735-1、735-2、735-3、736-1、736-2、742-1地號等54筆土地	美仁段二小段	694	694|695|696|697|698|699|700|702|703|704|705|706|707|708|709|710|711|712|713|714|715|716|717|718|719|735|736|737|738|739|740|742|695-3|696-1|697-1|697-2|699-1|699-2|708-1|709-1|710-1|711-1|717-1|719-2|719-3|719-5|719-6|719-7|735-1|735-2|735-3|736-1|736-2|742-1		54				擬訂	0	事業計畫	元興建設股份有限公司	邑鄉國際工程顧問有限公司			松山區-美仁段二小段-694地號等74筆	false	57
258	2024-01-04	113/1/4	松山區	松山區	變更臺北市松山區美仁段二小段831-3號等14筆土地都市更新事業計畫案	變更臺北市松山區美仁段二小段831-3號等14筆土地都市更新事業計畫案	臺北市松山區美仁段二小段831-3、833、833-1、834、834-1、834-2、834-3、834-4、834-5、834-6、834-7、835、837、837-1地號等14筆土地	美仁段二小段	831-3	831-3|833|833-1|834|834-1|834-2|834-3|834-4|834-5|834-6|834-7|835|837|837-1		14				變更	1	事業計畫	築丰興業股份有限公司	財團法人都市更新研究發展基金會			松山區-美仁段二小段-831-3地號等14筆	true	258
610	2020-11-24	109/11/24	松山區	松山區	擬訂臺北市松山區美仁段二小段831-3號等14筆土地都市更新事業計畫案	擬訂臺北市松山區美仁段二小段831-3號等14筆土地都市更新事業計畫案	臺北市松山區美仁段二小段831-3、833、833-1、834、834-1、834-2、834-3、834-4、834-5、834-6、834-7、835、837、837-1地號等14筆土地	美仁段二小段	831-3	831-3|833|833-1|834|834-1|834-2|834-3|834-4|834-5|834-6|834-7|835|837|837-1		14				擬訂	0	事業計畫	築丰興業股份有限公司	財團法人都市更新研究發展基金會			松山區-美仁段二小段-831-3地號等14筆	false	258
1301	2009-09-22	98/9/22	松山區	松山區	變更臺北市松山區西松段一小段125地號等25筆土地都市更新事業計畫案	變更臺北市松山區西松段一小段125地號等25筆土地都市更新事業計畫案	等48筆土地臺北市松山區西松段一小段105、105-1、106、108、108-1、111、111-1、111-2、112、112-1、112-2、115、115-1、115-2、116、116-1、119、119-1、120、120-1、123、123-1、124、125、126地號等25筆土地	西松段一小段	125	105|105-1|106|108|108-1|111|111-1|111-2|112|112-1|112-2|115|115-1|115-2|116|116-1|119|119-1|120|120-1|123|123-1|124|125|126		25				變更	1	事業計畫	博元建設股份有限公司	梁正芳建築師事務所			松山區-西松段一小段-125地號等25筆	true	1301
1369	2007-09-14	96/9/14	松山區	松山區	擬訂臺北市松山區西松段一小段125地號等25筆土地都市更新事業計畫案	擬訂臺北市松山區西松段一小段125地號等25筆土地都市更新事業計畫案	臺北市松山區西松段一小段105、105-1、106、108、108-1、111、111-1、111-2、112、112-1、112-2、115、115-1、115-2、116、116-1、119、119-1、120、120-1、123、123-1、124、125、126地號等25筆土地	西松段一小段	125	105|105-1|106|108|108-1|111|111-1|111-2|112|112-1|112-2|115|115-1|115-2|116|116-1|119|119-1|120|120-1|123|123-1|124|125|126		25				擬訂	0	事業計畫	博元建設股份有限公司	梁正芳建築師事務所			松山區-西松段一小段-125地號等25筆	false	1301
791	2019-05-21	108/5/21	松山區	松山區	擬訂臺北市松山區西松段一小段17地號等43筆土地都市更新事業計畫案	擬訂臺北市松山區西松段一小段17地號等43筆土地都市更新事業計畫案	臺北市松山區西松段一小段17、17-1、18、18-1、19、19-1、20、20-1、21、21-1、22、22-1、23、24、24-1、25、26、26-1、27、27-1、28、29、30、30-1、31、31-1、32、33、33-1、34、35、35-1、36、37、37-1、38、38-1、39、40、40-1、41、41-1、42地號等43筆土地	西松段一小段	17	17|17-1|18|18-1|19|19-1|20|20-1|21|21-1|22|22-1|23|24|24-1|25|26|26-1|27|27-1|28|29|30|30-1|31|31-1|32|33|33-1|34|35|35-1|36|37|37-1|38|38-1|39|40|40-1|41|41-1|42		43				擬訂	0	事業計畫	元興建設股份有限公司	邑相更新規畫股份有限公司			松山區-西松段一小段-17地號等43筆	true	791
371	2022-12-30	111/12/30	松山區	松山區	變更臺北市松山區西松段一小段742地號等24筆都市更新事業計畫案	變更臺北市松山區西松段一小段742地號等24筆都市更新事業計畫案	臺北市松山區西松段一小段742、743、747、748、751、752、755、756、760、761、764、766、767、770、771、774、775、778、779、782、783、786、787、789地號等24筆土地	西松段一小段	742	742|743|747|748|751|752|755|756|760|761|764|766|767|770|771|774|775|778|779|782|783|786|787|789		24				變更	1	事業計畫	楊昇建設股份有限公司	永旭都市更新股份有限公司			松山區-西松段一小段-742地號等24筆	true	371
663	2020-06-18	109/6/18	松山區	松山區	擬訂臺北市松山區西松段一小段742地號等24筆土地都市更新事業計畫案	擬訂臺北市松山區西松段一小段742地號等24筆土地都市更新事業計畫案	臺北市松山區西松段一小段742、743、747、748、751、752、755、756、760、761、764、766、767、770、771、774、775、778、779、782、783、786、787、789地號等24筆土地	西松段一小段	742	742|743|747|748|751|752|755|756|760|761|764|766|767|770|771|774|775|778|779|782|783|786|787|789		24				擬訂	0	事業計畫	楊昇建設股份有限公司	永旭都市更新股份有限公司			松山區-西松段一小段-742地號等24筆	false	371
332	2023-05-10	112/5/10	松山區	松山區	變更臺北市松山區西松段二小段426地號等2筆土地都市更新事業計畫案	變更臺北市松山區西松段二小段426地號等2筆土地都市更新事業計畫案	臺北市松山區西松段二小段426、427地號2筆土地	西松段二小段	426	426|427		2				變更	1	事業計畫	臺北市松山區市民大道沿線軸帶(臺北機場以北)更新地區西松段二小段426地號等2筆土地更新單元都市更新會	橙玨都市更新股份有限公司			松山區-西松段二小段-426地號等2筆	true	332
554	2021-07-21	110/7/21	松山區	松山區	擬訂臺北市松山區西松段二小段426地號等2筆土地都市更新事業計畫及權利變換計畫案	擬訂臺北市松山區西松段二小段426地號等2筆土地都市更新事業計畫及權利變換計畫案	臺北市松山區西松段二小段426、427地號2筆土地臺北市信義區虎林段四小段38、41、45、46、47、48、49、50、51、52、53、54、	西松段二小段	426	426|427		2				擬訂	0	事業計畫、權利變換	臺北市松山區市民大道沿線軸帶(臺北機場以北)更新地區西松段二小段426地號等2筆土地	橙玨都市更新股份有限公司			松山區-西松段二小段-426地號等2筆	false	332
1399	2005-02-24	94/2/24	萬華區	萬華區	擬訂臺北市萬華區崇仁新村土地都市更新事業計畫及權利變換計畫案	擬訂臺北市萬華區崇仁新村土地都市更新事業計畫及權利變換計畫案	臺北市萬華區崇仁新村青年段一小段711-3、青年段二小段18地號等2筆土地	崇仁新村青年段一小段	711-3	711-3		2				擬訂	0	事業計畫、權利變換	國防部	喻台生建築師事務所			萬華區-崇仁新村青年段一小段-711-3地號等2筆	true	1399
403	2022-10-27	111/10/27	萬華區	萬華區	擬訂臺北市萬華區漢中段三小段218地號等31筆土地更新權利變換計畫案	擬訂臺北市萬華區漢中段三小段218地號等31筆土地更新權利變換計畫案	臺北市萬華區漢中段三小段218、219、220、221、222、223、224、225、226、227、228、229、230、231、232、235、236、237、238、239、240、253、254、255、256、259、260、262、263、264及265地號等31筆土地	漢中段三小段	218	218|219|220|221|222|223|224|225|226|227|228|229|230|231|232|235|236|237|238|239|240|253|254|255|256|259|260|262|263		31				擬訂	0	權利變換	日健建設股份有限公司	弘傑不動產事業股份有限公司			萬華區-漢中段三小段-218地號等31筆	true	403
809	2019-03-27	108/3/27	萬華區	萬華區	擬訂臺北市萬華區漢中段三小段218地號等31筆土地更新事業計畫案	擬訂臺北市萬華區漢中段三小段218地號等31筆土地更新事業計畫案	臺北市萬華區漢中段三小段218、219、220、221、222、223、224、225、226、227、228、229、230、231、232、235、236、237、238、239、240、253、254、255、256、259、260、262、263、264及265地號等31筆土地	漢中段三小段	218	218|219|220|221|222|223|224|225|226|227|228|229|230|231|232|235|236|237|238|239|240|253|254|255|256|259|260|262|263		31				擬訂	0	事業計畫	日健建設股份有限公司	弘傑不動產事業股份有限公司			萬華區-漢中段三小段-218地號等31筆	false	403
309	2023-08-02	112/8/2	萬華區	萬華區	變更(第二次)臺北市萬華區漢中段三小段24地號等39筆土地都市更新權利變換計畫案	變更(第二次)臺北市萬華區漢中段三小段24地號等39筆土地都市更新權利變換計畫案	臺北市萬華區漢中段三小段24、24-2、27-1、28、40、41、42、43-1、45、46、47、48、49、50、51、52、53、54、55、56、57、58、59、60、61、62、63、64、65、66、67、68、69、70、71、72-1、73、75及73地號等39筆土地	漢中段三小段	24	24|24-2|27-1|28|40|41|42|43-1|45|46|47|48|49|50|51|52|53|54|55|56|57|58|59|60|61|62|63|64|65|66|67|68|69|70|71|72-1|73		39				變更(第二次)	2	權利變換	新碩建設股份有限公司	弘傑不動產事業股份有限公司			萬華區-漢中段三小段-24地號等39筆	true	309
479	2022-03-09	111/3/9	萬華區	萬華區	變更臺北市萬華區漢中段三小段24地號等39筆土地都市更新權利變換計畫案	變更臺北市萬華區漢中段三小段24地號等39筆土地都市更新權利變換計畫案	臺北市萬華區漢中段三小段24、24-2、27-1、28、40、41、42、43-1、45、46、47、48、49、50、51、52、53、54、55、56、57、58、59、60、61、62、63、64、65、66、67、68、69、70、71、72-1、73、75及73地號等39筆土地	漢中段三小段	24	24|24-2|27-1|28|40|41|42|43-1|45|46|47|48|49|50|51|52|53|54|55|56|57|58|59|60|61|62|63|64|65|66|67|68|69|70|71|72-1|73		39				變更	1	權利變換	新碩建設股份有限公司	弘傑不動產事業股份有限公司			萬華區-漢中段三小段-24地號等39筆	false	309
945	2017-11-02	106/11/2	萬華區	萬華區	擬訂臺北市萬華區漢中段三小段24地號等39筆土地都市更新事業計畫及權利變換計畫案	擬訂臺北市萬華區漢中段三小段24地號等39筆土地都市更新事業計畫及權利變換計畫案	臺北市萬華區漢中段三小段24、24-2、27-1、28、40、41、42、43-1、45、46、47、48、49、50、51、52、53、54、55、56、57、58、59、60、61、62、63、64、65、66、67、68、69、70、71、72-1、73、75及73地號等39筆土地	漢中段三小段	24	24|24-2|27-1|28|40|41|42|43-1|45|46|47|48|49|50|51|52|53|54|55|56|57|58|59|60|61|62|63|64|65|66|67|68|69|70|71|72-1|73		39				擬訂	0	事業計畫、權利變換	新碩建設股份有限公司	弘傑不動產事業股份有限公司			萬華區-漢中段三小段-24地號等39筆	false	309
860	2018-10-04	107/10/4	萬華區	萬華區	變更(第三次)臺北市萬華區漢中段二小段328地號等110筆土地都市更新權利變換計畫案	變更(第三次)臺北市萬華區漢中段二小段328地號等110筆土地都市更新權利變換計畫案	臺北市萬華區漢中段二小段328、328-1、329、329-1、330、331、332、333、334、335、336、337、337-1、338、338-1、339、339-1、340、340-1、341、341-1、342、342-1、342-2、342-3、343、343-1、344、344-1、344-2、344-3、344-4、345、346、347、347-1、348、349、350、351、352、353、354、355、356、357、358、359、360、361、362、363、364、365、366、367、368、369、370、376、377、385、386、387、406、407、408、409、409-1、410、411、412、413、414、415、416、417、418、419、420、421、422、423、424、424-1、425、426、427、428、429、430、431、432、433、434、435、436、	漢中段二小段	328	328|328-1|329|329-1|330|331|332|333|334|335|336|337|337-1|338|338-1|339|339-1|340|340-1|341|341-1|342|342-1|342-2|342-3|343|343-1|344|344-1|344-2|344-3|344-4|345|346|347|347-1|348|349|350|351|352|353|354|355|356|357|358|359|360|361|362|363|364|365|366|367|368|369|370|376|377|385|386|387|406|407|408|409|409-1|410|411|412|413|414|415|416|417|418|419|420|421|422|423|424|424-1|425|426|427|428|429|430|431|432|433|434|435|436		110				變更(第三次)	3	權利變換	全坤建設開發股份有限公司	力冠丰都市規劃有限公司			萬華區-漢中段二小段-328地號等110筆	true	860
901	2018-05-03	107/5/3	萬華區		變更(第二次)臺北市萬華區漢中段二小段328地號等110筆土地都市更新權利變換計畫案	變更(第二次)臺北市萬華區漢中段二小段328地號等110筆土地都市更新權利變換計畫案	332、333、334、335、336、337、337-1、338、338-1、339、339-1、340、340-1、341、341-1、342、342-1、342-2、342-3、343、343-1、344、344-1、344-2、344-3、344-4、345、346、347、347-1、348、349、350、351、352、353、354、355、356、357、358、359、360、361、362、363、364、365、366、367、368、369、370、376、377、385、386、387、406、407、408、409、409-1、410、411、412、413、414、415、416、417、418、419、420、421、422、423、424、424-1、425、426、427、428、429、430、431、432、433、434、435、436、438、439、440、441、442、443、444、445、446、447、448、449、450	漢中段二小段	328	332|333|334|335|336|337|337-1|338|338-1|339|339-1|340|340-1|341|341-1|342|342-1|342-2|342-3|343|343-1|344|344-1|344-2|344-3|344-4|345|346|347|347-1|348|349|350|351|352|353|354|355|356|357|358|359|360|361|362|363|364|365|366|367|368|369|370|376|377|385|386|387|406|407|408|409|409-1|410|411|412|413|414|415|416|417|418|419|420|421|422|423|424|424-1|425|426|427|428|429|430|431|432|433|434|435|436|438|439|440|441|442|443|444|445|446|447|448|449|450		110				變更(第二次)	2	權利變換	全坤建設開發股份有限公司	力冠丰都市規劃有限公司		地號無法解析(缺少段小段)	萬華區-漢中段二小段-328地號等110筆	false	860
943	2017-11-14	106/11/14	萬華區	萬華區	變更臺北市萬華區漢中段二小段328地號等110筆土地都市更新事業計畫及權利變換計畫案	變更臺北市萬華區漢中段二小段328地號等110筆土地都市更新事業計畫及權利變換計畫案	臺北市萬華區漢中段二小段328、328-1、329、329-1、330、331、332、333、334、335、336、337、337-1、338、338-1、339、339-1、340、340-1、341、341-1、342、342-1、342-2、342-3、343、343-1、344、344-1、344-2、344-3、344-4、345、346、347、347-1、348、349、350、351、352、353、354、355、356、357、358、359、360、361、362、363、364、365、366、367、368、369、370、376、377、385、386、387、406、407、408、409、409-1、410、411、412、413、414、415、416、417、418、419、420、421、422、423、424、424-1、425、426、427、428、429、430、431、432、433、434、435、436、438、439、440、441、442、443、444、445、446、447、448、449、450	漢中段二小段	328	328|328-1|329|329-1|330|331|332|333|334|335|336|337|337-1|338|338-1|339|339-1|340|340-1|341|341-1|342|342-1|342-2|342-3|343|343-1|344|344-1|344-2|344-3|344-4|345|346|347|347-1|348|349|350|351|352|353|354|355|356|357|358|359|360|361|362|363|364|365|366|367|368|369|370|376|377|385|386|387|406|407|408|409|409-1|410|411|412|413|414|415|416|417|418|419|420|421|422|423|424|424-1|425|426|427|428|429|430|431|432|433|434|435|436|438|439|440|441|442|443|444|445|446|447|448|449|450		110				變更	1	事業計畫、權利變換	全坤建設開發股份有限公司	力冠丰都市規劃有限公司			萬華區-漢中段二小段-328地號等110筆	false	860
1190	2013-04-01	102/4/1	萬華區		擬訂臺北市萬華區漢中段二小段328地號等110筆土地都市更新事業計畫及權利變換計畫案	擬訂臺北市萬華區漢中段二小段328地號等110筆土地都市更新事業計畫及權利變換計畫案	1、339、339-1、340、340-1、341、341-1、342、342-1、342-2、342-3、343、343-1、344、344-1、344-2、344-3、344-4、345、346、347、347-1、348、349、350、351、352、353、354、355、356、357、358、359、360、361、362、363、364、365、366、367、368、369、370、376、377、385、386、387、406、407、408、409、409-1、410、411、412、413、414、415、416、417、418、419、420、421、422、	漢中段二小段	328	1|339|339-1|340|340-1|341|341-1|342|342-1|342-2|342-3|343|343-1|344|344-1|344-2|344-3|344-4|345|346|347|347-1|348|349|350|351|352|353|354|355|356|357|358|359|360|361|362|363|364|365|366|367|368|369|370|376|377|385|386|387|406|407|408|409|409-1|410|411|412|413|414|415|416|417|418|419|420|421|422		110				擬訂	0	事業計畫、權利變換	全坤建設股份有限公司	力冠丰都市規劃有限公司		地號無法解析(缺少段小段)	萬華區-漢中段二小段-328地號等110筆	false	860
1070	2015-12-10	104/12/10	萬華區	萬華區	擬訂臺北市萬華區漢中段二小段524地號等18筆土地都市更新事業計畫案	擬訂臺北市萬華區漢中段二小段524地號等18筆土地都市更新事業計畫案	臺北市萬華區漢中段二小段524、525、530、531、532、533、539、540、541、542、543、544、545、546、547、548、549、557-1地號等18筆土地	漢中段二小段	524	524|525|530|531|532|533|539|540|541|542|543|544|545|546|547|548|549|557-1		18				擬訂	0	事業計畫	全坤建設開發股份有限公司	振皓工程顧問股份有限公司			萬華區-漢中段二小段-524地號等18筆	true	1070
135	2025-03-11	114/3/11	萬華區	萬華區	變更(第二次)臺北市萬華區直興段一小段373地號等12筆土地都市更新權利變換計畫案	變更(第二次)臺北市萬華區直興段一小段373地號等12筆土地都市更新權利變換計畫案	臺北市萬華區直興段一小段373、389-1、390、391、392、393、394、395、396、397、398、399地號等12筆土地	直興段一小段	373	373|389-1|390|391|392|393|394|395|396|397|398|399		12				變更(第二次)	2	權利變換	瓏山林企業股份有限公司	力冠丰都市規劃有限公司			萬華區-直興段一小段-373地號等12筆	true	135
354	2023-03-09	112/3/9	萬華區	萬華區	變更臺北市萬華區直興段一小段373地號等12筆土地都市更新事業計畫及權利變換計畫案	變更臺北市萬華區直興段一小段373地號等12筆土地都市更新事業計畫及權利變換計畫案	臺北市萬華區直興段一小段373、389-1、390、391、392、393、394、395、396、397、398、399地號等12筆土地	直興段一小段	373	373|389-1|390|391|392|393|394|395|396|397|398|399		12				變更	1	事業計畫、權利變換	瓏山林企業股份有限公司	瓏山林聯合建築師事務所			萬華區-直興段一小段-373地號等12筆	false	135
711	2020-01-16	109/1/16	萬華區	萬華區	擬訂臺北市萬華區直興段一小段373地號等12筆土地都市更新事業計畫及權利變換計畫案	擬訂臺北市萬華區直興段一小段373地號等12筆土地都市更新事業計畫及權利變換計畫案	臺北市萬華區直興段一小段373、389-1、390、391、392、393、394、395、396、397、398、399地號等12筆土地臺北市大同區雙連段二小段203-1、203-2、203-6、203-7、203-8、231-1、231-2、232-1、233、233-1、233-3、233-4、233-5、233-6、233-	直興段一小段	373	373|389-1|390|391|392|393|394|395|396|397|398|399		12				擬訂	0	事業計畫、權利變換	瓏山林企業股份有限公司	力冠丰規劃有限公司			萬華區-直興段一小段-373地號等12筆	false	135
252	2024-02-01	113/2/1	萬華區	萬華區	擬訂臺北市萬華區直興段二小段441地號等24筆(原18筆)土地都市更新事業計畫案	擬訂臺北市萬華區直興段二小段441地號等24筆(原18筆)土地都市更新事業計畫案	臺北市萬華區直興段二小段441、443、444、445、446、447、448、449、450、451、452、453、454、458、459、460-1、461-1、462、463、464-1、465-1、466、467、468-1地號等24筆土地	直興段二小段	441	441|443|444|445|446|447|448|449|450|451|452|453|454|458|459|460-1|461-1|462|463|464-1|465-1|466|467|468-1		24	18			擬訂	0	事業計畫	安家道生股份有限公司	玉山創意行銷股份有限公司			萬華區-直興段二小段-441地號等24筆	true	252
33	2026-04-28	115/4/28	萬華區	萬華區	變更臺北市萬華區直興段二小段500地號等12筆土地(原9筆)都市更新事業計畫案	變更臺北市萬華區直興段二小段500地號等12筆土地(原9筆)都市更新事業計畫案	臺北市萬華區直興段二小段500、501、502、503、506、507、508、509、513、514、519及520地號等12筆土地	直興段二小段	500	500|501|502|503|506|507|508|509|513|514		12	9			變更	1	事業計畫	安家道生股份有限公司	玉山創意行銷股份有限公司			萬華區-直興段二小段-500地號等12筆	true	33
458	2022-04-29	111/4/29	萬華區	萬華區	擬訂臺北市萬華區直興段二小段500地號等12筆土地(原9筆)都市更新權利變換計畫案	擬訂臺北市萬華區直興段二小段500地號等12筆土地(原9筆)都市更新權利變換計畫案	臺北市萬華區直興段二小段500、501、502、503、506、507、508、509、513、514、519及520地號等12筆土地	直興段二小段	500	500|501|502|503|506|507|508|509|513|514		12	9			擬訂	0	權利變換	安家道生股份有限公司	玉山創意行銷股份有限公司			萬華區-直興段二小段-500地號等12筆	false	33
504	2021-12-16	110/12/16	萬華區	萬華區	擬訂臺北市萬華區直興段二小段500地號等12筆土地(原9筆)都市更新事業計畫案	擬訂臺北市萬華區直興段二小段500地號等12筆土地(原9筆)都市更新事業計畫案	臺北市萬華區直興段二小段500、501、502、503、506、507、508、509、513、514、519及520地號等12筆土地	直興段二小段	500	500|501|502|503|506|507|508|509|513|514		12	9			擬訂	0	事業計畫	安家道生股份有限公司	玉山創意行銷股份有限公司			萬華區-直興段二小段-500地號等12筆	false	33
850	2018-11-27	107/11/27	萬華區	萬華區	擬訂臺北市萬華區福星段二小段149地號土地都市更新事業計畫案	擬訂臺北市萬華區福星段二小段149地號土地都市更新事業計畫案	臺北市萬華區福星段二小段149地號1筆土地	福星段二小段	149	149		1				擬訂	0	事業計畫	國泰建設經理股份有限公司	財團法人都市更新研究發展基金會			萬華區-福星段二小段-149地號等1筆	true	850
626	2020-09-17	109/9/17	萬華區	萬華區	變更臺北市萬華區福星段二小段576地號等32筆土地都市更新權利變換計畫案	變更臺北市萬華區福星段二小段576地號等32筆土地都市更新權利變換計畫案	臺北市萬華區福星段二小段576、577、578-1、579、580、581、582、583、583-1、584、585-2、585-3、585-4、585-6、586、587、588、589、590、591、592、593、594、595、596、596-1、596-2、597、598、599、600、601地號等32筆土地	福星段二小段	576	576|577|578-1|579|580|581|582|583|583-1|584|585-2|585-3|585-4|585-6|586|587|588|589|590|591|592|593|594|595|596|596-1|596-2|597|598|599|600|601		32				變更	1	權利變換	興洋建設股份有限公司	財團法人都市更新研究發展基金會			萬華區-福星段二小段-576地號等32筆	true	626
1002	2017-02-16	106/2/16	萬華區	萬華區	擬訂臺北市萬華區福星段二小段576地號等32筆土地都市更新事業計畫及權利變換計畫案	擬訂臺北市萬華區福星段二小段576地號等32筆土地都市更新事業計畫及權利變換計畫案	臺北市萬華區福星段二小段576、577、578-1、579、580、581、582、583、583-1、584、585-2、585-3、585-4、585-6、586、587、588、589、590、591、592、593、594、595、596、596-1、596-2、597、598、599、600、601地號等32筆土地臺北市萬華區雙園段二小段505、506、507、508、509、510、511-1、	福星段二小段	576	576|577|578-1|579|580|581|582|583|583-1|584|585-2|585-3|585-4|585-6|586|587|588|589|590|591|592|593|594|595|596|596-1|596-2|597|598|599|600|601		32				擬訂	0	事業計畫、權利變換	興洋建設股份有限公司	財團法人都市更新研究發展基金會			萬華區-福星段二小段-576地號等32筆	false	626
623	2020-09-29	109/9/29	萬華區	萬華區	擬訂臺北市萬華區福星段四小段319地號等35筆土地都市更新事業概要案	擬訂臺北市萬華區福星段四小段319地號等35筆土地都市更新事業概要案	臺北市萬華區福星段四小段319、320、321、322、323、324、325、326、327、328、329、330、342、343、346、347、348、349、350、351、352、353、354、355、356、357、358、361、362、363、364、365、366、367、369地號等35筆土地	福星段四小段	319	319|320|321|322|323|324|325|326|327|328|329|330|342|343|346|347|348|349|350|351|352|353|354|355|356|357|358|361|362|363|364|365|366|367|369		35				擬訂	0	事業概要	江意雯	建福都更股份有限公司			萬華區-福星段四小段-319地號等35筆	true	623
568	2021-05-12	110/5/12	萬華區	萬華區	擬訂臺北市萬華區福星段四小段371地號等4筆土地都市更新事業計畫及權利變換計畫案	擬訂臺北市萬華區福星段四小段371地號等4筆土地都市更新事業計畫及權利變換計畫案	臺北市萬華區福星段四小段371、371-2、372、373地號等4筆土地	福星段四小段	371	371|371-2|372|373		4				擬訂	0	事業計畫、權利變換	長虹建設股份有限公司	弘傑不動產事業股份有限公司			萬華區-福星段四小段-371地號等4筆	true	568
408	2022-10-11	111/10/11	萬華區	萬華區	變更(第二次)臺北市萬華區莒光段三小段198-4地號等28筆土地都市更新權利變換計畫案	變更(第二次)臺北市萬華區莒光段三小段198-4地號等28筆土地都市更新權利變換計畫案	臺北市萬華區莒光段三小段198-4、224-2、240-3、267、268、271、272、272-1、275、275-1、276、276-1、279、279-1、280、298、300、301、302、303、304、305、306、307、308、309、310及311地號等28筆土地	莒光段三小段	198-4	198-4|224-2|240-3|267|268|271|272|272-1|275|275-1|276|276-1|279|279-1|280|298|300|301|302|303|304|305|306|307|308|309		28				變更(第二次)	2	權利變換	壕華建設股份有限公司	安邦工程顧問股份有限公司			萬華區-莒光段三小段-198-4地號等28筆	true	408
468	2022-04-07	111/4/7	萬華區	萬華區	變更臺北市萬華區莒光段三小段198-4地號等28筆土地都市更新權利變換計畫案	變更臺北市萬華區莒光段三小段198-4地號等28筆土地都市更新權利變換計畫案	臺北市萬華區莒光段三小段198-4、224-2、240-3、267、268、271、272、272-1、275、275-1、276、276-1、279、279-1、280、298、300、301、302、303、304、305、306、307、308、309、310及311地號等28筆土地	莒光段三小段	198-4	198-4|224-2|240-3|267|268|271|272|272-1|275|275-1|276|276-1|279|279-1|280|298|300|301|302|303|304|305|306|307|308|309		28				變更	1	權利變換	壕華建設股份有限公司	安邦工程顧問股份有限公司			萬華區-莒光段三小段-198-4地號等28筆	false	408
953	2017-10-12	106/10/12	萬華區	萬華區	擬訂臺北市萬華區莒光段三小段198-4地號等28筆土地都市更新事業計畫及權利變換計畫案	擬訂臺北市萬華區莒光段三小段198-4地號等28筆土地都市更新事業計畫及權利變換計畫案	臺北市萬華區莒光段三小段198-4、224-2、240-3、267、268、271、272、272-1、275、275-1、276、276-1、279、279-1、280、298、300、301、302、303、304、305、306、307、308、309、310及311地號等28筆土地	莒光段三小段	198-4	198-4|224-2|240-3|267|268|271|272|272-1|275|275-1|276|276-1|279|279-1|280|298|300|301|302|303|304|305|306|307|308|309		28				擬訂	0	事業計畫、權利變換	壕華建設股份有限公司	中興都更事業股份有限公司			萬華區-莒光段三小段-198-4地號等28筆	false	408
1081	2015-09-24	104/9/24	萬華區	萬華區	變更(第二次)臺北市萬華區莒光段三小段464地號等8筆土地都市更新事業計畫案	變更(第二次)臺北市萬華區莒光段三小段464地號等8筆土地都市更新事業計畫案	臺北市萬華區莒光段三小段464、464-1、464-2、464-3、464-4、464-5、465、465-1地號等8筆土地	莒光段三小段	464	464|464-1|464-2|464-3|464-4|464-5|465|465-1		8				變更(第二次)	2	事業計畫	新潤建設股份有限公司	安邦工程顧問股份有限公司			萬華區-莒光段三小段-464地號等8筆	true	1081
1208	2012-12-13	101/12/13	萬華區	萬華區	變更臺北市萬華區莒光段三小段464地號等8筆土地都市更新事業計畫案	變更臺北市萬華區莒光段三小段464地號等8筆土地都市更新事業計畫案	臺北市萬華區莒光段三小段464、464-1、464-2、464-3、464-4、464-5、465、465-1地號等8筆土地	莒光段三小段	464	464|464-1|464-2|464-3|464-4|464-5|465|465-1		8				變更	1	事業計畫	新潤建設股份有限公司	安邦工程顧問股份有限公司			萬華區-莒光段三小段-464地號等8筆	false	1081
1333	2008-10-31	97/10/31	萬華區	萬華區	擬訂臺北市萬華區莒光段三小段464地號等8筆土地都市更新事業計畫案	擬訂臺北市萬華區莒光段三小段464地號等8筆土地都市更新事業計畫案	臺北市萬華區莒光段三小段464、464-1、464-2、464-3、464-4、464-5、465、465-1地號等8筆土地	莒光段三小段	464	464|464-1|464-2|464-3|464-4|464-5|465|465-1		8				擬訂	0	事業計畫	巧洋實業股份有限公司	紹洋建築師事務所			萬華區-莒光段三小段-464地號等8筆	false	1081
620	2020-10-08	109/10/8	萬華區	萬華區	變更臺北市萬華區莒光段三小段466-2地號等53筆土地都市更新事業計畫案	變更臺北市萬華區莒光段三小段466-2地號等53筆土地都市更新事業計畫案	臺北市萬華區莒光段三小段466-2、476、477、478、479、482、483、484、485、486、487、489、490、491、492、493、494、495、496、497、498、499、500、501、502、503、504、505、506、507、508、509、510、511、512、513、514、515、516、517、517-3、517-5、517-6、518、519、519-5、519-6、519-7、519-8、519-9、519-10、522-2及522-10地號等53筆土地	莒光段三小段	466-2	466-2|476|477|478|479|482|483|484|485|486|487|489|490|491|492|493|494|495|496|497|498|499|500|501|502|503|504|505|506|507|508|509|510|511|512|513|514|515|516|517|517-3|517-5|517-6|518|519|519-5|519-6|519-7|519-8|519-9|519-10		53				變更	1	事業計畫	千曜開發實業股份有限公司	冠霖不動產顧問股份有限公司			萬華區-莒光段三小段-466-2地號等53筆	true	620
749	2019-10-23	108/10/23	萬華區	萬華區	擬訂臺北市萬華區莒光段三小段466-2地號等53筆土地都市更新事業計畫及權利變換計畫案	擬訂臺北市萬華區莒光段三小段466-2地號等53筆土地都市更新事業計畫及權利變換計畫案	臺北市萬華區莒光段三小段466-2、476、477、478、479、482、483、484、485、486、487、489、490、491、492、493、494、495、496、497、498、499、500、501、502、503、504、505、506、507、508、509、510、511、512、513、514、515、516、517、517-3、517-5、517-6、518、519、519-5、519-6、519-7、519-8、519-9、519-10、522-2及522-10地號等53筆土地	莒光段三小段	466-2	466-2|476|477|478|479|482|483|484|485|486|487|489|490|491|492|493|494|495|496|497|498|499|500|501|502|503|504|505|506|507|508|509|510|511|512|513|514|515|516|517|517-3|517-5|517-6|518|519|519-5|519-6|519-7|519-8|519-9|519-10		53				擬訂	0	事業計畫、權利變換	千曜開發實業股份有限公司	冠霖不動產顧問股份有限公司			萬華區-莒光段三小段-466-2地號等53筆	false	620
987	2017-04-25	106/4/25	萬華區	萬華區	擬訂臺北市萬華區莒光段三小段466地號等11筆土地都市更新事業計畫案	擬訂臺北市萬華區莒光段三小段466地號等11筆土地都市更新事業計畫案	臺北市萬華區莒光段三小段466、467、468、469、470、471、472、473、474、475、522-5地號等11筆土地	莒光段三小段	466	466|467|468|469|470|471|472|473|474|475|522-5		11				擬訂	0	事業計畫	千曜開發實業股份有限公司	謝欽宗建築師事務所冠霖不動產顧問股份有限公司			萬華區-莒光段三小段-466地號等11筆	true	987
193	2024-08-13	113/8/13	萬華區	萬華區	變更臺北市萬華區莒光段三小段519-3地號等41筆土地都市更新事業計畫案	變更臺北市萬華區莒光段三小段519-3地號等41筆土地都市更新事業計畫案	臺北市萬華區莒光段三小段519-3、586-1、587、588、589、590、591、592、593、594、595、596、597、598、599-3、599-4、599-9、599-10、599-14、599-15、599-16、599-17、599-18、599-19、599-20、599-21、599-22、599-23、599-24、599-25、599-26、599-27、599-28、599-29、599-34、599-37、599-40、600、600-2、601、601-1地號等41筆土地	莒光段三小段	519-3	519-3|586-1|587|588|589|590|591|592|593|594|595|596|597|598|599-3|599-4|599-9|599-10|599-14|599-15|599-16|599-17|599-18|599-19|599-20|599-21|599-22|599-23|599-24|599-25|599-26|599-27|599-28|599-29|599-34|599-37|599-40|600|600-2|601|601-1		41				變更	1	事業計畫	和暘建設股份有限公司	里美都市開發股份有限公司			萬華區-莒光段三小段-519-3地號等41筆	true	193
292	2023-09-19	112/9/19	萬華區	萬華區	擬訂臺北市萬華區莒光段三小段519-3地號等41筆土地都市更新事業計畫案	擬訂臺北市萬華區莒光段三小段519-3地號等41筆土地都市更新事業計畫案	臺北市萬華區莒光段三小段519-3、586-1、587、588、589、590、591、592、593、594、595、596、597、598、599-3、599-4、599-9、599-10、599-14、599-15、599-16、599-17、599-18、599-19、599-20、599-21、599-22、599-23、599-24、599-25、599-26、599-27、599-28、599-29、599-34、599-37、599-40、600、600-2、601、601-1地號等41筆土地	莒光段三小段	519-3	519-3|586-1|587|588|589|590|591|592|593|594|595|596|597|598|599-3|599-4|599-9|599-10|599-14|599-15|599-16|599-17|599-18|599-19|599-20|599-21|599-22|599-23|599-24|599-25|599-26|599-27|599-28|599-29|599-34|599-37|599-40|600|600-2|601|601-1		41				擬訂	0	事業計畫	和暘建設股份有限公司	里美都市開發股份有限公司			萬華區-莒光段三小段-519-3地號等41筆	false	193
63	2025-12-24	114/12/24	萬華區	萬華區	變更臺北市萬華區莒光段四小段57-2地號等34筆土地都市更新事業計畫及權利變換計畫案	變更臺北市萬華區莒光段四小段57-2地號等34筆土地都市更新事業計畫及權利變換計畫案	臺北市萬華區莒光段四小段57-2、58、59、60-1、60-3、60-4、60-5、60-6、60-7、60-11、61-4、61-6、61-7、61-8、63、64、65、66、67、68、69、70、70-1、70-2、71、72、73、74、74-1、74-2、74-3、74-4、74-5、75地號等34筆土地	莒光段四小段	57-2	57-2|58|59|60-1|60-3|60-4|60-5|60-6|60-7|60-11|61-4|61-6|61-7|61-8|63|64|65|66|67|68|69|70|70-1|70-2|71|72|73|74|74-1|74-2|74-3|74-4|74-5|75		34				變更	1	事業計畫、權利變換	龍邦國際興業股份有限公司	園皓都市規劃有限公司			萬華區-莒光段四小段-57-2地號等34筆	true	63
404	2022-10-20	111/10/20	萬華區	萬華區	擬訂臺北市萬華區莒光段四小段57-2地號等34筆土地都市更新事業計畫及權利變換計畫案	擬訂臺北市萬華區莒光段四小段57-2地號等34筆土地都市更新事業計畫及權利變換計畫案	臺北市萬華區莒光段四小段57-2、58、59、60-1、60-3、60-4、60-5、60-6、60-7、60-11、61-4、61-6、61-7、61-8、63、64、65、66、67、68、69、70、70-1、70-2、71、72、73、74、74-1、74-2、74-3、74-4、74-5、75地號等34筆土地	莒光段四小段	57-2	57-2|58|59|60-1|60-3|60-4|60-5|60-6|60-7|60-11|61-4|61-6|61-7|61-8|63|64|65|66|67|68|69|70|70-1|70-2|71|72|73|74|74-1|74-2|74-3|74-4|74-5|75		34				擬訂	0	事業計畫、權利變換	龍邦國際興業股份有限公司	園皓都市規劃有限公司			萬華區-莒光段四小段-57-2地號等34筆	false	63
532	2021-09-16	110/9/16	萬華區	萬華區	擬訂臺北市萬華區莒光段四小段988-1地號等59筆土地都市更新事業計畫案	擬訂臺北市萬華區莒光段四小段988-1地號等59筆土地都市更新事業計畫案	臺北市萬華區莒光段四小段988-1、989、990、991、992、993、994、995、996、997、998、999、1000、1001、1002、1003、1004、1005、1006、1007、1008、1009、1010、1012、1013、1014、1015、1016、1017、1018、1019、1020、1020-1、1021、1022、1023、1024、1025、1027-1、1028、1029、1030、1031、1032、1033、1034、1035、1036、1037、1038、1039、1040、1041、1042、1043、1044、1045、1046、1047地號等59筆土地	莒光段四小段	988-1	988-1|989|990|991|992|993|994|995|996|997|998|999|1000|1001|1002|1003|1004|1005|1006|1007|1008|1009|1010|1012|1013|1014|1015|1016|1017|1018|1019|1020|1020-1|1021|1022|1023|1024|1025|1027-1|1028|1029|1030|1031|1032|1033|1034|1035|1036|1037|1038|1039|1040|1041|1042|1043|1044|1045|1046|1047		59				擬訂	0	事業計畫	春風開發股份有限公司	中興都更事業股份有限公司			萬華區-莒光段四小段-988-1地號等59筆	true	532
1080	2015-10-02	104/10/2	萬華區	萬華區	變更臺北市萬華區華中段一小段201-2、352地號等26筆土地都市更新事業計畫案	變更臺北市萬華區華中段一小段201-2、352地號等26筆土地都市更新事業計畫案	臺北市萬華區華中段一小段247、248、201-2、201-3、202、240、241、241-1、241-2、242、243、244、245、246、352、353、354、355、362、362-1、363、364、365、366-11、366-12、366-13地號等26筆土地	華中段一小段	247	247|248|201-2|201-3|202|240|241|241-1|241-2|242|243|244|245|246|352|353|354|355|362|362-1|363|364|365|366-11|366-12|366-13		26				變更	1	事業計畫	鄉林建設股份有限公司	奧宇聯合建築師事務所			萬華區-華中段一小段-247地號等26筆	true	1080
1134	2014-04-25	103/4/25	萬華區	萬華區	擬訂臺北市萬華區華中段一小段201-2、352地號等26筆土地都市更新事業計畫案	擬訂臺北市萬華區華中段一小段201-2、352地號等26筆土地都市更新事業計畫案	781、782、784、785、790、791、792、793、794、795、796、797、臺北市萬華區華中段一小段247、248、201-2、201-3、202、240、241、241-1、241-2、242、243、244、245、246、352、353、354、355、362、362-1、363、364、365、366-11、366-12、366-13地號等26筆土地	華中段一小段	247	247|248|201-2|201-3|202|240|241|241-1|241-2|242|243|244|245|246|352|353|354|355|362|362-1|363|364|365|366-11|366-12|366-13		26				擬訂	0	事業計畫	大方建設股份有限公司	奧宇聯合建築師事務所			萬華區-華中段一小段-247地號等26筆	false	1080
300	2023-08-22	112/8/22	萬華區	萬華區	變更(第二次)臺北市萬華區華中段二小段191地號等3筆土地都市更新權利變換計畫案	變更(第二次)臺北市萬華區華中段二小段191地號等3筆土地都市更新權利變換計畫案	臺北市萬華區華中段二小段191、191-1、191-2地號等3筆土地	華中段二小段	191	191|191-1|191-2		3				變更(第二次)	2	權利變換	安家道生股份有限公司	玉山創意行銷股份有限公司			萬華區-華中段二小段-191地號等3筆	true	300
402	2022-10-27	111/10/27	萬華區	萬華區	變更臺北市萬華區華中段二小段191地號等3筆土地都市更新權利變換計畫案	變更臺北市萬華區華中段二小段191地號等3筆土地都市更新權利變換計畫案	臺北市萬華區華中段二小段191、191-1、191-2地號等3筆土地	華中段二小段	191	191|191-1|191-2		3				變更	1	權利變換	安家道生股份有限公司	玉山創意行銷股份有限公司			萬華區-華中段二小段-191地號等3筆	false	300
798	2019-05-10	108/5/10	萬華區	萬華區	擬訂臺北市萬華區華中段二小段191地號等3筆土地都市更新事業計畫及權利變換計畫案	擬訂臺北市萬華區華中段二小段191地號等3筆土地都市更新事業計畫及權利變換計畫案	臺北市萬華區華中段二小段191、191-1、191-2地號等3筆土地	華中段二小段	191	191|191-1|191-2		3				擬訂	0	事業計畫、權利變換	捷順國際開發股份有限公司	玉山創意行銷股份有限公司			萬華區-華中段二小段-191地號等3筆	false	300
1116	2015-01-15	104/1/15	萬華區	萬華區	擬訂臺北市萬華區華江段三小段215-2地號等22筆土地都市更新事業計畫案	擬訂臺北市萬華區華江段三小段215-2地號等22筆土地都市更新事業計畫案	臺北市萬華區華江段三小段215-2、274、275、276、277、278、279、280、282、283、294、295、296、297、298、299、300、301、302、303、304、305、306、307地號等22筆土地	華江段三小段	215-2	215-2|274|275|276|277|278|279|280|282|283|294|295|296|297|298|299|300|301|302|303|304|305|306|307		22				擬訂	0	事業計畫	國賓開發股份有限公司	安邦工程顧問股份有限公司			萬華區-華江段三小段-215-2地號等22筆	true	1116
849	2018-11-29	107/11/29	萬華區	萬華區	變更臺北市萬華區華江段三小段274地號(原215-2地號)1筆(原22筆)土地都市更新事業計畫案	變更臺北市萬華區華江段三小段274地號(原215-2地號)1筆(原22筆)土地都市更新事業計畫案	70、219-71、219-86、219-89、219-90、219-91、219-92、219-93、21994、2381地號等72筆土地臺北市萬華區華江段三小段274地號1筆土地	華江段三小段	274	274		1	22			變更	1	事業計畫	國賓開發股份有限公司	安邦工程顧問股份有限公司			萬華區-華江段三小段-274地號等1筆	true	849
421	2022-09-07	111/9/7	萬華區	萬華區	擬訂臺北市萬華區華江段二小段531地號等12筆土地都市更新事業計畫案	擬訂臺北市萬華區華江段二小段531地號等12筆土地都市更新事業計畫案	臺北市萬華區華江段二小段531、531-1、532、532-1、533、533-1、534、535、536、537、538、539地號等12筆土地	華江段二小段	531	531|531-1|532|532-1|533|533-1|534|535|536|537|538|539		12				擬訂	0	事業計畫	聖得福建設開發股份有限公司	冠霖不動產顧問股份有限公司			萬華區-華江段二小段-531地號等12筆	true	421
534	2021-09-15	110/9/15	萬華區	萬華區	擬訂臺北市萬華區萬大段一小段50-11地號等35筆土地事業概要案	擬訂臺北市萬華區萬大段一小段50-11地號等35筆土地事業概要案	臺北市萬華區萬大段一小段50-11、61、62、63、64、65、66、67、68、69、70、71、72、73、74、75、76、77、78、79、80、81、82、83、84、85、86、87、88、89、90、91、92、93、94-2地號等共35筆土地	萬大段一小段	50-11	50-11|61|62|63|64|65|66|67|68|69|70|71|72|73|74|75|76|77|78|79|80|81|82|83|84|85|86|87|88|89|90|91|92|93		35				擬訂	0	事業概要	黃金財	泰姬開發股份有限公司			萬華區-萬大段一小段-50-11地號等35筆	true	534
302	2023-08-16	112/8/16	萬華區	萬華區	變更(第三次)臺北市萬華區萬大段一小段519-2地號等35筆土地都市更新權利變換計畫案	變更(第三次)臺北市萬華區萬大段一小段519-2地號等35筆土地都市更新權利變換計畫案	臺北市萬華區萬大段一小段519-2、522、523、524、525、526、527、528、529、530、531、532、533、534、535、536、537、538、539、540、548、549、550、551、552、553、564、565、566、567、568、569、596、603及603-1地號等35筆土地	萬大段一小段	519-2	519-2|522|523|524|525|526|527|528|529|530|531|532|533|534|535|536|537|538|539|540|548|549|550|551|552|553|564|565|566|567|568|569|596		35				變更(第三次)	3	權利變換	民凱建設股份有限公司	弘傑不動產事業股份有限公司			萬華區-萬大段一小段-519-2地號等35筆	true	302
384	2022-12-08	111/12/8	萬華區	萬華區	變更(第二次)臺北市萬華區萬大段一小段519-2地號等35筆土地都市更新權利變換計畫案	變更(第二次)臺北市萬華區萬大段一小段519-2地號等35筆土地都市更新權利變換計畫案	臺北市萬華區萬大段一小段519-2、522、523、524、525、526、527、528、529、530、531、532、533、534、535、536、537、538、539、540、548、549、550、551、552、553、564、565、566、567、568、569、596、603及603-1地號等35筆土地	萬大段一小段	519-2	519-2|522|523|524|525|526|527|528|529|530|531|532|533|534|535|536|537|538|539|540|548|549|550|551|552|553|564|565|566|567|568|569|596		35				變更(第二次)	2	權利變換	民凱建設股份有限公司	弘傑不動產事業股份有限公司			萬華區-萬大段一小段-519-2地號等35筆	false	302
1222	2012-08-07	101/8/7	萬華區	萬華區	擬訂臺北市萬華區萬大段一小段571地號等22筆土地都市更新事業計畫案	擬訂臺北市萬華區萬大段一小段571地號等22筆土地都市更新事業計畫案	臺北市萬華區萬大段一小段570、571、571-1、571-3、571-5、571-6、571-7、571-8、571-9、571-11、571-12、571-13、575、576、582-1、586-2、587-2、590、591、592、593、594地號等22筆土地	萬大段一小段	571	570|571|571-1|571-3|571-5|571-6|571-7|571-8|571-9|571-11|571-12|571-13|575|576|582-1|586-2|587-2|590|591|592|593|594		22				擬訂	0	事業計畫	巧洋實業股份有限公司	紹洋建築師事務所			萬華區-萬大段一小段-571地號等22筆	true	1222
1023	2016-10-24	105/10/24	萬華區	萬華區	變更臺北市萬華區萬大段二小段119地號1筆土地都市更新事業計畫案	變更臺北市萬華區萬大段二小段119地號1筆土地都市更新事業計畫案	臺北市萬華區萬大段二小段119地號土地	萬大段二小段	119	119		1				變更	1	事業計畫	富力陽建設股份有限公司	奇模工程有限縣公司			萬華區-萬大段二小段-119地號等1筆	true	1023
1123	2014-09-18	103/9/18	萬華區	萬華區	擬訂臺北市萬華區萬大段二小段119地號1筆土地都市更新事業計畫案	擬訂臺北市萬華區萬大段二小段119地號1筆土地都市更新事業計畫案	臺北市萬華區萬大段二小段119地號等1筆土地	萬大段二小段	119	119		1				擬訂	0	事業計畫	富力陽建設股份有限公司	奇模工程有限公司			萬華區-萬大段二小段-119地號等1筆	false	1023
1091	2015-07-16	104/7/16	萬華區	萬華區	變更臺北市萬華區萬大段二小段468地號等49筆土地都市更新權利變換計畫(含釐正圖冊)案	變更臺北市萬華區萬大段二小段468地號等49筆土地都市更新權利變換計畫(含釐正圖冊)案	臺北市萬華區萬大段二小段466、466-4、467-3、468、469、470、471、472、473、474、475、476、477、478、479、480、481、482、483、484、485、486、487、488、489、490、491、492、493、494、495、496、497、498、499、500、501、502、503、504、505、506、507、508、509、510、511、512、513地號等49筆土地	萬大段二小段	468	466|466-4|467-3|468|469|470|471|472|473|474|475|476|477|478|479|480|481|482|483|484|485|486|487|488|489|490|491|492|493|494|495|496|497|498|499|500|501|502|503|504|505|506|507|508|509|510|511|512|513		49				變更	1	權利變換	潤泰創新國際股份有限公司	邑相更新規劃股份有限公司			萬華區-萬大段二小段-468地號等49筆	true	1091
1260	2011-02-15	100/2/15	萬華區	萬華區	擬訂臺北市萬華區萬大段二小段468地號等49筆土地都市更新事業計畫及權利變換計畫案	擬訂臺北市萬華區萬大段二小段468地號等49筆土地都市更新事業計畫及權利變換計畫案	臺北市萬華區萬大段二小段466、466-4、467-3、468、469、470、471、472、473、474、475、476、477、478、479、480、481、482、483、484、485、486、487、488、489、490、491、492、493、494、495、496、497、498、499、500、501、502、503、504、505、506、507、508、509、510、511、512、513地號等49筆土地	萬大段二小段	468	466|466-4|467-3|468|469|470|471|472|473|474|475|476|477|478|479|480|481|482|483|484|485|486|487|488|489|490|491|492|493|494|495|496|497|498|499|500|501|502|503|504|505|506|507|508|509|510|511|512|513		49				擬訂	0	事業計畫、權利變換	潤泰創新國際股份有限公司	邑相更新規劃股份有限公司			萬華區-萬大段二小段-468地號等49筆	false	1091
321	2023-06-08	112/6/8	萬華區	萬華區	擬訂臺北市萬華區萬華段一小段103地號等53筆土地都市更新事業計畫案	擬訂臺北市萬華區萬華段一小段103地號等53筆土地都市更新事業計畫案	臺北市萬華區萬華段一小段103、104、104-1、105、105-1、106、107、107-1、108、108-1、109、110、111、111-1、112、113、114、115、116、117、118、119、120、121、122、123、124、126-1、127、128、129、130、131、132、133、148、148-1、149、152、152-1、153、154、155、156、157、158、159、160、161、162、163、164、165地號等53筆土地	萬華段一小段	103	103|104|104-1|105|105-1|106|107|107-1|108|108-1|109|110|111|111-1|112|113|114|115|116|117|118|119|120|121|122|123|124|126-1|127|128|129|130|131|132|133|148|148-1|149|152|152-1|153|154|155|156|157|158|159|160|161|162|163|164|165		53				擬訂	0	事業計畫	寶舖建設股份有限公司	合邑都市更新股份有限公司			萬華區-萬華段一小段-103地號等53筆	true	321
464	2022-04-19	111/4/19	萬華區	萬華區	變更臺北市萬華區萬華段一小段519-2地號等35筆土地都市更新事業計畫及權利變換計畫案	變更臺北市萬華區萬華段一小段519-2地號等35筆土地都市更新事業計畫及權利變換計畫案	臺北市萬華區萬大段一小段519-2、522、523、524、525、526、527、528、529、530、531、532、533、534、535、536、537、538、539、540、548、549、550、551、552、553、564、565、566、567、568、569、596、603及603-1地號等35筆土地	萬華段一小段	519-2	519-2|522|523|524|525|526|527|528|529|530|531|532|533|534|535|536|537|538|539|540|548|549|550|551|552|553|564|565|566|567|568|569|596		35				變更	1	事業計畫、權利變換	民凱建設股份有限公司	弘傑不動產事業股份有限公司		案名與地號段小段不一致(地號為萬大段一小段)	萬華區-萬華段一小段-519-2地號等35筆	true	464
990	2017-04-18	106/4/18	萬華區	萬華區	擬訂臺北市萬華區萬華段一小段519-2地號等35筆土地都市更新事業計畫及權利變換計畫案	擬訂臺北市萬華區萬華段一小段519-2地號等35筆土地都市更新事業計畫及權利變換計畫案	臺北市萬華區萬大段一小段519-2、522、523、524、525、526、527、528、529、530、531、532、533、534、535、536、537、538、539、540、548、549、550、551、552、553、564、565、566、567、568、569、596、603及603-1地號等35筆土地	萬華段一小段	519-2	519-2|522|523|524|525|526|527|528|529|530|531|532|533|534|535|536|537|538|539|540|548|549|550|551|552|553|564|565|566|567|568|569|596		35				擬訂	0	事業計畫、權利變換	民凱建設股份有限公司	弘傑不動產事業股份有限公司		案名與地號段小段不一致(地號為萬大段一小段)	萬華區-萬華段一小段-519-2地號等35筆	false	464
615	2020-11-12	109/11/12	萬華區	萬華區	變更臺北市萬華區萬華段二小段268-2地號等35筆(原34筆)土地都市更新事業計畫案	變更臺北市萬華區萬華段二小段268-2地號等35筆(原34筆)土地都市更新事業計畫案	臺北市萬華區萬華段二小段268-2、270、270-1、271、271-2、272、272-2、273、273-1、274、274-1、275、276、277、278、279、279-1、280、281、282、283、284、285、285-1、286、287、287-1、287-2、287-3、288、288-1、289、290、291、291-1地號等35筆土地	萬華段二小段	268-2	268-2|270|270-1|271|271-2|272|272-2|273|273-1|274|274-1|275|276|277|278|279|279-1|280|281|282|283|284|285|285-1|286|287|287-1|287-2|287-3|288|288-1|289|290|291|291-1		35	34			變更	1	事業計畫	三雋建設股份有限公司	翔宇國際開發顧問有限公司			萬華區-萬華段二小段-268-2地號等35筆	true	615
752	2019-10-17	108/10/17	萬華區	萬華區	擬訂臺北市萬華區萬華段二小段268-2地號等35筆(原34筆)土地都市更新事業計畫案	擬訂臺北市萬華區萬華段二小段268-2地號等35筆(原34筆)土地都市更新事業計畫案	臺北市萬華區萬華段二小段268-2、270、270-1、271、271-2、272、272-2、273、273-1、274、274-1、275、276、277、278、279、279-1、280、281、282、283、284、285、285-1、286、287、287-1、287-2、287-3、288、288-1、289、290、291、291-1地號等35筆土地	萬華段二小段	268-2	268-2|270|270-1|271|271-2|272|272-2|273|273-1|274|274-1|275|276|277|278|279|279-1|280|281|282|283|284|285|285-1|286|287|287-1|287-2|287-3|288|288-1|289|290|291|291-1		35	34			擬訂	0	事業計畫	三雋建設股份有限公司	翔宇國際開發顧問有限公司			萬華區-萬華段二小段-268-2地號等35筆	false	615
186	2024-09-10	113/9/10	萬華區	萬華區	變更臺北市萬華區萬華段二小段706地號等6筆土地都市更新事業計畫案	變更臺北市萬華區萬華段二小段706地號等6筆土地都市更新事業計畫案	臺北市萬華區萬華段二小段706、707、708、710、712、721地號等6筆土地	萬華段二小段	706	706|707|708|710|712|721		6				變更	1	事業計畫	宏綺建設股份有限公司	築璟都市更新有限公司			萬華區-萬華段二小段-706地號等6筆	true	186
382	2022-12-20	111/12/20	萬華區	萬華區	擬訂臺北市萬華區萬華段二小段706地號等6筆土地都市更新事業計畫案	擬訂臺北市萬華區萬華段二小段706地號等6筆土地都市更新事業計畫案	臺北市萬華區萬華段二小段706、707、708、710、712、721地號等6筆土地	萬華段二小段	706	706|707|708|710|712|721		6				擬訂	0	事業計畫	宏綺建設股份有限公司	築璟都市更新有限公司			萬華區-萬華段二小段-706地號等6筆	false	186
661	2020-07-07	109/7/7	萬華區	萬華區	擬訂臺北市萬華區雙園段三小段741-3地號等23筆土地都市更新事業計畫案	擬訂臺北市萬華區雙園段三小段741-3地號等23筆土地都市更新事業計畫案	臺北市萬華區雙園段三小段741-3、757、757-1、758、758-2、759、759-2、760、760-2、761、761-2、762、762-2、763、763-2、764、764-2、765、765-2、766、766-1、773、774地號等23筆土地	雙園段三小段	741-3	741-3|757|757-1|758|758-2|759|759-2|760|760-2|761|761-2|762|762-2|763|763-2|764|764-2|765|765-2|766|766-1|773|774		23				擬訂	0	事業計畫	富翊發建設股份有限公司	上築國際規劃設計顧問有限公司			萬華區-雙園段三小段-741-3地號等23筆	true	661
874	2018-08-28	107/8/28	萬華區	萬華區	變更臺北市萬華區雙園段三小段887-2地號等11筆土地都市更新事業計畫案	變更臺北市萬華區雙園段三小段887-2地號等11筆土地都市更新事業計畫案	臺北市萬華區雙園段三小段887-2、888、889、891-3、894、895、896、897、898、899及912地號等11筆土地	雙園段三小段	887-2	887-2|888|889|891-3|894|895|896|897|898		11				變更	1	事業計畫	時詣建設股份有限公司	弘傑不動產事業股份有限公司			萬華區-雙園段三小段-887-2地號等11筆	true	874
974	2017-07-13	106/7/13	萬華區	萬華區	擬訂臺北市萬華區雙園段三小段887-2地號等11筆土地都市更新事業計畫案	擬訂臺北市萬華區雙園段三小段887-2地號等11筆土地都市更新事業計畫案	臺北市萬華區雙園段三小段887-2、888、889、891-3、894、895、896、897、898、899、912地號等11筆土地	雙園段三小段	887-2	887-2|888|889|891-3|894|895|896|897|898|899|912		11				擬訂	0	事業計畫	京倫建設股份有限公司	弘傑不動產事業股份有限公司			萬華區-雙園段三小段-887-2地號等11筆	false	874
929	2017-12-12	106/12/12	萬華區	萬華區	變更(第二次)臺北市萬華區雙園段二小段505地號等77筆土地都市更新權利變換計畫案	變更(第二次)臺北市萬華區雙園段二小段505地號等77筆土地都市更新權利變換計畫案	臺北市萬華區雙園段二小段505、506、507、508、509、510、511-1、512、513、514、514-1、514-2、515、516、516-1、517、518、519、520、521、522、523、523-1、524、524-1、525、526、527、527-1、529、529-1、541、541-1、542、542-3、542-4、542-5、542-6、542-12、542-13、542-14、543、544、545、546、547、548、549、550、551、552、553、566、567、568、569、569-1、570、570-2、571、572、573、573-1、573-2、573-3、573-4、573-5、573-6、573-7、	雙園段二小段	505	505|506|507|508|509|510|511-1|512|513|514|514-1|514-2|515|516|516-1|517|518|519|520|521|522|523|523-1|524|524-1|525|526|527|527-1|529|529-1|541|541-1|542|542-3|542-4|542-5|542-6|542-12|542-13|542-14|543|544|545|546|547|548|549|550|551|552|553|566|567|568|569|569-1|570|570-2|571|572|573|573-1|573-2|573-3|573-4|573-5|573-6|573-7		77				變更(第二次)	2	權利變換	三一建設股份有限公司	力冠丰都市規劃有限公司			萬華區-雙園段二小段-505地號等77筆	true	929
1003	2017-02-16	106/2/16	萬華區		變更臺北市萬華區雙園段二小段505地號等77筆土地都市更新事業計畫案	變更臺北市萬華區雙園段二小段505地號等77筆土地都市更新事業計畫案	512、513、514、514-1、514-2、515、516、516-1、517、518、519、520、521、522、523、523-1、524、524-1、525、526、527、527-1、529、529-1、541、541-1、542、542-3、542-4、542-5、542-6、542-12、542-13、542-14、543、544、545、546、547、548、549、550、551、552、553、566、567、568、569、569-1、570、570-2、571、572、573、573-1、573-2、573-3、573-4、573-5、573-6、573-7、	雙園段二小段	505	512|513|514|514-1|514-2|515|516|516-1|517|518|519|520|521|522|523|523-1|524|524-1|525|526|527|527-1|529|529-1|541|541-1|542|542-3|542-4|542-5|542-6|542-12|542-13|542-14|543|544|545|546|547|548|549|550|551|552|553|566|567|568|569|569-1|570|570-2|571|572|573|573-1|573-2|573-3|573-4|573-5|573-6|573-7		77				變更	1	事業計畫	三一建設股份有限公司	朱文熙建築師事務所		地號無法解析(缺少段小段)	萬華區-雙園段二小段-505地號等77筆	false	929
1109	2015-02-03	104/2/3	萬華區		變更臺北市萬華區雙園段二小段505地號等77筆土地都市更新權利變換計畫案	變更臺北市萬華區雙園段二小段505地號等77筆土地都市更新權利變換計畫案	512、513、514、514-1、514-2、515、516、516-1、517、518、519、520、521、522、523、523-1、524、524-1、525、526、527、527-1、529、529-1、541、541-1、542、542-3、542-4、542-5、542-6、542-12、542-13、542-14、543、544、545、546、547、548、549、550、551、552、553、566、567、568、569、569-1、570、570-2、571、572、573、573-1、573-2、573-3、573-4、573-5、573-6、573-7、	雙園段二小段	505	512|513|514|514-1|514-2|515|516|516-1|517|518|519|520|521|522|523|523-1|524|524-1|525|526|527|527-1|529|529-1|541|541-1|542|542-3|542-4|542-5|542-6|542-12|542-13|542-14|543|544|545|546|547|548|549|550|551|552|553|566|567|568|569|569-1|570|570-2|571|572|573|573-1|573-2|573-3|573-4|573-5|573-6|573-7		77				變更	1	權利變換	三一建設股份有限公司	力冠丰都市規劃有限公司		地號無法解析(缺少段小段)	萬華區-雙園段二小段-505地號等77筆	false	929
1188	2013-04-26	102/4/26	萬華區		擬訂臺北市萬華區雙園段二小段505地號等77筆土地都市更新事業計畫及權利變換計畫案	擬訂臺北市萬華區雙園段二小段505地號等77筆土地都市更新事業計畫及權利變換計畫案	517、518、519、520、521、522、523、523-1、524、524-1、525、526、527、527-1、529、529-1、541、541-1、542、542-3、542-4、542-5、542-6、542-12、542-13、542-14、543、544、545、546、547、548、549、550、551、552、553、566、567、568、569、569-1、570、570-2、571、572、573、573-1、573-2、573-3、573-4、573-5、573-6、573	雙園段二小段	505	517|518|519|520|521|522|523|523-1|524|524-1|525|526|527|527-1|529|529-1|541|541-1|542|542-3|542-4|542-5|542-6|542-12|542-13|542-14|543|544|545|546|547|548|549|550|551|552|553|566|567|568|569|569-1|570|570-2|571|572|573|573-1|573-2|573-3|573-4|573-5|573-6		77				擬訂	0	事業計畫、權利變換	三一建設股份有限公司	朱文熙建築師事務所、力冠丰都市規劃有限公司		地號無法解析(缺少段小段)	萬華區-雙園段二小段-505地號等77筆	false	929
56	2026-01-20	115/1/20	萬華區	萬華區	擬訂臺北市萬華區青年段一小段130地號等3筆土地都市更新事業計畫案	擬訂臺北市萬華區青年段一小段130地號等3筆土地都市更新事業計畫案	臺北市萬華區青年段一小段130、131、136地號等3筆土地	青年段一小段	130	130|131|136		3				擬訂	0	事業計畫	臺北市萬華區南機場十三號基地整宅更新地區青年段一小段130地號等3筆土地更新單元都市更新會	聖洪建築師事務所、里成都市更新股份有限公司			萬華區-青年段一小段-130地號等3筆	true	56
572	2021-04-13	110/4/13	萬華區	萬華區	擬訂臺北市萬華區青年段一小段86-4地號1筆土地都市更新事業計畫案	擬訂臺北市萬華區青年段一小段86-4地號1筆土地都市更新事業計畫案	臺北市萬華區青年段一小段86-4地號1筆土地	青年段一小段	86-4	86-4		1				擬訂	0	事業計畫	昇陽建設企業股份有限公司	力冠丰都市規劃有限公司			萬華區-青年段一小段-86-4地號等1筆	true	572
451	2022-05-25	111/5/25	萬華區	萬華區	擬訂臺北市萬華區龍山段一小段335-1地號等17筆土地都市更新事業計畫案	擬訂臺北市萬華區龍山段一小段335-1地號等17筆土地都市更新事業計畫案	臺北市萬華區龍山段一小段335-1、336-1、337、338、339、345、346-1、348-1、356、357、357-1、357-3、358、359、360、361、363等17筆土地	龍山段一小段	335-1	335-1|336-1|337|338|339|345|346-1|348-1|356|357|357-1|357-3|358|359|360|361		17				擬訂	0	事業計畫	佳慶開發建設股份有限公司	新峰都更事業股份有限公司			萬華區-龍山段一小段-335-1地號等17筆	true	451
